candidate_id,status,total_score,num_crossings_total,num_primitives_with_crossing,num_primitives_with_meaningful_jump,theta,a,Delta,omega_bar,k,lam,a_base_score,a_importance_weight,a_weighted_score,a_num_crossings,a_has_crossing,a_has_meaningful_jump,a_interior_crossing,a_clean_gap_slope,a_extra_crossings,a_max_jump,a_max_gap_slope,a_max_gap_change,a_best_crossing_x,a_best_crossing_index_left,Delta_base_score,Delta_importance_weight,Delta_weighted_score,Delta_num_crossings,Delta_has_crossing,Delta_has_meaningful_jump,Delta_interior_crossing,Delta_clean_gap_slope,Delta_extra_crossings,Delta_max_jump,Delta_max_gap_slope,Delta_max_gap_change,Delta_best_crossing_x,Delta_best_crossing_index_left,lam_base_score,lam_importance_weight,lam_weighted_score,lam_num_crossings,lam_has_crossing,lam_has_meaningful_jump,lam_interior_crossing,lam_clean_gap_slope,lam_extra_crossings,lam_max_jump,lam_max_gap_slope,lam_max_gap_change,lam_best_crossing_x,lam_best_crossing_index_left,theta_base_score,theta_importance_weight,theta_weighted_score,theta_num_crossings,theta_has_crossing,theta_has_meaningful_jump,theta_interior_crossing,theta_clean_gap_slope,theta_extra_crossings,theta_max_jump,theta_max_gap_slope,theta_max_gap_change,theta_best_crossing_x,theta_best_crossing_index_left,k_base_score,k_importance_weight,k_weighted_score,k_num_crossings,k_has_crossing,k_has_meaningful_jump,k_interior_crossing,k_clean_gap_slope,k_extra_crossings,k_max_jump,k_max_gap_slope,k_max_gap_change,k_best_crossing_x,k_best_crossing_index_left,omega_bar_base_score,omega_bar_importance_weight,omega_bar_weighted_score,omega_bar_num_crossings,omega_bar_has_crossing,omega_bar_has_meaningful_jump,omega_bar_interior_crossing,omega_bar_clean_gap_slope,omega_bar_extra_crossings,omega_bar_max_jump,omega_bar_max_gap_slope,omega_bar_max_gap_change,omega_bar_best_crossing_x,omega_bar_best_crossing_index_left,error
330,ok,287,7,6,6,2.005696861,0.506908602,0.139425111,0.859823068,0.357842416,0.711914614,22,3,66,1,1,1,1,1,0,0.398911622,0.004157278,0.000276565,0.507415254,6,17,3,51,2,1,1,1,1,1,1.361303473,0.324376668,0.010720924,0.925847458,26,22,3,66,1,1,1,1,1,0,0.303162836,0.002190919,3.71E-05,0.703389831,41,20,2,40,1,1,1,1,0,0,0.301222243,5.00E-05,1.23E-06,1.799576271,30,22,2,44,1,1,1,1,1,0,0.319429796,0.002976243,4.04E-05,0.350847458,18,20,1,20,1,1,1,1,0,0,0.302001039,1.46E-06,4.94E-08,1.906779661,41,
1115,ok,287,6,6,6,1.231605949,1.052370546,0.291093434,2.422821106,0.367955647,0.972217517,22,3,66,1,1,1,1,1,0,0.372373023,0.000660763,4.40E-05,1.039618644,14,22,3,66,1,1,1,1,1,0,0.362940022,0.001170618,3.87E-05,0.297881356,7,17,3,51,1,1,1,0,1,0,0.348243743,0.001011933,1.72E-05,0.974576271,57,20,2,40,1,1,1,1,0,0,0.348278313,4.32E-05,1.06E-06,1.430932203,15,22,2,44,1,1,1,1,1,0,0.358081831,0.001245514,1.69E-05,0.377966102,20,20,1,20,1,1,1,1,0,0,0.347523414,2.67E-05,9.07E-07,1.5,29,
955,ok,274,7,6,6,1.980862206,0.108953849,0.720465723,1.90486213,0.121982186,0.306179467,17,3,51,1,1,1,0,1,0,1.577475995,0.22792801,0.015163007,0.108262712,0,22,3,66,1,1,1,1,1,0,0.64922685,0.005407071,0.000178708,0.727542373,20,22,3,66,1,1,1,1,1,0,0.640157028,0.03326168,0.000563757,0.313559322,18,20,2,40,1,1,1,1,0,0,0.620932274,9.78E-05,2.40E-06,1.775,29,17,2,34,1,1,1,0,1,0,0.662805761,0.023148059,0.000313872,0.120338983,1,17,1,17,2,1,1,1,1,1,0.622280136,0.126540171,0.004289497,1.974576271,43,
459,ok,272,7,6,6,1.240581,1.107836954,0.216256519,1.38708312,0.491383952,0.959081003,22,3,66,1,1,1,1,1,0,0.370324336,0.000660338,4.39E-05,1.106144068,15,17,3,51,2,1,1,1,1,1,1.39545391,0.515521978,0.017038438,1.388559322,40,17,3,51,1,1,1,0,1,0,0.344747676,0.001000036,1.69E-05,0.974576271,57,20,2,40,1,1,1,1,0,0,0.34369628,5.92E-05,1.45E-06,1.406355932,14,22,2,44,1,1,1,1,1,0,0.352312145,0.000954657,1.29E-05,0.5,29,20,1,20,1,1,1,1,0,0,0.34280419,5.29E-05,1.79E-06,0.855932203,10,
1790,ok,272,5,5,5,1.437871423,0.62697498,0.054163241,0.990334757,0.449519214,0.853081496,22,3,66,1,1,1,1,1,0,0.182789263,0.000328132,2.18E-05,0.640466102,8,22,3,66,1,1,1,1,1,0,1.359089204,0.327363002,0.010819625,0.925847458,26,20,3,60,1,1,1,1,0,0,0.117744829,0.000195883,3.32E-06,0.838983051,49,20,2,40,1,1,1,1,0,0,0.116894886,1.04E-05,2.55E-07,1.209745763,6,20,2,40,1,1,1,1,0,0,0.131368691,0.000270525,3.67E-06,0.445762712,25,0,1,0,0,0,0,0,0,0,0,0,0,,,
1893,ok,272,5,5,5,1.902834152,0.632163634,0.052377685,1.458048871,0.479574705,0.800236029,22,3,66,1,1,1,1,1,0,0.156784769,0.000262711,1.75E-05,0.640466102,8,22,3,66,1,1,1,1,1,0,1.374123064,0.589337516,0.019478104,1.28940678,37,20,3,60,1,1,1,1,0,0,0.089715948,0.000153856,2.61E-06,0.788135593,46,20,2,40,1,1,1,1,0,0,0.089317091,6.03E-06,1.48E-07,1.602966102,22,20,2,40,1,1,1,1,0,0,0.102889477,0.000196101,2.66E-06,0.472881356,27,0,1,0,0,0,0,0,0,0,0,0,0,,,
1718,ok,268,9,6,6,1.405684993,0.162318596,1.497045493,2.028756419,0.619191128,0.116546275,17,3,51,1,1,1,0,1,0,2.28577049,0.089419779,0.005948689,0.174788136,1,22,3,66,1,1,1,1,1,0,1.001057044,0.002502888,8.27E-05,1.553813559,45,17,3,51,2,1,1,1,1,1,1.275100956,0.310648542,0.00526523,0.296610169,17,22,2,44,1,1,1,1,1,0,0.954096089,0.000489867,1.20E-05,1.578389831,21,22,2,44,1,1,1,1,1,0,0.969361744,0.005618925,7.62E-05,0.63559322,39,12,1,12,3,1,1,1,1,2,0.949207501,14.56351121,0.493678346,1.737288136,36,
1932,ok,267,6,5,5,2.014305173,0.897027287,0.153228942,1.376891817,0.533651221,0.848769425,22,3,66,1,1,1,1,1,0,0.29240485,0.000944693,6.28E-05,0.906567797,12,17,3,51,2,1,1,1,1,1,1.381935622,0.578732993,0.019127616,1.322457627,38,22,3,66,1,1,1,1,1,0,0.251150355,0.001000239,1.70E-05,0.838983051,49,20,2,40,1,1,1,1,0,0,0.249913293,3.69E-05,9.06E-07,1.775,29,22,2,44,1,1,1,1,1,0,0.263096308,0.000996994,1.35E-05,0.527118644,31,0,1,0,0,0,0,0,0,0,0,0,0,,,
1238,ok,264,5,5,5,2.299506543,0.991331838,1.036771134,2.312724538,0.51597568,0.554398219,22,3,66,1,1,1,1,1,0,0.714925184,0.000683973,4.55E-05,1.970974576,28,22,3,66,1,1,1,1,1,0,0.535006559,0.002847059,9.41E-05,0.628389831,17,22,3,66,1,1,1,1,1,0,0.69929184,0.015058471,0.000255228,0.415254237,24,0,2,0,0,0,0,0,0,0,0,0,0,,,22,2,44,1,1,1,1,1,0,0.727766672,0.00665018,9.02E-05,0.228813559,9,22,1,22,1,1,1,1,1,0,0.698986416,0.240351674,0.008147514,0.788135593,8,
1459,ok,264,5,5,5,1.616598669,0.081055521,0.494989345,2.309583316,0.287819987,0.744426931,22,3,66,1,1,1,1,1,0,0.510934031,0.002103909,0.000139963,0.840042373,11,22,3,66,1,1,1,1,1,0,1.244214634,0.617171238,0.020398032,0.859745763,24,22,3,66,1,1,1,1,1,0,0.368066787,0.015590422,0.000264244,0.144067797,8,0,2,0,0,0,0,0,0,0,0,0,0,,,22,2,44,1,1,1,1,1,0,1.126545764,0.766985503,0.010399803,0.608474576,37,22,1,22,1,1,1,1,1,0,0.703287432,0.262588834,0.008901316,1.161016949,19,
197,ok,260,9,6,6,2.029344687,2.668667072,0.739643717,2.080149104,0.72995238,0.720516335,12,3,36,3,1,1,1,1,2,3.409780515,7.225507286,0.480679934,0.174788136,1,22,3,66,1,1,1,1,1,0,0.624074855,0.00103515,3.42E-05,0.727542373,20,22,3,66,1,1,1,1,1,0,0.616566411,0.001879044,3.18E-05,0.720338983,42,20,2,40,1,1,1,1,0,0,0.612519588,3.75E-05,9.21E-07,1.824152542,31,20,2,40,1,1,1,1,0,0,0.622022539,0.000399205,5.41E-06,0.703389831,44,12,1,12,2,1,1,0,1,1,0.619620241,0.044444061,0.001506578,0.516949153,0,
1601,ok,259,6,5,5,1.289812403,1.367863933,1.868865712,1.338837636,0.113604229,0.9610257,22,3,66,1,1,1,1,1,0,1.485493694,0.232793425,0.015486681,0.706991525,9,22,3,66,1,1,1,1,1,0,0.803041333,0.001753241,5.79E-05,0.727542373,20,22,3,66,1,1,1,1,1,0,1.301040899,0.005937563,0.000100637,0.43220339,25,0,2,0,0,0,0,0,0,0,0,0,0,,,22,2,44,1,1,1,1,1,0,1.467622333,0.289005854,0.003918723,0.215254237,8,17,1,17,2,1,1,1,1,1,1.380124031,31.1542332,1.056075702,1.161016949,19,
650,ok,259,5,5,5,2.33119977,0.705661988,0.683443854,2.241550852,0.453657559,0.596783343,22,3,66,1,1,1,1,1,0,0.593429212,0.002060298,0.000137062,1.172669492,16,22,3,66,1,1,1,1,1,0,0.376934048,0.001842738,6.09E-05,0.363983051,9,22,3,66,1,1,1,1,1,0,0.55307197,0.012117111,0.000205375,0.466101695,27,0,2,0,0,0,0,0,0,0,0,0,0,,,22,2,44,1,1,1,1,1,0,0.591494426,0.008327028,0.000112909,0.255932203,11,17,1,17,1,1,1,0,1,0,0.543750581,0.330429491,0.011201,0.550847458,1,
731,ok,259,5,5,5,1.324110869,0.586839257,0.58884331,2.496206914,0.518513767,0.536769593,22,3,66,1,1,1,1,1,0,0.518951727,0.001901732,0.000126514,0.840042373,11,22,3,66,1,1,1,1,1,0,0.313060936,0.000892515,2.95E-05,0.330932203,8,22,3,66,1,1,1,1,1,0,0.449462778,0.005661456,9.60E-05,0.43220339,25,0,2,0,0,0,0,0,0,0,0,0,0,,,22,2,44,1,1,1,1,1,0,0.495306392,0.004280421,5.80E-05,0.337288136,17,17,1,17,1,1,1,0,1,0,0.461234674,0.145891916,0.004945489,0.516949153,0,
847,ok,259,5,5,5,2.46747892,0.148774438,0.668349167,1.257269257,0.118234817,0.721375234,22,3,66,1,1,1,1,1,0,0.843570208,0.011280141,0.000750416,0.507415254,6,22,3,66,1,1,1,1,1,0,1.383006947,0.581870205,0.019231303,1.190254237,34,22,3,66,1,1,1,1,1,0,0.809807336,0.038865489,0.000658737,0.381355932,22,0,2,0,0,0,0,0,0,0,0,0,0,,,22,2,44,1,1,1,1,1,0,1.264661705,0.614311473,0.008329647,0.377966102,20,17,1,17,1,1,1,0,1,0,0.857486367,0.507271066,0.017195629,0.652542373,4,
1476,ok,259,5,5,5,1.484423917,1.091206778,0.643838597,1.761961869,0.213874448,0.750932464,22,3,66,1,1,1,1,1,0,0.663655349,0.002063245,0.000137258,0.906567797,12,22,3,66,1,1,1,1,1,0,0.700089205,0.003004891,9.93E-05,0.727542373,20,22,3,66,1,1,1,1,1,0,0.642462435,0.004055542,6.87E-05,0.805084746,47,0,2,0,0,0,0,0,0,0,0,0,0,,,22,2,44,1,1,1,1,1,0,0.650372738,0.004683939,6.35E-05,0.269491525,12,17,1,17,1,1,1,0,1,0,0.643999922,0.002409444,8.17E-05,0.584745763,2,
1592,ok,259,5,5,5,1.355366451,0.312855992,0.591199044,1.391932222,0.625955728,0.497330026,22,3,66,1,1,1,1,1,0,0.684710881,0.002272248,0.000151162,0.906567797,12,22,3,66,1,1,1,1,1,0,1.282651581,0.2704605,0.008938949,1.091101695,31,22,3,66,1,1,1,1,1,0,0.609523503,0.011706237,0.000198411,0.245762712,14,0,2,0,0,0,0,0,0,0,0,0,0,,,22,2,44,1,1,1,1,1,0,0.707474274,0.015730457,0.000213294,0.188135593,6,17,1,17,1,1,1,0,1,0,0.725893815,0.198389125,0.006725055,0.686440678,5,
1362,ok,258,8,6,6,1.472105401,0.599677865,0.326754507,1.907888359,0.823357721,0.436670426,17,3,51,2,1,1,1,1,1,3.280279108,0.069173146,0.004601773,0.108262712,0,17,3,51,2,1,1,1,1,1,1.341207281,0.163800177,0.005413735,1.818220339,53,22,3,66,1,1,1,1,1,0,0.302403768,0.000851204,1.44E-05,0.43220339,25,20,2,40,1,1,1,1,0,0,0.301001046,2.49E-05,6.12E-07,1.529237288,19,15,2,30,1,1,1,0,0,0,0.31203863,7.40E-05,1.00E-06,0.838983051,54,20,1,20,1,1,1,1,0,0,0.300628366,5.63E-06,1.91E-07,1.56779661,31,
191,ok,257,8,6,6,1.398652787,0.260527254,0.186953358,0.630632619,0.439773298,0.339899972,17,3,51,1,1,1,0,1,0,0.956473858,0.018420196,0.001225411,0.241313559,2,12,3,36,3,1,1,1,1,2,1.322283717,28.94956128,0.956807534,1.652966102,48,22,3,66,1,1,1,1,1,0,0.449018116,0.005232846,8.87E-05,0.330508475,19,20,2,40,1,1,1,1,0,0,0.443030713,0.000106241,2.61E-06,1.308050847,10,22,2,44,1,1,1,1,1,0,0.467260889,0.002909127,3.94E-05,0.43220339,24,20,1,20,1,1,1,1,0,0,0.444460775,9.75E-06,3.31E-07,1.059322034,16,
169,ok,257,6,5,5,1.094540008,0.855891693,0.11500465,0.776840512,0.676001593,0.767453962,22,3,66,1,1,1,1,1,0,0.305461843,0.00035474,2.36E-05,0.840042373,11,17,3,51,2,1,1,1,1,1,1.293443525,0.178136299,0.005887556,0.793644068,22,20,3,60,1,1,1,1,0,0,0.254717494,0.000374906,6.35E-06,0.805084746,47,20,2,40,1,1,1,1,0,0,0.255484071,3.10E-05,7.61E-07,1.529237288,19,20,2,40,1,1,1,1,0,0,0.255764243,0.00011573,1.57E-06,0.744067797,47,0,1,0,0,0,0,0,0,0,0,0,0,,,
830,ok,254,10,6,6,1.701311563,3.368611994,1.039858338,1.163079133,0.654888873,0.609290987,12,3,36,3,1,1,1,1,2,1.494592878,14.5140349,0.965552322,0.507415254,6,17,3,51,2,1,1,1,1,1,1.467410723,0.080836631,0.002671719,1.818220339,53,22,3,66,1,1,1,1,1,0,1.008136267,0.00423138,7.17E-05,0.601694915,35,20,2,40,1,1,1,1,0,0,0.997029752,6.51E-05,1.60E-06,1.430932203,15,22,2,44,1,1,1,1,1,0,1.011603232,0.000810341,1.10E-05,0.622033898,38,17,1,17,2,1,1,1,1,1,1.023312296,0.041960077,0.001422375,0.652542373,4,
871,ok,254,6,5,5,1.128574306,0.124617203,0.476060995,1.63597456,0.258681018,0.836689705,22,3,66,1,1,1,1,1,0,0.583484282,0.001662658,0.000110609,0.906567797,12,22,3,66,1,1,1,1,1,0,1.267812087,0.549458717,0.018160076,0.826694915,23,22,3,66,1,1,1,1,1,0,0.47966147,0.015561839,0.00026376,0.228813559,13,0,2,0,0,0,0,0,0,0,0,0,0,,,17,2,34,2,1,1,1,1,1,1.199930516,0.341294513,0.004627722,0.622033898,38,22,1,22,1,1,1,1,1,0,0.731410596,0.377497472,0.012796524,0.822033898,9,
981,ok,254,6,5,5,1.720508326,0.102280639,0.473121847,2.275540673,0.237214333,0.911209189,22,3,66,1,1,1,1,1,0,0.513648374,0.001497202,9.96E-05,0.97309322,13,22,3,66,1,1,1,1,1,0,1.278214424,0.854865766,0.028254038,0.925847458,26,22,3,66,1,1,1,1,1,0,0.378202242,0.015123339,0.000256328,0.211864407,12,0,2,0,0,0,0,0,0,0,0,0,0,,,17,2,34,2,1,1,1,1,1,1.194446166,0.4372217,0.00592843,0.676271186,42,22,1,22,1,1,1,1,1,0,0.637523823,0.403903452,0.013691642,0.957627119,13,
1089,ok,254,6,5,5,1.839181764,0.122519673,0.505061927,1.973415232,0.245416238,0.794874281,22,3,66,1,1,1,1,1,0,0.558673486,0.002699292,0.000179572,0.840042373,11,22,3,66,1,1,1,1,1,0,1.281011909,0.897792734,0.029672811,1.025,29,22,3,66,1,1,1,1,1,0,0.445691073,0.018464393,0.000312956,0.228813559,13,0,2,0,0,0,0,0,0,0,0,0,0,,,17,2,34,2,1,1,1,1,1,1.198472927,0.29577934,0.004010567,0.744067797,47,22,1,22,1,1,1,1,1,0,0.641570634,0.436510271,0.014796958,0.822033898,9,
1706,ok,254,6,5,5,2.385354756,0.127616183,0.634576639,1.311348759,0.191330028,0.802851636,22,3,66,1,1,1,1,1,0,0.76585241,0.003356542,0.000223295,0.97309322,13,22,3,66,1,1,1,1,1,0,1.294285003,0.573487609,0.018954251,0.859745763,24,22,3,66,1,1,1,1,1,0,0.761325747,0.04229539,0.000716871,0.262711864,15,0,2,0,0,0,0,0,0,0,0,0,0,,,17,2,34,2,1,1,1,1,1,1.262189267,0.73494,0.009965288,0.323728814,16,22,1,22,1,1,1,1,1,0,0.962034829,0.54266122,0.018395296,0.889830508,11,
730,ok,254,5,5,5,2.334133069,0.951649403,0.889192101,2.292157915,0.496192574,0.66615925,22,3,66,1,1,1,1,1,0,0.667644722,0.000359817,2.39E-05,2.436652542,35,22,3,66,1,1,1,1,1,0,0.40753726,0.00191014,6.31E-05,0.397033898,10,22,3,66,1,1,1,1,1,0,0.64249329,0.012969165,0.000219816,0.449152542,26,0,2,0,0,0,0,0,0,0,0,0,0,,,17,2,34,1,1,1,0,1,0,0.685398088,0.00634832,8.61E-05,0.174576271,5,22,1,22,1,1,1,1,1,0,0.657572771,0.316857197,0.010740922,0.720338983,6,
1526,ok,254,5,5,5,2.196538484,0.441111943,0.932958566,2.306188798,0.293931797,0.582996413,22,3,66,1,1,1,1,1,0,0.694827282,0.001765515,0.000117452,1.172669492,16,22,3,66,1,1,1,1,1,0,0.347603734,0.001881265,6.22E-05,0.330932203,8,22,3,66,1,1,1,1,1,0,0.667950477,0.024267477,0.000411313,0.381355932,22,0,2,0,0,0,0,0,0,0,0,0,0,,,17,2,34,1,1,1,0,1,0,0.707909623,0.011846078,0.000160625,0.106779661,0,22,1,22,1,1,1,1,1,0,0.67658716,0.331281695,0.011229888,0.788135593,8,
1881,ok,254,5,5,5,2.089642673,0.357908355,0.410966391,1.514188592,0.85221903,0.791254229,22,3,66,1,1,1,1,1,0,0.499105971,0.00021147,1.41E-05,1.771398305,25,22,3,66,1,1,1,1,1,0,1.236878473,0.269564131,0.008909323,0.76059322,21,22,3,66,1,1,1,1,1,0,0.398458075,0.002719021,4.61E-05,0.262711864,15,0,2,0,0,0,0,0,0,0,0,0,0,,,17,2,34,1,1,1,0,1,0,0.557446988,0.013257466,0.000179762,0.120338983,1,22,1,22,1,1,1,1,1,0,0.672723911,0.167048218,0.005662651,0.720338983,6,
1597,ok,253,8,6,6,1.41532332,1.309708053,0.181656113,0.733979637,0.686764872,0.967466428,22,3,66,1,1,1,1,1,0,0.440429766,0.000540746,3.60E-05,1.305720339,18,12,3,36,3,1,1,1,1,2,1.439663755,47.55109714,1.571604058,1.917372881,56,17,3,51,1,1,1,0,1,0,0.41189067,0.00089505,1.52E-05,0.957627119,56,20,2,40,1,1,1,1,0,0,0.409068564,5.56E-05,1.37E-06,1.308050847,10,20,2,40,1,1,1,1,0,0,0.421866293,0.000551319,7.48E-06,0.676271186,42,20,1,20,1,1,1,1,0,0,0.41103503,1.09E-05,3.70E-07,1.025423729,15,
288,ok,253,6,5,5,1.501920814,0.627373626,0.220734999,1.467204661,0.703261313,0.541279795,22,3,66,1,1,1,1,1,0,0.375013505,0.001136789,7.56E-05,0.640466102,8,17,3,51,2,1,1,1,1,1,1.354852334,0.223353639,0.007382027,1.388559322,40,22,3,66,1,1,1,1,1,0,0.274598111,0.001109269,1.88E-05,0.516949153,30,15,2,30,1,1,1,0,0,0,0.270229988,3.45E-05,8.47E-07,1.062288136,0,20,2,40,1,1,1,1,0,0,0.29368615,0.000572891,7.77E-06,0.649152542,40,0,1,0,0,0,0,0,0,0,0,0,0,,,
1349,ok,252,6,5,5,2.205053969,0.411924181,0.300381204,1.741471263,0.301370841,0.573341742,17,3,51,1,1,1,0,1,0,0.466753924,0.007680792,0.000510968,0.440889831,5,17,3,51,2,1,1,1,1,1,1.405773917,0.647937794,0.021414893,1.851271186,54,22,3,66,1,1,1,1,1,0,0.35968644,0.005297959,8.98E-05,0.56779661,33,20,2,40,1,1,1,1,0,0,0.355756398,7.19E-05,1.77E-06,1.676694915,25,22,2,44,1,1,1,1,1,0,0.378064357,0.005805852,7.87E-05,0.296610169,14,0,1,0,0,0,0,0,0,0,0,0,0,,,
1182,ok,252,5,5,5,2.118151067,3.352121118,0.662677046,2.487322397,0.668690306,0.8464604,20,3,60,1,1,1,1,0,0,0.562762502,0.000109146,7.26E-06,3.234957627,47,22,3,66,1,1,1,1,1,0,0.569728935,0.00089217,2.95E-05,0.661440678,18,22,3,66,1,1,1,1,1,0,0.560285205,0.001209966,2.05E-05,0.855932203,50,0,2,0,0,0,0,0,0,0,0,0,0,,,20,2,40,1,1,1,1,0,0,0.560055422,0.00020421,2.77E-06,0.716949153,45,20,1,20,1,1,1,1,0,0,0.558230333,3.38E-05,1.14E-06,1.805084746,38,
56,ok,249,6,5,5,2.068245313,0.099280986,0.419495062,2.205238689,0.564283355,0.815510195,22,3,66,1,1,1,1,1,0,0.455272782,0.000719081,4.78E-05,1.50529661,21,17,3,51,2,1,1,1,1,1,1.192687262,0.477880533,0.015794357,0.562288136,15,22,3,66,1,1,1,1,1,0,0.318649554,0.009635933,0.000163321,0.110169492,6,0,2,0,0,0,0,0,0,0,0,0,0,,,22,2,44,1,1,1,1,1,0,1.014801992,0.030661884,0.000415754,0.771186441,49,22,1,22,1,1,1,1,1,0,0.87882634,0.162266167,0.005500548,1.533898305,30,
303,ok,249,6,5,5,1.494924238,0.147352382,0.620681857,1.36466697,0.55749847,0.581709042,22,3,66,1,1,1,1,1,0,0.711754144,0.001880562,0.000125105,1.172669492,16,22,3,66,1,1,1,1,1,0,1.209959269,0.257326021,0.008504843,0.661440678,18,17,3,51,2,1,1,1,1,1,1.212181798,0.416540439,0.007060007,0.63559322,37,0,2,0,0,0,0,0,0,0,0,0,0,,,22,2,44,1,1,1,1,1,0,1.22253766,0.270736957,0.00367101,0.622033898,38,22,1,22,1,1,1,1,1,0,1.167385459,0.173741504,0.005889543,1.262711864,22,
461,ok,249,6,5,5,1.85703209,0.17645703,0.565157567,0.955157609,0.762567484,0.339014976,22,3,66,1,1,1,1,1,0,0.920608692,0.006434086,0.00042803,0.573940678,7,22,3,66,1,1,1,1,1,0,1.197118595,0.100535574,0.003322786,0.661440678,18,17,3,51,2,1,1,1,1,1,1.182643685,0.177464934,0.00300788,0.43220339,25,0,2,0,0,0,0,0,0,0,0,0,0,,,22,2,44,1,1,1,1,1,0,0.903735925,0.027943641,0.000378897,0.188135593,6,22,1,22,1,1,1,1,1,0,1.036212115,0.110438196,0.003743668,0.788135593,8,
1113,ok,249,6,5,5,2.064650842,0.125128912,0.281325827,1.082624203,0.615011779,0.886310351,22,3,66,1,1,1,1,1,0,0.490537378,0.000971122,6.46E-05,1.438771186,20,17,3,51,2,1,1,1,1,1,1.147612766,0.313494502,0.010361259,0.330932203,8,22,3,66,1,1,1,1,1,0,0.396033057,0.007577022,0.000128424,0.127118644,7,0,2,0,0,0,0,0,0,0,0,0,0,,,22,2,44,1,1,1,1,1,0,1.148160526,0.170709673,0.002314707,0.757627119,48,22,1,22,1,1,1,1,1,0,1.040211158,0.190376541,0.006453442,0.923728814,12,
1599,ok,249,6,5,5,2.481277591,0.442105215,0.882588861,0.978746619,0.3797912,0.995093836,22,3,66,1,1,1,1,1,0,1.439298963,1.140342954,0.075861798,0.573940678,7,22,3,66,1,1,1,1,1,0,1.340400467,0.405180405,0.013391556,0.76059322,21,17,3,51,2,1,1,1,1,1,1.354588341,0.457292229,0.007750716,0.805084746,47,0,2,0,0,0,0,0,0,0,0,0,0,,,22,2,44,1,1,1,1,1,0,1.369093573,0.656162943,0.008897125,0.283050847,13,22,1,22,1,1,1,1,1,0,1.581736817,0.507473021,0.017202475,1.161016949,19,
1606,ok,249,6,5,5,2.166714572,1.906818221,1.191686985,0.809674769,0.200194347,0.905600602,22,3,66,1,1,1,1,1,0,1.489254532,0.051416429,0.0034205,1.172669492,16,17,3,51,2,1,1,1,1,1,1.475896027,0.184415406,0.006095085,1.322457627,38,22,3,66,1,1,1,1,1,0,1.417273128,0.012543983,0.00021261,0.584745763,34,0,2,0,0,0,0,0,0,0,0,0,0,,,22,2,44,1,1,1,1,1,0,1.471025411,0.138796993,0.001881993,0.337288136,17,22,1,22,1,1,1,1,1,0,1.405022736,0.317777655,0.010772124,0.720338983,6,
1810,ok,249,6,5,5,1.420571502,0.11410073,0.434487151,1.146643756,0.395208744,0.542653762,22,3,66,1,1,1,1,1,0,0.700447873,0.008365882,0.000556544,0.573940678,7,22,3,66,1,1,1,1,1,0,1.229572272,0.236200356,0.007806622,0.628389831,17,17,3,51,2,1,1,1,1,1,1.194517744,0.43030275,0.007293267,0.889830508,52,0,2,0,0,0,0,0,0,0,0,0,0,,,22,2,44,1,1,1,1,1,0,1.155755086,0.142181923,0.00192789,0.730508475,46,22,1,22,1,1,1,1,1,0,0.822659405,0.261850686,0.008876294,0.720338983,6,
1877,ok,249,6,5,5,2.096662152,0.095332474,0.457933385,2.416697274,0.542719891,0.871857142,22,3,66,1,1,1,1,1,0,0.469738195,0.000449591,2.99E-05,1.837923729,26,17,3,51,2,1,1,1,1,1,1.202615193,0.505338779,0.016701875,0.562288136,15,22,3,66,1,1,1,1,1,0,0.324953864,0.011110978,0.000188322,0.110169492,6,0,2,0,0,0,0,0,0,0,0,0,0,,,22,2,44,1,1,1,1,1,0,1.079265751,0.035854639,0.000486165,0.703389831,44,22,1,22,1,1,1,1,1,0,0.929801966,0.1674764,0.005677166,1.805084746,38,
539,ok,249,5,5,5,1.576741315,0.354994241,1.008821089,2.208499514,0.317068676,0.992578454,17,3,51,1,1,1,0,1,0,2.968412278,18.67709419,1.242501605,0.174788136,1,22,3,66,1,1,1,1,1,0,1.356640858,1.495182856,0.04941706,1.421610169,41,22,3,66,1,1,1,1,1,0,0.711445799,0.027569621,0.000467282,0.313559322,18,0,2,0,0,0,0,0,0,0,0,0,0,,,22,2,44,1,1,1,1,1,0,1.312857313,0.850696388,0.011534866,0.608474576,37,22,1,22,1,1,1,1,1,0,0.975341477,0.434949187,0.01474404,1.398305085,26,
1184,ok,249,5,5,5,1.934205109,0.122873726,1.905023959,0.864768304,0.602477329,0.511759503,17,3,51,1,1,1,0,1,0,1.039935456,8.690829855,0.578161139,0.108262712,0,22,3,66,1,1,1,1,1,0,1.124766571,0.211681826,0.006996264,0.430084746,11,22,3,66,1,1,1,1,1,0,1.038888136,0.122262632,0.002072248,0.550847458,32,0,2,0,0,0,0,0,0,0,0,0,0,,,22,2,44,1,1,1,1,1,0,1.039935455,0.553600937,0.007506453,0.622033898,38,22,1,22,1,1,1,1,1,0,0.915410602,22.74022232,0.770854994,0.720338983,6,
1789,ok,249,5,5,5,2.26049643,0.325356194,1.12198021,1.952100146,0.314149992,0.847696938,17,3,51,1,1,1,0,1,0,1.919754309,5.247541245,0.349094905,0.241313559,2,22,3,66,1,1,1,1,1,0,1.366907813,1.071327209,0.035408272,1.388559322,40,22,3,66,1,1,1,1,1,0,0.842919397,0.045609503,0.000773042,0.279661017,16,0,2,0,0,0,0,0,0,0,0,0,0,,,22,2,44,1,1,1,1,1,0,1.331414644,0.936210992,0.012694386,0.486440678,28,22,1,22,1,1,1,1,1,0,1.106724592,0.406073353,0.013765198,1.466101695,28,
1610,ok,248,7,5,5,1.451957277,0.985030101,0.138700547,0.748947432,0.617170634,0.86385441,22,3,66,1,1,1,1,1,0,0.364282024,0.000751197,5.00E-05,0.97309322,13,12,3,36,3,1,1,1,1,2,1.447394085,50.1312884,1.656881566,1.950423729,57,22,3,66,1,1,1,1,1,0,0.324054095,0.000865883,1.47E-05,0.872881356,51,20,2,40,1,1,1,1,0,0,0.323546161,5.20E-05,1.28E-06,1.602966102,22,20,2,40,1,1,1,1,0,0,0.331482585,0.000563224,7.64E-06,0.63559322,39,0,1,0,0,0,0,0,0,0,0,0,0,,,
1208,ok,248,6,5,5,1.093844999,0.400183722,0.102835914,0.984546341,0.427168019,0.527424993,17,3,51,1,1,1,0,1,0,0.372515031,0.00159282,0.000105963,0.374364407,4,17,3,51,2,1,1,1,1,1,1.349851302,0.202528031,0.006693723,1.025,29,22,3,66,1,1,1,1,1,0,0.190535687,0.00070528,1.20E-05,0.550847458,32,20,2,40,1,1,1,1,0,0,0.194047437,2.39E-05,5.86E-07,2.143644068,44,20,2,40,1,1,1,1,0,0,0.202836949,0.000534853,7.25E-06,0.459322034,26,0,1,0,0,0,0,0,0,0,0,0,0,,,
441,ok,247,6,5,5,1.756357546,0.518692425,0.103690443,1.039167242,0.659717027,0.484736848,22,3,66,1,1,1,1,1,0,0.312418463,0.000849389,5.65E-05,0.507415254,6,17,3,51,2,1,1,1,1,1,1.322585241,0.195704708,0.006468206,1.058050847,30,20,3,60,1,1,1,1,0,0,0.17595241,0.000576718,9.77E-06,0.5,29,15,2,30,1,1,1,0,0,0,0.176914416,1.89E-05,4.64E-07,2.438559322,56,20,2,40,1,1,1,1,0,0,0.18479813,0.000180845,2.45E-06,0.703389831,44,0,1,0,0,0,0,0,0,0,0,0,0,,,
484,ok,244,9,6,6,2.4248812,0.438022326,0.848578379,1.237612882,0.745209883,0.700204164,7,3,21,3,1,1,0,1,2,1.550466537,11.90661788,0.7920928,0.440889831,5,22,3,66,1,1,1,1,1,0,1.256390768,0.34866479,0.011523667,0.859745763,24,17,3,51,2,1,1,1,1,1,1.279215305,0.432713978,0.007334135,0.703389831,41,20,2,40,1,1,1,1,0,0,1.277270716,0.000314064,7.72E-06,1.332627119,11,22,2,44,1,1,1,1,1,0,1.297997787,0.248264573,0.003366299,0.744067797,47,22,1,22,1,1,1,1,1,0,1.298558689,0.248410781,0.008420704,1.228813559,21,
1968,ok,244,9,6,6,1.343536856,2.21753011,0.461356604,0.815453795,0.543746853,0.930065384,12,3,36,3,1,1,1,1,2,3.832241891,7.924096815,0.527153898,0.108262712,0,17,3,51,2,1,1,1,1,1,1.431714856,0.151900462,0.005020439,1.091101695,31,17,3,51,1,1,1,0,1,0,0.783164574,0.003166517,5.37E-05,0.940677966,55,20,2,40,1,1,1,1,0,0,0.781019158,0.000128919,3.17E-06,1.480084746,17,22,2,44,1,1,1,1,1,0,0.786442528,0.001604004,2.17E-05,0.554237288,33,22,1,22,1,1,1,1,1,0,0.781054275,0.000305706,1.04E-05,0.754237288,7,
14,ok,244,6,5,5,1.548579338,2.362490712,1.611941055,1.827590538,0.236840893,0.449331235,17,3,51,2,1,1,1,1,1,2.154448852,2.47144774,0.164414108,0.174788136,1,22,3,66,1,1,1,1,1,0,1.044799312,0.001408098,4.65E-05,1.752118644,51,22,3,66,1,1,1,1,1,0,0.987674381,0.004297212,7.28E-05,0.483050847,28,0,2,0,0,0,0,0,0,0,0,0,0,,,22,2,44,1,1,1,1,1,0,1.003179786,0.001619183,2.20E-05,0.36440678,19,17,1,17,1,1,1,0,1,0,0.705886672,27.9543899,0.947606437,0.618644068,3,
567,ok,244,6,5,5,2.404281954,0.153754893,0.477794631,0.884517711,0.267329601,0.62052779,17,3,51,2,1,1,1,1,1,3.104548339,3.917002633,0.26058026,0.108262712,0,22,3,66,1,1,1,1,1,0,1.260381031,0.339466789,0.011219665,0.694491525,19,22,3,66,1,1,1,1,1,0,0.812912313,0.035732197,0.00060563,0.245762712,14,0,2,0,0,0,0,0,0,0,0,0,0,,,22,2,44,1,1,1,1,1,0,1.214911958,0.313183779,0.00424656,0.513559322,30,17,1,17,1,1,1,0,1,0,0.933453032,0.440038221,0.01491655,0.584745763,2,
1006,ok,244,6,5,5,1.853296074,0.226680427,0.51507778,1.013001298,0.782911565,0.342465523,22,3,66,1,1,1,1,1,0,0.886882147,0.007131038,0.000474395,0.507415254,6,22,3,66,1,1,1,1,1,0,1.21359353,0.110521033,0.003652814,0.793644068,22,17,3,51,2,1,1,1,1,1,1.187412967,0.219877328,0.003726734,0.63559322,37,0,2,0,0,0,0,0,0,0,0,0,0,,,22,2,44,1,1,1,1,1,0,0.790640119,0.019535167,0.000264884,0.255932203,11,17,1,17,1,1,1,0,1,0,0.802299231,0.123905252,0.004200178,0.618644068,3,
1024,ok,244,6,5,5,2.338658332,1.456712425,1.44338649,1.570704767,0.110340149,0.997359968,17,3,51,1,1,1,0,1,0,1.681149628,4.745802514,0.315716523,0.241313559,2,22,3,66,1,1,1,1,1,0,0.747052675,0.002120097,7.01E-05,0.727542373,20,22,3,66,1,1,1,1,1,0,1.009871324,0.004654769,7.89E-05,0.550847458,32,0,2,0,0,0,0,0,0,0,0,0,0,,,22,2,44,1,1,1,1,1,0,1.401052524,0.361765837,0.004905299,0.703389831,44,17,1,17,2,1,1,1,1,1,1.025220302,40.08956049,1.358968152,0.855932203,10,
1037,ok,244,6,5,5,1.243767755,0.117880912,0.386445035,0.826099684,0.357336734,0.556830243,22,3,66,1,1,1,1,1,0,0.823143676,0.011768125,0.00078288,0.507415254,6,22,3,66,1,1,1,1,1,0,1.164814726,0.267861101,0.008853036,0.529237288,14,17,3,51,2,1,1,1,1,1,1.186656673,0.308863502,0.005234975,0.822033898,48,0,2,0,0,0,0,0,0,0,0,0,0,,,22,2,44,1,1,1,1,1,0,1.171302556,0.172137289,0.002334065,0.56779661,34,17,1,17,1,1,1,0,1,0,0.915526851,0.29158574,0.009884262,0.584745763,2,
1060,ok,244,6,5,5,1.619551185,1.102865964,0.957682947,2.087963699,0.30030115,0.626960316,17,3,51,2,1,1,1,1,1,4.16653877,14.16613578,0.942408185,0.108262712,0,22,3,66,1,1,1,1,1,0,0.66338554,0.002912376,9.63E-05,0.793644068,22,22,3,66,1,1,1,1,1,0,0.720361339,0.008652701,0.000146656,0.56779661,33,0,2,0,0,0,0,0,0,0,0,0,0,,,22,2,44,1,1,1,1,1,0,0.735541523,0.004795445,6.50E-05,0.215254237,8,17,1,17,1,1,1,0,1,0,0.712647043,0.161015004,0.005458136,0.652542373,4,
1419,ok,244,6,5,5,1.088042485,2.297143355,0.781233598,2.227593301,0.371860737,0.886955192,17,3,51,2,1,1,1,1,1,5.644884618,23.4233574,1.558248776,0.108262712,0,22,3,66,1,1,1,1,1,0,0.603842427,0.001019181,3.37E-05,0.661440678,18,22,3,66,1,1,1,1,1,0,0.63518183,0.001553052,2.63E-05,0.788135593,46,0,2,0,0,0,0,0,0,0,0,0,0,,,22,2,44,1,1,1,1,1,0,0.655299581,0.000877436,1.19E-05,0.242372881,10,17,1,17,1,1,1,0,1,0,0.639308549,0.097845098,0.003316783,0.516949153,0,
1477,ok,244,6,5,5,1.984472792,0.585265072,1.451584514,2.057351713,0.163096038,0.669562961,17,3,51,1,1,1,0,1,0,3.770166475,28.20507025,1.87635425,0.108262712,0,22,3,66,1,1,1,1,1,0,0.630882974,0.004224946,0.000139638,0.694491525,19,22,3,66,1,1,1,1,1,0,0.913196743,0.020483206,0.000347173,0.398305085,23,0,2,0,0,0,0,0,0,0,0,0,0,,,22,2,44,1,1,1,1,1,0,1.341028697,0.265030179,0.00359363,0.811864407,52,17,1,17,2,1,1,1,1,1,0.932685567,37.67527981,1.277128129,1.025423729,15,
1506,ok,244,6,5,5,1.489778364,0.130409107,0.412333702,0.894215679,0.28970202,0.734901812,17,3,51,2,1,1,1,1,1,3.2879262,3.92238994,0.260938653,0.108262712,0,22,3,66,1,1,1,1,1,0,1.243722779,0.265378243,0.008770976,0.529237288,14,22,3,66,1,1,1,1,1,0,0.719459346,0.025213974,0.000427355,0.228813559,13,0,2,0,0,0,0,0,0,0,0,0,0,,,22,2,44,1,1,1,1,1,0,1.21176182,0.311655632,0.004225839,0.445762712,25,17,1,17,1,1,1,0,1,0,0.976429733,0.379954218,0.012879804,0.652542373,4,
1518,ok,244,6,5,5,1.908413589,0.935005936,1.595339654,1.992986622,0.393094141,0.310009627,17,3,51,2,1,1,1,1,1,4.9610794,15.6073814,1.038287661,0.108262712,0,22,3,66,1,1,1,1,1,0,1.069075806,0.005698819,0.000188351,1.785169492,52,22,3,66,1,1,1,1,1,0,0.989830523,0.025456648,0.000431469,0.330508475,19,0,2,0,0,0,0,0,0,0,0,0,0,,,22,2,44,1,1,1,1,1,0,0.995304672,0.005656362,7.67E-05,0.513559322,30,17,1,17,1,1,1,0,1,0,0.651302924,28.21585479,0.956469654,0.618644068,3,
1694,ok,244,6,5,5,1.540043631,0.088407071,0.295368203,2.236000096,0.369094901,0.710384732,22,3,66,1,1,1,1,1,0,0.387717778,0.002453743,0.000163236,0.640466102,8,17,3,51,2,1,1,1,1,1,1.218864936,0.529895754,0.017513504,0.793644068,22,22,3,66,1,1,1,1,1,0,0.234708291,0.005955743,0.000100945,0.144067797,8,0,2,0,0,0,0,0,0,0,0,0,0,,,22,2,44,1,1,1,1,1,0,0.675774595,0.141609827,0.001920133,0.798305085,51,17,1,17,1,1,1,0,1,0,0.445402039,0.252570092,0.008561698,0.686440678,5,
641,ok,242,7,5,5,1.982285401,0.784161165,0.069487554,0.692671942,0.536423764,0.842111439,22,3,66,1,1,1,1,1,0,0.241397497,0.000644867,4.29E-05,0.773516949,10,12,3,36,3,1,1,1,1,2,1.42164062,49.46427348,1.634836157,1.818220339,53,20,3,60,1,1,1,1,0,0,0.189058998,0.000477372,8.09E-06,0.855932203,50,20,2,40,1,1,1,1,0,0,0.188687286,1.89E-05,4.65E-07,2.315677966,51,20,2,40,1,1,1,1,0,0,0.198720358,0.000518976,7.04E-06,0.540677966,32,0,1,0,0,0,0,0,0,0,0,0,0,,,
212,ok,242,4,4,4,1.437103838,0.682897758,0.163828661,0.872376875,0.488978866,0.889851723,22,3,66,1,1,1,1,1,0,0.389584368,0.001228328,8.17E-05,0.906567797,12,22,3,66,1,1,1,1,1,0,1.328815482,0.316584186,0.010463376,0.826694915,23,22,3,66,1,1,1,1,1,0,0.335277445,0.001685284,2.86E-05,0.720338983,42,0,2,0,0,0,0,0,0,0,0,0,0,,,22,2,44,1,1,1,1,1,0,0.372137035,0.002747336,3.73E-05,0.350847458,18,0,1,0,0,0,0,0,0,0,0,0,0,,,
355,ok,242,4,4,4,2.155739627,2.186650107,0.988273836,2.365558051,0.148567934,0.723779672,22,3,66,1,1,1,1,1,0,0.704639892,0.000368334,2.45E-05,1.438771186,20,22,3,66,1,1,1,1,1,0,0.73801472,0.000928239,3.07E-05,1.091101695,31,22,3,66,1,1,1,1,1,0,0.700102296,0.001470666,2.49E-05,0.788135593,46,0,2,0,0,0,0,0,0,0,0,0,0,,,22,2,44,1,1,1,1,1,0,0.704746613,0.001691881,2.29E-05,0.228813559,9,0,1,0,0,0,0,0,0,0,0,0,0,,,
590,ok,242,4,4,4,2.389163675,1.819765671,0.879011701,1.427282528,0.154056722,0.608315919,22,3,66,1,1,1,1,1,0,0.88245496,0.005453828,0.000362818,0.706991525,9,22,3,66,1,1,1,1,1,0,1.012086045,0.002497124,8.25E-05,1.256355932,36,22,3,66,1,1,1,1,1,0,0.82993609,0.003664563,6.21E-05,0.822033898,48,0,2,0,0,0,0,0,0,0,0,0,0,,,22,2,44,1,1,1,1,1,0,0.845860544,0.004419661,5.99E-05,0.445762712,25,0,1,0,0,0,0,0,0,0,0,0,0,,,
657,ok,242,4,4,4,2.340052916,0.418012633,0.135008883,1.631607302,0.636881123,0.730868531,22,3,66,1,1,1,1,1,0,0.244473273,0.000661277,4.40E-05,0.840042373,11,22,3,66,1,1,1,1,1,0,1.300675901,0.585258566,0.019343292,1.091101695,31,22,3,66,1,1,1,1,1,0,0.160323117,0.000952622,1.61E-05,0.398305085,23,0,2,0,0,0,0,0,0,0,0,0,0,,,22,2,44,1,1,1,1,1,0,0.220470952,0.002231274,3.03E-05,0.283050847,13,0,1,0,0,0,0,0,0,0,0,0,0,,,
936,ok,242,4,4,4,2.079702471,0.341927152,0.119162954,0.971032194,0.524483226,0.769494242,22,3,66,1,1,1,1,1,0,0.294295727,0.001146807,7.63E-05,0.773516949,10,22,3,66,1,1,1,1,1,0,1.253785037,0.355672985,0.011755294,0.694491525,19,22,3,66,1,1,1,1,1,0,0.209782586,0.001526222,2.59E-05,0.381355932,22,0,2,0,0,0,0,0,0,0,0,0,0,,,22,2,44,1,1,1,1,1,0,0.272249955,0.003517459,4.77E-05,0.215254237,8,0,1,0,0,0,0,0,0,0,0,0,0,,,
1042,ok,242,4,4,4,1.879551083,1.100164089,0.353746262,1.730569912,0.451234235,0.694137734,22,3,66,1,1,1,1,1,0,0.465618442,0.00268114,0.000178364,0.840042373,11,22,3,66,1,1,1,1,1,0,0.553182786,0.002849467,9.42E-05,0.496186441,13,22,3,66,1,1,1,1,1,0,0.435231207,0.002934049,4.97E-05,0.805084746,47,0,2,0,0,0,0,0,0,0,0,0,0,,,22,2,44,1,1,1,1,1,0,0.418063902,0.001064027,1.44E-05,0.63559322,39,0,1,0,0,0,0,0,0,0,0,0,0,,,
1223,ok,242,4,4,4,2.214363333,0.497984348,0.460568225,1.691139491,0.483116332,0.697445605,22,3,66,1,1,1,1,1,0,0.545351323,0.002341713,0.000155783,1.106144068,15,22,3,66,1,1,1,1,1,0,1.368897026,0.663114398,0.021916493,1.421610169,41,22,3,66,1,1,1,1,1,0,0.476763597,0.010019992,0.00016983,0.415254237,24,0,2,0,0,0,0,0,0,0,0,0,0,,,22,2,44,1,1,1,1,1,0,0.549039394,0.011477928,0.000155633,0.201694915,7,0,1,0,0,0,0,0,0,0,0,0,0,,,
1673,ok,242,4,4,4,1.168998937,0.356798195,0.274360289,1.512983587,0.570452423,0.59954305,22,3,66,1,1,1,1,1,0,0.412910238,0.0013569,9.03E-05,0.706991525,9,22,3,66,1,1,1,1,1,0,1.297153726,0.378820512,0.012520339,1.15720339,33,22,3,66,1,1,1,1,1,0,0.310878397,0.002666879,4.52E-05,0.36440678,21,0,2,0,0,0,0,0,0,0,0,0,0,,,22,2,44,1,1,1,1,1,0,0.382655952,0.004234389,5.74E-05,0.255932203,11,0,1,0,0,0,0,0,0,0,0,0,0,,,
1788,ok,242,4,4,4,1.739067483,0.718250684,0.161342196,0.916539791,0.614731952,0.875514095,22,3,66,1,1,1,1,1,0,0.364902203,0.000881735,5.87E-05,1.039618644,14,22,3,66,1,1,1,1,1,0,1.324980853,0.271620259,0.00897728,0.793644068,22,22,3,66,1,1,1,1,1,0,0.309144935,0.001454156,2.46E-05,0.652542373,38,0,2,0,0,0,0,0,0,0,0,0,0,,,22,2,44,1,1,1,1,1,0,0.355840907,0.002721378,3.69E-05,0.377966102,20,0,1,0,0,0,0,0,0,0,0,0,0,,,
438,ok,239,11,6,6,2.470127322,3.795551396,1.224174203,0.829981651,0.62008882,0.534036907,12,3,36,3,1,1,1,1,2,1.470310721,19.33110191,1.286009746,1.837923729,26,17,3,51,2,1,1,1,1,1,1.485634761,0.041191707,0.001361421,1.388559322,40,17,3,51,2,1,1,1,1,1,1.463102073,0.064654333,0.001095836,0.940677966,55,20,2,40,1,1,1,1,0,0,1.399225892,9.74E-05,2.39E-06,1.996186441,38,22,2,44,1,1,1,1,1,0,1.418737168,0.001847015,2.50E-05,0.594915254,36,17,1,17,2,1,1,1,1,1,1.417730681,0.008673744,0.000294025,0.754237288,7,
1445,ok,239,6,5,5,2.486439158,1.330485219,1.119721771,1.461663775,0.27682546,0.630200559,17,3,51,2,1,1,1,1,1,2.407249556,10.29684836,0.6850022,0.174788136,1,22,3,66,1,1,1,1,1,0,0.861234561,0.00539387,0.000178272,0.89279661,25,22,3,66,1,1,1,1,1,0,0.956828575,0.015540111,0.000263392,0.533898305,31,0,2,0,0,0,0,0,0,0,0,0,0,,,17,2,34,1,1,1,0,1,0,0.948143175,0.006013073,8.15E-05,0.147457627,3,22,1,22,1,1,1,1,1,0,0.946459399,0.21437662,0.007267004,0.720338983,6,
1870,ok,239,6,5,5,1.192019384,0.231588841,0.445463231,1.950758724,0.807127032,0.51241163,17,3,51,2,1,1,1,1,1,3.322311257,0.167914745,0.0111706,0.108262712,0,22,3,66,1,1,1,1,1,0,1.245644697,0.162633478,0.005375174,1.025,29,22,3,66,1,1,1,1,1,0,0.336557738,0.002005779,3.40E-05,0.194915254,11,0,2,0,0,0,0,0,0,0,0,0,0,,,17,2,34,1,1,1,0,1,0,0.477258356,0.008908111,0.000120788,0.161016949,4,22,1,22,1,1,1,1,1,0,0.528620574,0.090786695,0.003077515,0.720338983,6,
597,ok,239,5,5,5,1.140364902,0.246452707,0.886768934,2.162374773,0.294216087,0.368632109,17,3,51,1,1,1,0,1,0,0.827635298,0.016441732,0.001093793,0.374364407,4,22,3,66,1,1,1,1,1,0,0.39321843,0.001486987,4.91E-05,0.430084746,11,22,3,66,1,1,1,1,1,0,0.649452797,0.023525048,0.00039873,0.279661017,16,0,2,0,0,0,0,0,0,0,0,0,0,,,17,2,34,1,1,1,0,1,0,0.688854929,0.013194571,0.000178909,0.174576271,5,22,1,22,1,1,1,1,1,0,0.638636285,0.163365716,0.005537821,0.754237288,7,
910,ok,238,9,6,6,1.470380257,3.647061219,0.647004921,1.404771219,0.787363392,0.876202669,7,3,21,3,1,1,0,1,2,1.980919738,5.300305348,0.352605059,0.307838983,3,17,3,51,2,1,1,1,1,1,1.441659416,0.126927027,0.004195046,1.851271186,54,22,3,66,1,1,1,1,1,0,0.687065812,0.000717357,1.22E-05,0.872881356,51,20,2,40,1,1,1,1,0,0,0.683249712,1.98E-05,4.87E-07,1.332627119,11,20,2,40,1,1,1,1,0,0,0.692660893,0.000131444,1.78E-06,0.757627119,48,20,1,20,1,1,1,1,0,0,0.685552672,1.60E-05,5.44E-07,1.56779661,31,
829,ok,238,5,5,5,2.016274118,0.090773257,0.182216587,1.282297854,0.697784392,0.098049435,17,3,51,1,1,1,0,1,0,3.531029347,0.012189654,0.000810922,0.108262712,0,22,3,66,1,1,1,1,1,0,1.242065794,0.045947849,0.001518615,1.322457627,38,17,3,51,1,1,1,0,1,0,0.221335749,0.002369421,4.02E-05,0.093220339,5,15,2,30,1,1,1,0,0,0,0.189948617,1.20E-05,2.94E-07,1.062288136,0,20,2,40,1,1,1,1,0,0,0.232010047,0.000370533,5.02E-06,0.608474576,37,0,1,0,0,0,0,0,0,0,0,0,0,,,
483,ok,237,10,6,6,1.922055695,0.806490023,0.34714385,0.616703022,0.696398774,0.550366009,12,3,36,3,1,1,1,1,2,3.950319184,1.896089172,0.126138136,0.108262712,0,12,3,36,3,1,1,1,1,2,1.349417362,32.28368925,1.067003289,1.619915254,47,22,3,66,1,1,1,1,1,0,0.771095295,0.00756079,0.000128149,0.533898305,31,20,2,40,1,1,1,1,0,0,0.734558113,0.000169909,4.18E-06,1.234322034,7,22,2,44,1,1,1,1,1,0,0.787022004,0.003812755,5.17E-05,0.622033898,38,15,1,15,1,1,1,0,0,0,0.755046384,6.11E-06,2.07E-07,2.415254237,56,
668,ok,237,7,5,5,2.369234848,0.113325203,0.52287774,0.923437698,0.494821686,0.126625161,17,3,51,1,1,1,0,1,0,3.77065202,0.332214917,0.022100738,0.108262712,0,17,3,51,2,1,1,1,1,1,1.332882339,0.048510087,0.001603299,1.025,29,17,3,51,2,1,1,1,1,1,1.178838772,0.322649797,0.005468641,0.466101695,27,20,2,40,1,1,1,1,0,0,0.797212754,0.000237846,5.85E-06,1.873305085,33,22,2,44,1,1,1,1,1,0,0.843002172,0.008767034,0.000118875,0.486440678,28,0,1,0,0,0,0,0,0,0,0,0,0,,,
115,ok,236,4,4,4,1.874935406,0.715544744,0.09921447,1.283512244,0.550497822,0.91779266,22,3,66,1,1,1,1,1,0,0.221916746,0.000472403,3.14E-05,0.906567797,12,22,3,66,1,1,1,1,1,0,1.357851925,0.503058835,0.016626521,1.058050847,30,20,3,60,1,1,1,1,0,0,0.168576234,0.00049439,8.38E-06,0.737288136,43,0,2,0,0,0,0,0,0,0,0,0,0,,,22,2,44,1,1,1,1,1,0,0.198893233,0.00090495,1.23E-05,0.405084746,22,0,1,0,0,0,0,0,0,0,0,0,0,,,
142,ok,236,4,4,4,2.044562611,0.305634293,0.097664352,1.48109884,0.68281869,0.534720148,22,3,66,1,1,1,1,1,0,0.243462757,0.000514984,3.43E-05,0.573940678,7,22,3,66,1,1,1,1,1,0,1.279318863,0.31077589,0.010271407,1.025,29,20,3,60,1,1,1,1,0,0,0.115271869,0.000482621,8.18E-06,0.296610169,17,0,2,0,0,0,0,0,0,0,0,0,0,,,22,2,44,1,1,1,1,1,0,0.161528644,0.001024395,1.39E-05,0.310169492,15,0,1,0,0,0,0,0,0,0,0,0,0,,,
885,ok,236,4,4,4,2.143070744,0.534230741,0.107697725,1.770163709,0.719002662,0.796154456,22,3,66,1,1,1,1,1,0,0.194095277,0.000218098,1.45E-05,0.97309322,13,22,3,66,1,1,1,1,1,0,1.314684345,0.570532396,0.018856579,1.15720339,33,20,3,60,1,1,1,1,0,0,0.126671996,0.000360751,6.11E-06,0.483050847,28,0,2,0,0,0,0,0,0,0,0,0,0,,,22,2,44,1,1,1,1,1,0,0.177518194,0.001060562,1.44E-05,0.350847458,18,0,1,0,0,0,0,0,0,0,0,0,0,,,
1367,ok,236,4,4,4,1.754747728,0.335289754,0.053632827,0.787299457,0.286624947,0.969846251,22,3,66,1,1,1,1,1,0,0.218336666,0.000879742,5.85E-05,0.507415254,6,22,3,66,1,1,1,1,1,0,1.307760665,0.359265284,0.011874022,0.661440678,18,20,3,60,1,1,1,1,0,0,0.132948559,0.000431393,7.31E-06,0.669491525,39,0,2,0,0,0,0,0,0,0,0,0,0,,,22,2,44,1,1,1,1,1,0,0.167794899,0.001214621,1.65E-05,0.188135593,6,0,1,0,0,0,0,0,0,0,0,0,0,,,
1568,ok,236,4,4,4,2.217767976,0.337408901,0.068020856,0.863267952,0.677772256,0.950626074,22,3,66,1,1,1,1,1,0,0.195842982,0.000253711,1.69E-05,1.039618644,14,22,3,66,1,1,1,1,1,0,1.199003366,0.28752895,0.009503075,0.463135593,12,20,3,60,1,1,1,1,0,0,0.127427044,0.000430794,7.30E-06,0.330508475,19,0,2,0,0,0,0,0,0,0,0,0,0,,,22,2,44,1,1,1,1,1,0,0.194318627,0.002001038,2.71E-05,0.188135593,6,0,1,0,0,0,0,0,0,0,0,0,0,,,
1731,ok,236,4,4,4,1.714517609,0.348897055,0.051684372,0.799037868,0.56725478,0.815105697,22,3,66,1,1,1,1,1,0,0.191113362,0.000320841,2.13E-05,0.706991525,9,22,3,66,1,1,1,1,1,0,1.265986936,0.205046692,0.006776967,0.529237288,14,20,3,60,1,1,1,1,0,0,0.108112623,0.000283204,4.80E-06,0.398305085,23,0,2,0,0,0,0,0,0,0,0,0,0,,,22,2,44,1,1,1,1,1,0,0.152376278,0.000830071,1.13E-05,0.242372881,10,0,1,0,0,0,0,0,0,0,0,0,0,,,
1888,ok,236,4,4,4,2.387919944,0.315293576,0.059150576,0.796554486,0.681632484,0.811565952,22,3,66,1,1,1,1,1,0,0.186426358,0.000251646,1.67E-05,0.906567797,12,22,3,66,1,1,1,1,1,0,1.195271037,0.241072526,0.007967651,0.463135593,12,20,3,60,1,1,1,1,0,0,0.119482961,0.000389307,6.60E-06,0.313559322,18,0,2,0,0,0,0,0,0,0,0,0,0,,,22,2,44,1,1,1,1,1,0,0.174209935,0.001510218,2.05E-05,0.215254237,8,0,1,0,0,0,0,0,0,0,0,0,0,,,
22,ok,234,7,5,5,1.318084153,0.140240987,0.671206827,1.054480971,0.313186265,0.703509191,17,3,51,2,1,1,1,1,1,2.139776241,2.707943265,0.180147073,0.174788136,1,22,3,66,1,1,1,1,1,0,1.253762949,0.294408152,0.009730439,0.628389831,17,17,3,51,2,1,1,1,1,1,1.26229182,0.419317991,0.007107085,0.652542373,38,0,2,0,0,0,0,0,0,0,0,0,0,,,22,2,44,1,1,1,1,1,0,1.277967176,0.44989175,0.006100227,0.283050847,13,22,1,22,1,1,1,1,1,0,1.371886841,0.30056835,0.010188758,1.127118644,18,
185,ok,234,7,5,5,1.679623632,0.156814694,0.588095177,0.921842625,0.352166629,0.763096765,17,3,51,2,1,1,1,1,1,2.340165183,5.629404426,0.374498515,0.174788136,1,22,3,66,1,1,1,1,1,0,1.231024667,0.287097419,0.009488813,0.529237288,14,17,3,51,2,1,1,1,1,1,1.250352289,0.380653026,0.006451746,0.669491525,39,0,2,0,0,0,0,0,0,0,0,0,0,,,22,2,44,1,1,1,1,1,0,1.271858445,0.466934788,0.006331319,0.296610169,14,22,1,22,1,1,1,1,1,0,1.400707881,0.354731183,0.012024786,1.025423729,15,
199,ok,234,7,5,5,1.740556614,0.148434326,0.995439993,1.122751689,0.214624966,0.599073373,17,3,51,2,1,1,1,1,1,2.015484134,3.814620233,0.253769227,0.174788136,1,22,3,66,1,1,1,1,1,0,1.330812053,0.357600621,0.011819004,0.925847458,26,17,3,51,2,1,1,1,1,1,1.324065735,0.479849783,0.008133047,0.550847458,32,0,2,0,0,0,0,0,0,0,0,0,0,,,22,2,44,1,1,1,1,1,0,1.338828914,0.501963035,0.006806278,0.188135593,6,22,1,22,1,1,1,1,1,0,1.42318993,0.354199207,0.012006753,1.194915254,20,
269,ok,234,7,5,5,2.08318117,0.790508909,1.176282824,1.507410089,0.643697268,0.943306245,17,3,51,2,1,1,1,1,1,1.434243677,4.294037128,0.285662639,0.840042373,11,22,3,66,1,1,1,1,1,0,1.345666292,0.641452672,0.021200554,1.15720339,33,17,3,51,2,1,1,1,1,1,1.35334394,0.728683943,0.012350575,0.923728814,54,0,2,0,0,0,0,0,0,0,0,0,0,,,22,2,44,1,1,1,1,1,0,1.378656491,0.487771902,0.006613856,0.608474576,37,22,1,22,1,1,1,1,1,0,1.390131757,0.316905799,0.010742569,1.533898305,30,
415,ok,234,7,5,5,2.317137635,0.967922169,1.887071739,1.973053408,0.838201986,0.897109161,17,3,51,2,1,1,1,1,1,1.408378452,6.269216739,0.4170623,1.837923729,26,22,3,66,1,1,1,1,1,0,1.35672274,0.538171927,0.017787038,1.421610169,41,17,3,51,2,1,1,1,1,1,1.380127635,0.346604376,0.00587465,0.584745763,34,0,2,0,0,0,0,0,0,0,0,0,0,,,22,2,44,1,1,1,1,1,0,1.426384977,0.759260076,0.010295052,0.43220339,24,22,1,22,1,1,1,1,1,0,0.690454894,26.4632562,0.897059532,0.720338983,6,
473,ok,234,7,5,5,1.28508855,0.223212954,1.994042509,1.851867522,0.706268896,0.954867364,17,3,51,2,1,1,1,1,1,1.431228087,0.685789815,0.045622458,2.303601695,33,22,3,66,1,1,1,1,1,0,1.224354075,0.317559791,0.01049562,0.628389831,17,17,3,51,2,1,1,1,1,1,1.358006982,0.081762124,0.001385799,0.127118644,7,0,2,0,0,0,0,0,0,0,0,0,0,,,22,2,44,1,1,1,1,1,0,1.059671256,0.170277832,0.002308852,0.771186441,49,22,1,22,1,1,1,1,1,0,0.515040784,26.14892725,0.886404313,0.754237288,7,
620,ok,234,7,5,5,2.24783194,0.188172961,0.779692499,1.445488193,0.434226748,0.469035412,17,3,51,2,1,1,1,1,1,4.632420989,13.47123533,0.896179639,0.108262712,0,22,3,66,1,1,1,1,1,0,1.28367678,0.406115872,0.013422474,1.091101695,31,17,3,51,2,1,1,1,1,1,1.268268717,0.719728722,0.012198792,0.737288136,43,0,2,0,0,0,0,0,0,0,0,0,0,,,22,2,44,1,1,1,1,1,0,1.230010096,0.168044499,0.002278569,0.784745763,50,22,1,22,1,1,1,1,1,0,0.960979743,0.262244821,0.008889655,0.991525424,14,
709,ok,234,7,5,5,2.06158905,0.209096618,0.821547283,1.098391963,0.290235234,0.526170665,17,3,51,2,1,1,1,1,1,3.984843178,15.49831782,1.03103216,0.108262712,0,22,3,66,1,1,1,1,1,0,1.322868412,0.381363351,0.012604382,1.025,29,17,3,51,2,1,1,1,1,1,1.311955234,0.566210612,0.00959679,0.737288136,43,0,2,0,0,0,0,0,0,0,0,0,0,,,22,2,44,1,1,1,1,1,0,1.284367876,0.356942862,0.004839903,0.459322034,26,22,1,22,1,1,1,1,1,0,1.111833075,0.370312207,0.012552956,0.855932203,10,
898,ok,234,7,5,5,1.706248149,0.465300681,0.764668019,1.276918752,0.794659404,0.966109161,17,3,51,2,1,1,1,1,1,1.469465795,1.30326538,0.086700282,0.573940678,7,22,3,66,1,1,1,1,1,0,1.251701858,0.313598292,0.010364689,0.694491525,19,17,3,51,2,1,1,1,1,1,1.263614007,0.354843827,0.006014302,0.838983051,49,0,2,0,0,0,0,0,0,0,0,0,0,,,22,2,44,1,1,1,1,1,0,1.300700878,0.421443786,0.005714492,0.649152542,40,22,1,22,1,1,1,1,1,0,1.496321881,0.169435525,0.005743577,1.5,29,
1204,ok,234,7,5,5,1.980099146,0.33223089,0.969092675,1.587120869,0.62739025,0.280267252,22,3,66,1,1,1,1,1,0,1.006486127,0.017096073,0.001137323,0.507415254,6,17,3,51,2,1,1,1,1,1,1.355495786,0.163218333,0.005394504,1.719067797,50,17,3,51,2,1,1,1,1,1,1.296978812,0.619279004,0.010496254,0.703389831,41,0,2,0,0,0,0,0,0,0,0,0,0,,,22,2,44,1,1,1,1,1,0,0.88530099,0.017939217,0.000243244,0.36440678,19,22,1,22,1,1,1,1,1,0,0.82858215,0.120435979,0.004082576,0.855932203,10,
1235,ok,234,7,5,5,1.808063876,0.138893577,0.654713601,0.988731445,0.347189991,0.458671872,17,3,51,2,1,1,1,1,1,3.821566992,7.932325518,0.527701316,0.108262712,0,22,3,66,1,1,1,1,1,0,1.259812584,0.251379714,0.008308313,0.76059322,21,17,3,51,2,1,1,1,1,1,1.260613165,0.365648058,0.006197425,0.56779661,33,0,2,0,0,0,0,0,0,0,0,0,0,,,22,2,44,1,1,1,1,1,0,1.246694514,0.259637306,0.003520506,0.459322034,26,22,1,22,1,1,1,1,1,0,1.10400779,0.29253712,0.009916513,0.822033898,9,
1277,ok,234,7,5,5,1.299563702,2.003604542,1.14338002,1.510127329,0.888168838,0.614657782,17,3,51,2,1,1,1,1,1,2.059913953,1.32309709,0.088019595,0.174788136,1,17,3,51,2,1,1,1,1,1,1.39871435,0.064328656,0.002126117,1.884322034,55,22,3,66,1,1,1,1,1,0,0.879355282,0.001010955,1.71E-05,0.466101695,27,0,2,0,0,0,0,0,0,0,0,0,0,,,22,2,44,1,1,1,1,1,0,0.929691446,0.002113148,2.87E-05,0.242372881,10,22,1,22,1,1,1,1,1,0,0.953893745,0.029564489,0.001002186,0.855932203,10,
1438,ok,234,7,5,5,1.177448007,0.370396392,1.05293408,1.66840374,0.875476603,0.682726817,17,3,51,2,1,1,1,1,1,2.09758428,1.453142565,0.096670925,0.174788136,1,22,3,66,1,1,1,1,1,0,1.248812865,0.164976849,0.005452625,0.925847458,26,17,3,51,2,1,1,1,1,1,1.256878081,0.182616987,0.003095203,0.56779661,33,0,2,0,0,0,0,0,0,0,0,0,0,,,22,2,44,1,1,1,1,1,0,1.308264368,0.311175614,0.00421933,0.676271186,42,22,1,22,1,1,1,1,1,0,1.463231766,0.071584276,0.002426586,1.974576271,43,
1442,ok,234,7,5,5,1.512058147,0.197411883,1.179934338,1.495161003,0.357093681,0.622179456,17,3,51,2,1,1,1,1,1,1.999562037,4.359256062,0.290001357,0.241313559,2,22,3,66,1,1,1,1,1,0,1.313695344,0.441404921,0.014588807,1.025,29,17,3,51,2,1,1,1,1,1,1.315773104,0.572945534,0.009710941,0.516949153,30,0,2,0,0,0,0,0,0,0,0,0,0,,,22,2,44,1,1,1,1,1,0,1.353885256,0.541023448,0.007335911,0.269491525,12,22,1,22,1,1,1,1,1,0,1.544931249,0.224120805,0.007597315,1.771186441,37,
1467,ok,234,7,5,5,1.895903215,0.198362148,1.167716527,1.807898468,0.380383111,0.425350869,17,3,51,2,1,1,1,1,1,4.849268104,17.85404761,1.187748082,0.108262712,0,22,3,66,1,1,1,1,1,0,1.333733803,0.448314636,0.014817179,1.520762712,44,17,3,51,2,1,1,1,1,1,1.317815617,0.822622517,0.013942755,0.618644068,36,0,2,0,0,0,0,0,0,0,0,0,0,,,22,2,44,1,1,1,1,1,0,1.276671446,0.30569125,0.004144966,0.649152542,40,22,1,22,1,1,1,1,1,0,1.054827421,0.222799295,0.007552518,1.330508475,24,
1542,ok,234,7,5,5,1.206501928,0.509891065,1.010051805,1.004528524,0.522521013,0.777697098,17,3,51,2,1,1,1,1,1,1.818985328,17.30158451,1.150995241,0.108262712,0,22,3,66,1,1,1,1,1,0,1.306653402,0.301858377,0.009976675,0.859745763,24,17,3,51,2,1,1,1,1,1,1.344571227,0.226739874,0.003843049,0.584745763,34,0,2,0,0,0,0,0,0,0,0,0,0,,,22,2,44,1,1,1,1,1,0,1.3824581,0.310947339,0.004216235,0.350847458,18,22,1,22,1,1,1,1,1,0,1.602454081,0.282165831,0.009564943,1.228813559,21,
1609,ok,234,7,5,5,1.68175266,0.243578724,0.55197751,0.818484147,0.393427971,0.953599148,17,3,51,2,1,1,1,1,1,1.601071083,1.684733232,0.112077592,0.307838983,3,22,3,66,1,1,1,1,1,0,1.230956133,0.314765177,0.010403256,0.496186441,13,17,3,51,2,1,1,1,1,1,1.269022668,0.350990746,0.005948996,0.822033898,48,0,2,0,0,0,0,0,0,0,0,0,0,,,22,2,44,1,1,1,1,1,0,1.289052621,0.486808064,0.006600787,0.323728814,16,22,1,22,1,1,1,1,1,0,1.43760393,0.452125127,0.015326275,0.923728814,12,
1638,ok,234,7,5,5,1.605094982,0.109586563,0.430967432,0.866262177,0.252702957,0.670944312,22,3,66,1,1,1,1,1,0,0.826201037,0.01142078,0.000759772,0.573940678,7,22,3,66,1,1,1,1,1,0,1.197465115,0.337844612,0.011166051,0.562288136,15,17,3,51,2,1,1,1,1,1,1.228795946,0.394071489,0.006679178,0.923728814,54,0,2,0,0,0,0,0,0,0,0,0,0,,,17,2,34,2,1,1,1,1,1,1.207424131,0.336339336,0.004560533,0.377966102,20,17,1,17,1,1,1,0,1,0,1.00350382,0.37965096,0.012869524,0.652542373,4,
1752,ok,234,7,5,5,1.7131608,0.580497806,0.797523118,1.001151545,0.466536415,0.79099836,12,3,36,3,1,1,1,1,2,3.551503318,17.50200524,1.164328315,0.108262712,0,22,3,66,1,1,1,1,1,0,1.360338036,0.316593031,0.010463668,0.925847458,26,22,3,66,1,1,1,1,1,0,1.042469554,0.031345988,0.000531288,0.36440678,21,0,2,0,0,0,0,0,0,0,0,0,0,,,22,2,44,1,1,1,1,1,0,1.325549643,0.219929946,0.002982101,0.662711864,41,22,1,22,1,1,1,1,1,0,1.187643833,0.414667186,0.014056515,0.822033898,9,
1801,ok,234,7,5,5,2.233423737,0.522043101,1.947123693,1.802085179,0.873420373,0.598226816,17,3,51,2,1,1,1,1,1,1.421365198,2.692261958,0.179103868,1.372245763,19,22,3,66,1,1,1,1,1,0,1.303350165,0.251141473,0.008300439,1.28940678,37,17,3,51,2,1,1,1,1,1,1.317909653,0.179338038,0.003039628,0.313559322,18,0,2,0,0,0,0,0,0,0,0,0,0,,,22,2,44,1,1,1,1,1,0,1.417786943,0.551896125,0.007483337,0.337288136,17,22,1,22,1,1,1,1,1,0,0.693038897,24.31212096,0.824139694,0.754237288,7,
1825,ok,234,7,5,5,2.293525048,0.781642628,1.88037848,1.699319531,0.550985145,0.88353233,17,3,51,2,1,1,1,1,1,1.447413995,28.51449932,1.896939149,1.638347458,23,22,3,66,1,1,1,1,1,0,1.368000765,0.903492291,0.029861186,1.421610169,41,17,3,51,2,1,1,1,1,1,1.405204323,0.470014906,0.007966354,0.550847458,32,0,2,0,0,0,0,0,0,0,0,0,0,,,22,2,44,1,1,1,1,1,0,1.426886392,0.748898858,0.010154561,0.269491525,12,22,1,22,1,1,1,1,1,0,0.808923255,30.54381,1.03538339,0.720338983,6,
443,ok,234,6,5,5,2.30200689,0.420258126,0.835180895,1.663987726,0.5617035,0.962018524,12,3,36,2,1,1,0,1,1,1.981685112,29.30831632,1.949748162,0.307838983,3,22,3,66,1,1,1,1,1,0,1.303706502,0.715567077,0.023650098,0.958898305,27,22,3,66,1,1,1,1,1,0,0.747067136,0.028341843,0.00048037,0.279661017,16,0,2,0,0,0,0,0,0,0,0,0,0,,,22,2,44,1,1,1,1,1,0,1.305443392,0.488870152,0.006628748,0.716949153,45,22,1,22,1,1,1,1,1,0,1.164989583,0.352894907,0.011962539,1.398305085,26,
475,ok,234,6,5,5,1.93925183,0.168778212,0.303720725,2.472443613,0.734683265,0.51478106,17,3,51,2,1,1,1,1,1,3.796212725,0.168010958,0.011177,0.108262712,0,22,3,66,1,1,1,1,1,0,1.238417031,0.376589392,0.012446599,1.091101695,31,22,3,66,1,1,1,1,1,0,0.208255814,0.002541171,4.31E-05,0.161016949,9,0,2,0,0,0,0,0,0,0,0,0,0,,,17,2,34,1,1,1,0,1,0,0.322144784,0.006380913,8.65E-05,0.133898305,2,17,1,17,1,1,1,0,1,0,0.338906721,0.15163893,0.005140303,0.550847458,1,
489,ok,234,6,5,5,1.949956184,0.568923439,1.140839328,1.500445491,0.338537075,0.783296534,17,3,51,1,1,1,0,1,0,1.737740254,3.946756336,0.262559638,0.307838983,3,17,3,51,2,1,1,1,1,1,1.39379235,0.724113623,0.023932569,1.487711864,43,22,3,66,1,1,1,1,1,0,0.996888396,0.037243179,0.00063124,0.347457627,20,0,2,0,0,0,0,0,0,0,0,0,0,,,22,2,44,1,1,1,1,1,0,1.347754374,0.429883781,0.005828933,0.622033898,38,22,1,22,1,1,1,1,1,0,1.124656778,0.406519969,0.013780338,1.093220339,17,
600,ok,234,6,5,5,2.010538328,0.2036473,0.329627007,0.89297238,0.870351893,0.592900294,22,3,66,1,1,1,1,1,0,0.58131774,0.000726825,4.84E-05,0.97309322,13,22,3,66,1,1,1,1,1,0,1.137702331,0.126022114,0.004165138,0.430084746,11,17,3,51,2,1,1,1,1,1,1.151606903,0.111248126,0.001885561,0.805084746,47,0,2,0,0,0,0,0,0,0,0,0,0,,,17,2,34,1,1,1,0,1,0,0.641011281,0.019237018,0.000260841,0.120338983,1,17,1,17,1,1,1,0,1,0,0.894782826,0.116841825,0.00396074,0.652542373,4,
666,ok,234,6,5,5,1.751295595,0.077132717,1.843717651,2.209143343,0.208521623,0.607051658,17,3,51,1,1,1,0,1,0,2.509034343,11.88401454,0.790589103,0.174788136,1,22,3,66,1,1,1,1,1,0,1.284796271,0.729165932,0.024099552,1.15720339,33,17,3,51,2,1,1,1,1,1,1.3292869,0.501327652,0.008497079,0.313559322,18,0,2,0,0,0,0,0,0,0,0,0,0,,,22,2,44,1,1,1,1,1,0,1.09589951,1.274067613,0.017275493,0.36440678,19,22,1,22,1,1,1,1,1,0,0.689046151,27.57977494,0.934907625,0.720338983,6,
879,ok,234,6,5,5,1.955537352,0.141789938,0.804322532,1.12499786,0.173760713,0.497596297,17,3,51,1,1,1,0,1,0,1.056865723,0.021884322,0.001455864,0.440889831,5,22,3,66,1,1,1,1,1,0,1.357482015,0.354380817,0.011712586,1.124152542,32,17,3,51,2,1,1,1,1,1,1.319153838,0.684703365,0.011605142,0.855932203,50,0,2,0,0,0,0,0,0,0,0,0,0,,,22,2,44,1,1,1,1,1,0,1.265778802,0.412363104,0.005591364,0.36440678,19,22,1,22,1,1,1,1,1,0,1.052529605,0.325903404,0.011047573,0.788135593,8,
906,ok,234,6,5,5,1.296859031,0.203385058,0.385230182,1.410774068,0.660288972,0.520846054,17,3,51,2,1,1,1,1,1,4.4704426,0.403694027,0.026855916,0.108262712,0,22,3,66,1,1,1,1,1,0,1.21323083,0.246104087,0.008133949,0.826694915,23,22,3,66,1,1,1,1,1,0,0.408543736,0.005621057,9.53E-05,0.194915254,11,0,2,0,0,0,0,0,0,0,0,0,0,,,17,2,34,1,1,1,0,1,0,0.524671599,0.011794828,0.00015993,0.147457627,3,17,1,17,1,1,1,0,1,0,0.577985577,0.174523314,0.005916045,0.584745763,2,
1101,ok,234,6,5,5,2.063173562,0.175069024,0.335142599,1.412957021,0.823786157,0.523931355,17,3,51,2,1,1,1,1,1,3.311760114,0.284874541,0.0189514,0.108262712,0,22,3,66,1,1,1,1,1,0,1.168512328,0.198217866,0.006551268,0.661440678,18,22,3,66,1,1,1,1,1,0,0.335728508,0.003020299,5.12E-05,0.144067797,8,0,2,0,0,0,0,0,0,0,0,0,0,,,17,2,34,1,1,1,0,1,0,0.479100831,0.013861061,0.000187947,0.133898305,2,17,1,17,1,1,1,0,1,0,0.600116568,0.121969782,0.004134569,0.652542373,4,
1176,ok,234,6,5,5,1.813003654,2.743959647,1.089677596,0.841794795,0.158826324,0.868021283,22,3,66,1,1,1,1,1,0,1.480854075,0.371791247,0.02473357,0.507415254,6,17,3,51,2,1,1,1,1,1,1.493003561,0.09288284,0.003069857,1.487711864,43,22,3,66,1,1,1,1,1,0,1.24596726,0.003870434,6.56E-05,0.720338983,42,0,2,0,0,0,0,0,0,0,0,0,0,,,17,2,34,1,1,1,0,1,0,1.398881286,0.02446937,0.000331788,0.866101695,56,17,1,17,1,1,1,0,1,0,1.270893,0.10523023,0.003567126,0.618644068,3,
1374,ok,234,6,5,5,1.281071166,0.189756339,0.306952296,0.879109475,0.78474986,0.581328678,22,3,66,1,1,1,1,1,0,0.573696761,0.000970627,6.46E-05,0.840042373,11,22,3,66,1,1,1,1,1,0,1.143779205,0.11021519,0.003642705,0.430084746,11,17,3,51,2,1,1,1,1,1,1.149739686,0.12280383,0.002081421,0.889830508,52,0,2,0,0,0,0,0,0,0,0,0,0,,,17,2,34,1,1,1,0,1,0,0.609339605,0.014100657,0.000191195,0.120338983,1,17,1,17,1,1,1,0,1,0,0.823161281,0.119814661,0.004061514,0.584745763,2,
1582,ok,234,6,5,5,1.840320527,0.198280109,1.101616578,1.394319058,0.242158539,0.841678888,17,3,51,1,1,1,0,1,0,1.898134846,6.183372659,0.411351486,0.241313559,2,22,3,66,1,1,1,1,1,0,1.329591042,0.605900769,0.020025534,0.958898305,27,17,3,51,2,1,1,1,1,1,1.334320191,0.781170539,0.013240179,0.703389831,41,0,2,0,0,0,0,0,0,0,0,0,0,,,22,2,44,1,1,1,1,1,0,1.331196743,0.923071983,0.01251623,0.188135593,6,22,1,22,1,1,1,1,1,0,1.533247686,0.365859098,0.012402003,1.63559322,33,
1613,ok,234,6,5,5,2.362298399,0.11673673,0.372039664,0.940227304,0.57224283,0.406853789,22,3,66,1,1,1,1,1,0,0.75109497,0.01301863,0.00086607,0.507415254,6,22,3,66,1,1,1,1,1,0,1.188478826,0.168521051,0.005569764,0.529237288,14,17,3,51,2,1,1,1,1,1,1.166747584,0.264660876,0.004485778,0.652542373,38,0,2,0,0,0,0,0,0,0,0,0,0,,,17,2,34,1,1,1,0,1,0,0.687442894,0.025213342,0.000341876,0.120338983,1,17,1,17,1,1,1,0,1,0,0.833621113,0.187689936,0.006362371,0.618644068,3,
1946,ok,234,6,5,5,1.306935191,0.30051412,0.367070847,2.455514559,0.67755569,0.832808179,17,3,51,2,1,1,1,1,1,4.097504161,0.589507834,0.039217258,0.108262712,0,22,3,66,1,1,1,1,1,0,1.292987097,0.671461348,0.022192367,1.091101695,31,22,3,66,1,1,1,1,1,0,0.26377004,0.00237185,4.02E-05,0.262711864,15,0,2,0,0,0,0,0,0,0,0,0,0,,,17,2,34,1,1,1,0,1,0,0.423966712,0.006401901,8.68E-05,0.106779661,0,17,1,17,1,1,1,0,1,0,0.444505994,0.194461621,0.006591919,0.652542373,4,
1963,ok,234,6,5,5,1.608829875,1.01522227,0.827422928,1.620653522,0.205678189,0.828697493,17,3,51,2,1,1,1,1,1,3.595531736,17.50872482,1.164775337,0.108262712,0,22,3,66,1,1,1,1,1,0,0.65968434,0.003178636,0.000105057,0.595338983,16,22,3,66,1,1,1,1,1,0,0.761461117,0.007301615,0.000123756,0.669491525,39,0,2,0,0,0,0,0,0,0,0,0,0,,,17,2,34,1,1,1,0,1,0,0.781413819,0.005005266,6.79E-05,0.106779661,0,17,1,17,1,1,1,0,1,0,0.750302476,0.305254433,0.010347608,0.550847458,1,
285,ok,234,5,5,5,1.168364504,0.142087734,0.433949817,1.328526592,0.430737841,0.388430955,17,3,51,1,1,1,0,1,0,0.732406968,0.011485436,0.000764074,0.374364407,4,22,3,66,1,1,1,1,1,0,1.261090041,0.239736115,0.007923482,0.991949153,28,22,3,66,1,1,1,1,1,0,0.497903271,0.012894104,0.000218544,0.177966102,10,0,2,0,0,0,0,0,0,0,0,0,0,,,17,2,34,1,1,1,0,1,0,0.581564457,0.013515488,0.000183261,0.147457627,3,17,1,17,1,1,1,0,1,0,0.56190495,0.215954363,0.007320487,0.516949153,0,
1514,ok,234,5,5,5,1.063310875,0.101103265,0.392723101,2.345542177,0.229663801,0.610731221,17,3,51,1,1,1,0,1,0,0.504924076,0.005898063,0.000392371,0.374364407,4,22,3,66,1,1,1,1,1,0,1.310337421,0.722073756,0.02386515,1.322457627,38,22,3,66,1,1,1,1,1,0,0.31252994,0.008468446,0.000143533,0.228813559,13,0,2,0,0,0,0,0,0,0,0,0,0,,,17,2,34,1,1,1,0,1,0,0.833857456,0.163043037,0.002210753,0.879661017,57,17,1,17,1,1,1,0,1,0,0.405833986,0.302366084,0.010249698,0.550847458,1,
1933,ok,234,5,5,5,1.988664617,0.13385862,0.522118607,1.750901596,0.216169572,0.427294293,17,3,51,1,1,1,0,1,0,0.833687786,0.049296037,0.00327944,0.241313559,2,22,3,66,1,1,1,1,1,0,1.359239124,0.473158164,0.015638278,1.586864407,46,22,3,66,1,1,1,1,1,0,0.508184176,0.021574729,0.000365673,0.262711864,15,0,2,0,0,0,0,0,0,0,0,0,0,,,17,2,34,1,1,1,0,1,0,0.570964649,0.018510834,0.000250994,0.106779661,0,17,1,17,1,1,1,0,1,0,0.5173676,0.276818745,0.009383686,0.516949153,0,
263,ok,233,5,5,5,2.22225424,0.150413938,1.031784194,2.43783849,0.186159452,0.456461086,22,3,66,1,1,1,1,1,0,0.754488397,0.008691804,0.000578226,0.507415254,6,15,3,45,1,1,1,0,0,0,0.082209297,0.000143492,4.74E-06,0.066525424,0,22,3,66,1,1,1,1,1,0,0.683280371,0.042785348,0.000725175,0.245762712,14,0,2,0,0,0,0,0,0,0,0,0,0,,,17,2,34,1,1,1,0,1,0,1.23745783,0.217636621,0.002951005,0.825423729,53,22,1,22,1,1,1,1,1,0,0.711470597,0.297800752,0.010094941,0.991525424,14,
1959,ok,232,6,5,5,1.713615617,3.909704102,0.698879469,0.86163783,0.443205534,0.940448427,22,3,66,1,1,1,1,1,0,1.468609424,0.623024188,0.041446948,0.507415254,6,17,3,51,2,1,1,1,1,1,1.476741257,0.1261458,0.004169226,1.355508475,39,17,3,51,1,1,1,0,1,0,0.96305767,0.003342666,5.67E-05,0.906779661,53,0,2,0,0,0,0,0,0,0,0,0,0,,,22,2,44,1,1,1,1,1,0,0.968300417,0.001749062,2.37E-05,0.391525424,21,20,1,20,1,1,1,1,0,0,0.957440274,5.11E-05,1.73E-06,1.466101695,28,
1972,ok,232,6,5,5,1.767387346,0.588557842,0.075964147,2.065509748,0.568092421,0.617000434,22,3,66,1,1,1,1,1,0,0.187963923,0.00029442,1.96E-05,0.573940678,7,12,3,36,2,1,1,0,1,1,1.376269485,0.636088019,0.021023248,1.818220339,53,20,3,60,1,1,1,1,0,0,0.095314158,0.000189116,3.21E-06,0.63559322,37,15,2,30,1,1,1,0,0,0,0.095185064,6.96E-06,1.71E-07,2.487711864,58,20,2,40,1,1,1,1,0,0,0.106245907,0.000122935,1.67E-06,0.594915254,36,0,1,0,0,0,0,0,0,0,0,0,0,,,
39,ok,232,4,4,4,1.456269976,0.406589494,0.071364538,2.144576592,0.259676668,0.993112886,22,3,66,1,1,1,1,1,0,0.179215691,0.00042077,2.80E-05,0.507415254,6,22,3,66,1,1,1,1,1,0,1.388314215,1.462797373,0.048346693,1.619915254,47,20,3,60,1,1,1,1,0,0,0.105661956,0.000214719,3.64E-06,0.855932203,50,0,2,0,0,0,0,0,0,0,0,0,0,,,20,2,40,1,1,1,1,0,0,0.131648515,0.000573726,7.78E-06,0.215254237,8,0,1,0,0,0,0,0,0,0,0,0,0,,,
67,ok,232,4,4,4,1.852286395,0.191866533,0.173081198,1.419927621,0.474850639,0.801606112,22,3,66,1,1,1,1,1,0,0.323098909,0.001491981,9.93E-05,0.773516949,10,22,3,66,1,1,1,1,1,0,1.230023115,0.431674534,0.014267209,0.694491525,19,22,3,66,1,1,1,1,1,0,0.212251665,0.002691325,4.56E-05,0.245762712,14,0,2,0,0,0,0,0,0,0,0,0,0,,,17,2,34,1,1,1,0,1,0,0.314225801,0.006330455,8.58E-05,0.106779661,0,0,1,0,0,0,0,0,0,0,0,0,0,,,
82,ok,232,4,4,4,1.72345974,0.41712997,0.073148718,1.809646897,0.468657405,0.735398457,22,3,66,1,1,1,1,1,0,0.188253991,0.000425463,2.83E-05,0.573940678,7,22,3,66,1,1,1,1,1,0,1.350330798,0.712480274,0.023548077,1.355508475,39,20,3,60,1,1,1,1,0,0,0.093746345,0.000272803,4.62E-06,0.533898305,31,0,2,0,0,0,0,0,0,0,0,0,0,,,20,2,40,1,1,1,1,0,0,0.124933484,0.000494601,6.71E-06,0.310169492,15,0,1,0,0,0,0,0,0,0,0,0,0,,,
381,ok,232,4,4,4,1.603534802,0.154993242,0.12434482,0.933807461,0.689794358,0.504466355,22,3,66,1,1,1,1,1,0,0.333408372,0.000808824,5.38E-05,0.573940678,7,22,3,66,1,1,1,1,1,0,1.138516797,0.188099102,0.006216835,0.496186441,13,22,3,66,1,1,1,1,1,0,0.198794299,0.001169662,1.98E-05,0.161016949,9,0,2,0,0,0,0,0,0,0,0,0,0,,,17,2,34,1,1,1,0,1,0,0.275054764,0.003446702,4.67E-05,0.161016949,4,0,1,0,0,0,0,0,0,0,0,0,0,,,
399,ok,232,4,4,4,1.065698007,0.289981352,0.19629578,1.910948651,0.513282081,0.740390663,22,3,66,1,1,1,1,1,0,0.308768521,0.000799653,5.32E-05,0.706991525,9,22,3,66,1,1,1,1,1,0,1.296506346,0.566445332,0.018721498,1.124152542,32,22,3,66,1,1,1,1,1,0,0.194837969,0.0012878,2.18E-05,0.347457627,20,0,2,0,0,0,0,0,0,0,0,0,0,,,17,2,34,1,1,1,0,1,0,0.281602807,0.002848038,3.86E-05,0.174576271,5,0,1,0,0,0,0,0,0,0,0,0,0,,,
417,ok,232,4,4,4,1.634001798,0.435530032,0.282291809,1.232562418,0.789728904,0.90860932,22,3,66,1,1,1,1,1,0,0.439359637,0.000242705,1.61E-05,1.638347458,23,22,3,66,1,1,1,1,1,0,1.258171497,0.209636418,0.006928661,0.661440678,18,22,3,66,1,1,1,1,1,0,0.348512136,0.001826,3.09E-05,0.347457627,20,0,2,0,0,0,0,0,0,0,0,0,0,,,17,2,34,1,1,1,0,1,0,0.48693587,0.00910545,0.000123464,0.161016949,4,0,1,0,0,0,0,0,0,0,0,0,0,,,
424,ok,232,4,4,4,1.404924311,0.219334058,0.175663879,0.898782008,0.378892412,0.856039862,22,3,66,1,1,1,1,1,0,0.422301828,0.002291587,0.000152449,0.706991525,9,22,3,66,1,1,1,1,1,0,1.231791268,0.327900836,0.010837401,0.562288136,15,22,3,66,1,1,1,1,1,0,0.322478344,0.00386304,6.55E-05,0.330508475,19,0,2,0,0,0,0,0,0,0,0,0,0,,,17,2,34,1,1,1,0,1,0,0.414265855,0.008252308,0.000111896,0.106779661,0,0,1,0,0,0,0,0,0,0,0,0,0,,,
433,ok,232,4,4,4,2.248605567,0.717690526,0.685637877,1.593740568,0.186688654,0.729668402,22,3,66,1,1,1,1,1,0,0.724991004,0.003661305,0.00024357,0.840042373,11,22,3,66,1,1,1,1,1,0,0.685406503,0.005273542,0.000174295,0.628389831,17,22,3,66,1,1,1,1,1,0,0.698349036,0.010516012,0.000178237,0.686440678,40,0,2,0,0,0,0,0,0,0,0,0,0,,,17,2,34,1,1,1,0,1,0,0.719823729,0.011622353,0.000157591,0.161016949,4,0,1,0,0,0,0,0,0,0,0,0,0,,,
457,ok,232,4,4,4,2.209229215,0.379867761,0.060479241,1.921945639,0.470092628,0.738972466,22,3,66,1,1,1,1,1,0,0.168463535,0.000369671,2.46E-05,0.573940678,7,22,3,66,1,1,1,1,1,0,1.340696634,0.856455122,0.028306568,1.355508475,39,20,3,60,1,1,1,1,0,0,0.073403596,0.000222013,3.76E-06,0.483050847,28,0,2,0,0,0,0,0,0,0,0,0,0,,,20,2,40,1,1,1,1,0,0,0.105940708,0.00045093,6.11E-06,0.283050847,13,0,1,0,0,0,0,0,0,0,0,0,0,,,
587,ok,232,4,4,4,1.428132699,0.252792082,0.058532548,2.154511584,0.472968958,0.706855949,22,3,66,1,1,1,1,1,0,0.158155846,0.000169055,1.12E-05,0.573940678,7,22,3,66,1,1,1,1,1,0,1.318518879,0.655027791,0.021649224,1.223305085,35,20,3,60,1,1,1,1,0,0,0.058196348,0.000159431,2.70E-06,0.347457627,20,0,2,0,0,0,0,0,0,0,0,0,0,,,20,2,40,1,1,1,1,0,0,0.09990417,0.000373296,5.06E-06,0.201694915,7,0,1,0,0,0,0,0,0,0,0,0,0,,,
643,ok,232,4,4,4,2.228570403,0.372561896,0.66718065,1.695672136,0.152067005,0.642195621,22,3,66,1,1,1,1,1,0,0.718931729,0.008738352,0.000581323,0.507415254,6,22,3,66,1,1,1,1,1,0,0.592852569,0.005276766,0.000174402,0.529237288,14,22,3,66,1,1,1,1,1,0,0.661930765,0.015988605,0.000270993,0.56779661,33,0,2,0,0,0,0,0,0,0,0,0,0,,,17,2,34,1,1,1,0,1,0,0.696131022,0.018322365,0.000248439,0.120338983,1,0,1,0,0,0,0,0,0,0,0,0,0,,,
773,ok,232,4,4,4,2.328571249,0.171667906,0.231383458,1.024808049,0.565013761,0.54607696,22,3,66,1,1,1,1,1,0,0.473396557,0.004033214,0.000268311,0.640466102,8,22,3,66,1,1,1,1,1,0,1.208283656,0.241740424,0.007989726,0.595338983,16,22,3,66,1,1,1,1,1,0,0.3507731,0.006305114,0.000106866,0.177966102,10,0,2,0,0,0,0,0,0,0,0,0,0,,,17,2,34,1,1,1,0,1,0,0.439509064,0.011384543,0.000154367,0.133898305,2,0,1,0,0,0,0,0,0,0,0,0,0,,,
821,ok,232,4,4,4,1.886292888,0.298373325,0.089004129,1.359701097,0.402849466,0.889111336,22,3,66,1,1,1,1,1,0,0.223236649,0.000875982,5.83E-05,0.640466102,8,22,3,66,1,1,1,1,1,0,1.307397009,0.519647444,0.017174788,0.859745763,24,22,3,66,1,1,1,1,1,0,0.129639799,0.000708914,1.20E-05,0.43220339,25,0,2,0,0,0,0,0,0,0,0,0,0,,,17,2,34,1,1,1,0,1,0,0.187670111,0.001873639,2.54E-05,0.174576271,5,0,1,0,0,0,0,0,0,0,0,0,0,,,
850,ok,232,4,4,4,1.311384905,0.713919237,0.111818791,1.752530898,0.521977042,0.885679944,22,3,66,1,1,1,1,1,0,0.213392525,0.000323732,2.15E-05,0.840042373,11,22,3,66,1,1,1,1,1,0,1.37012706,0.708114846,0.023403796,1.421610169,41,20,3,60,1,1,1,1,0,0,0.161463145,0.000338897,5.74E-06,0.788135593,46,0,2,0,0,0,0,0,0,0,0,0,0,,,20,2,40,1,1,1,1,0,0,0.184564966,0.000501185,6.80E-06,0.43220339,24,0,1,0,0,0,0,0,0,0,0,0,0,,,
866,ok,232,4,4,4,1.309969845,0.204370193,0.428713208,1.005865797,0.33325384,0.535803416,22,3,66,1,1,1,1,1,0,0.761421231,0.010105971,0.000672304,0.507415254,6,22,3,66,1,1,1,1,1,0,1.307063448,0.258802837,0.008553653,0.859745763,24,22,3,66,1,1,1,1,1,0,0.662915236,0.018983142,0.000321748,0.296610169,17,0,2,0,0,0,0,0,0,0,0,0,0,,,17,2,34,1,1,1,0,1,0,0.720670249,0.020012865,0.000271361,0.133898305,2,0,1,0,0,0,0,0,0,0,0,0,0,,,
926,ok,232,4,4,4,2.015387963,0.232662079,0.150605566,0.948880315,0.663881827,0.822086707,22,3,66,1,1,1,1,1,0,0.333375323,0.000725988,4.83E-05,1.039618644,14,22,3,66,1,1,1,1,1,0,1.178189979,0.297353165,0.009827774,0.463135593,12,22,3,66,1,1,1,1,1,0,0.244985515,0.002020007,3.42E-05,0.228813559,13,0,2,0,0,0,0,0,0,0,0,0,0,,,17,2,34,1,1,1,0,1,0,0.348405557,0.006855854,9.30E-05,0.120338983,1,0,1,0,0,0,0,0,0,0,0,0,0,,,
942,ok,232,4,4,4,1.672893927,0.320794634,0.084957885,1.685114137,0.608522554,0.499347508,22,3,66,1,1,1,1,1,0,0.232753329,0.000382415,2.54E-05,0.507415254,6,22,3,66,1,1,1,1,1,0,1.318224885,0.335676631,0.011094397,1.28940678,37,20,3,60,1,1,1,1,0,0,0.096150729,0.000331971,5.63E-06,0.347457627,20,0,2,0,0,0,0,0,0,0,0,0,0,,,20,2,40,1,1,1,1,0,0,0.129233205,0.000457941,6.21E-06,0.377966102,20,0,1,0,0,0,0,0,0,0,0,0,0,,,
1127,ok,232,4,4,4,2.272439263,0.243201192,0.168322448,1.83766274,0.436167871,0.902956832,22,3,66,1,1,1,1,1,0,0.286587187,0.001270116,8.45E-05,0.840042373,11,22,3,66,1,1,1,1,1,0,1.28402481,0.752017014,0.0248548,0.925847458,26,22,3,66,1,1,1,1,1,0,0.178468886,0.002116765,3.59E-05,0.313559322,18,0,2,0,0,0,0,0,0,0,0,0,0,,,17,2,34,1,1,1,0,1,0,0.280402515,0.004720773,6.40E-05,0.106779661,0,0,1,0,0,0,0,0,0,0,0,0,0,,,
1143,ok,232,4,4,4,2.318163019,0.505043698,0.05729423,1.575194968,0.600757746,0.818859372,22,3,66,1,1,1,1,1,0,0.140381784,0.000166622,1.11E-05,0.840042373,11,22,3,66,1,1,1,1,1,0,1.335028447,0.579000303,0.019136451,1.091101695,31,20,3,60,1,1,1,1,0,0,0.079802981,0.000185697,3.15E-06,0.533898305,31,0,2,0,0,0,0,0,0,0,0,0,0,,,20,2,40,1,1,1,1,0,0,0.112215429,0.000440126,5.97E-06,0.337288136,17,0,1,0,0,0,0,0,0,0,0,0,0,,,
1221,ok,232,4,4,4,1.781328077,0.249181425,0.2359108,1.766465323,0.404559743,0.743233155,22,3,66,1,1,1,1,1,0,0.363383918,0.002067797,0.000137561,0.706991525,9,22,3,66,1,1,1,1,1,0,1.31958734,0.639263576,0.021128203,1.091101695,31,22,3,66,1,1,1,1,1,0,0.252488333,0.003715607,6.30E-05,0.330508475,19,0,2,0,0,0,0,0,0,0,0,0,0,,,17,2,34,1,1,1,0,1,0,0.344351462,0.006395272,8.67E-05,0.133898305,2,0,1,0,0,0,0,0,0,0,0,0,0,,,
1226,ok,232,4,4,4,1.734170892,0.133403267,0.186070669,1.244588128,0.621003499,0.553309897,22,3,66,1,1,1,1,1,0,0.360583206,0.001473199,9.80E-05,0.640466102,8,22,3,66,1,1,1,1,1,0,1.170785292,0.228159333,0.007540859,0.562288136,15,22,3,66,1,1,1,1,1,0,0.233642969,0.002678045,4.54E-05,0.144067797,8,0,2,0,0,0,0,0,0,0,0,0,0,,,17,2,34,1,1,1,0,1,0,0.327292429,0.006065309,8.22E-05,0.106779661,0,0,1,0,0,0,0,0,0,0,0,0,0,,,
1236,ok,232,4,4,4,1.715710038,0.408162239,0.152987644,1.016411548,0.616762973,0.975974998,22,3,66,1,1,1,1,1,0,0.331976007,0.000599198,3.99E-05,1.172669492,16,22,3,66,1,1,1,1,1,0,1.266905178,0.281953333,0.009318797,0.595338983,16,22,3,66,1,1,1,1,1,0,0.248877527,0.001546683,2.62E-05,0.398305085,23,0,2,0,0,0,0,0,0,0,0,0,0,,,17,2,34,1,1,1,0,1,0,0.343855011,0.004956145,6.72E-05,0.174576271,5,0,1,0,0,0,0,0,0,0,0,0,0,,,
1407,ok,232,4,4,4,2.34825049,0.304535187,0.437804436,1.870355858,0.415134918,0.629140267,22,3,66,1,1,1,1,1,0,0.518442806,0.004673438,0.000310902,0.773516949,10,22,3,66,1,1,1,1,1,0,1.340147802,0.76505015,0.025285556,1.421610169,41,22,3,66,1,1,1,1,1,0,0.421857853,0.011844988,0.000200763,0.330508475,19,0,2,0,0,0,0,0,0,0,0,0,0,,,17,2,34,1,1,1,0,1,0,0.502173578,0.012933368,0.000175368,0.147457627,3,0,1,0,0,0,0,0,0,0,0,0,0,,,
1605,ok,232,4,4,4,2.297629826,0.197096492,0.108147516,1.042161217,0.709532434,0.867222457,22,3,66,1,1,1,1,1,0,0.249113999,0.000416062,2.77E-05,1.039618644,14,22,3,66,1,1,1,1,1,0,1.162631702,0.242170508,0.008003941,0.397033898,10,22,3,66,1,1,1,1,1,0,0.163169743,0.000994729,1.69E-05,0.194915254,11,0,2,0,0,0,0,0,0,0,0,0,0,,,17,2,34,1,1,1,0,1,0,0.258973908,0.004542504,6.16E-05,0.106779661,0,0,1,0,0,0,0,0,0,0,0,0,0,,,
1719,ok,232,4,4,4,1.618299436,0.215159182,0.20887055,2.336414947,0.696605809,0.564375916,22,3,66,1,1,1,1,1,0,0.284704403,0.00056953,3.79E-05,0.706991525,9,22,3,66,1,1,1,1,1,0,1.260590087,0.43064311,0.01423312,1.15720339,33,22,3,66,1,1,1,1,1,0,0.15761683,0.001172389,1.99E-05,0.211864407,12,0,2,0,0,0,0,0,0,0,0,0,0,,,17,2,34,1,1,1,0,1,0,0.249729246,0.003182003,4.31E-05,0.174576271,5,0,1,0,0,0,0,0,0,0,0,0,0,,,
1764,ok,232,4,4,4,1.4120228,0.433193294,0.064708349,1.521517894,0.519289731,0.82365188,22,3,66,1,1,1,1,1,0,0.165602175,0.000210034,1.40E-05,0.706991525,9,22,3,66,1,1,1,1,1,0,1.325986178,0.524861686,0.017347124,1.058050847,30,20,3,60,1,1,1,1,0,0,0.09082835,0.00019778,3.35E-06,0.533898305,31,0,2,0,0,0,0,0,0,0,0,0,0,,,20,2,40,1,1,1,1,0,0,0.126875953,0.000453298,6.15E-06,0.296610169,14,0,1,0,0,0,0,0,0,0,0,0,0,,,
1830,ok,232,4,4,4,1.863207152,0.367818839,0.057657472,0.819800544,0.714235125,0.561862375,22,3,66,1,1,1,1,1,0,0.234381986,0.000292963,1.95E-05,0.573940678,7,22,3,66,1,1,1,1,1,0,1.219449399,0.197175424,0.006516815,0.661440678,18,20,3,60,1,1,1,1,0,0,0.112274343,0.000237066,4.02E-06,0.36440678,21,0,2,0,0,0,0,0,0,0,0,0,0,,,20,2,40,1,1,1,1,0,0,0.147703505,0.000506179,6.86E-06,0.391525424,21,0,1,0,0,0,0,0,0,0,0,0,0,,,
1860,ok,232,4,4,4,1.684990337,0.386477019,0.363466158,1.482989155,0.243137486,0.92462659,22,3,66,1,1,1,1,1,0,0.530069053,0.002419321,0.000160946,0.840042373,11,22,3,66,1,1,1,1,1,0,1.385851711,0.79649658,0.026324887,1.28940678,37,22,3,66,1,1,1,1,1,0,0.46255158,0.007201047,0.000122052,0.584745763,34,0,2,0,0,0,0,0,0,0,0,0,0,,,17,2,34,1,1,1,0,1,0,0.532962767,0.009844209,0.000133481,0.106779661,0,0,1,0,0,0,0,0,0,0,0,0,0,,,
1889,ok,232,4,4,4,1.354511171,0.265165984,0.121910859,1.330403048,0.467705847,0.732151671,22,3,66,1,1,1,1,1,0,0.26745952,0.000816129,5.43E-05,0.640466102,8,22,3,66,1,1,1,1,1,0,1.267756237,0.424218552,0.014020783,0.859745763,24,22,3,66,1,1,1,1,1,0,0.164806841,0.001026587,1.74E-05,0.347457627,20,0,2,0,0,0,0,0,0,0,0,0,0,,,17,2,34,1,1,1,0,1,0,0.229819266,0.002238787,3.04E-05,0.174576271,5,0,1,0,0,0,0,0,0,0,0,0,0,,,
448,ok,229,8,5,5,1.376839483,2.049545397,1.393884498,1.531981428,0.130764241,0.578535854,17,3,51,2,1,1,1,1,1,3.010905021,11.68635982,0.777440039,0.108262712,0,22,3,66,1,1,1,1,1,0,1.023562683,0.001030404,3.41E-05,1.421610169,41,22,3,66,1,1,1,1,1,0,0.996495596,0.002333729,3.96E-05,0.584745763,34,0,2,0,0,0,0,0,0,0,0,0,0,,,17,2,34,1,1,1,0,1,0,1.011508336,0.001564871,2.12E-05,0.147457627,3,12,1,12,3,1,1,1,1,2,1.005152354,26.68059099,0.904426813,0.788135593,8,
589,ok,229,8,5,5,1.307982333,0.187231859,1.813313589,2.160584965,0.230891364,0.327499124,17,3,51,2,1,1,1,1,1,3.472071137,5.732606298,0.381364063,0.108262712,0,22,3,66,1,1,1,1,1,0,0.484313755,0.002607886,8.62E-05,0.562288136,15,17,3,51,2,1,1,1,1,1,1.372275479,0.911836754,0.01545486,0.550847458,32,0,2,0,0,0,0,0,0,0,0,0,0,,,22,2,44,1,1,1,1,1,0,1.3316336,0.34153513,0.004630985,0.486440678,28,17,1,17,2,1,1,1,1,1,1.0911661,27.12690144,0.919555981,1.533898305,30,
1066,ok,229,8,5,5,1.618644213,2.040276823,1.310989669,1.293553519,0.49891827,0.498129405,12,3,36,3,1,1,1,1,2,3.058356603,14.66929444,0.975881028,0.108262712,0,22,3,66,1,1,1,1,1,0,1.072261866,0.003596052,0.000118853,1.190254237,34,22,3,66,1,1,1,1,1,0,1.120414041,0.011899999,0.000201695,0.466101695,27,0,2,0,0,0,0,0,0,0,0,0,0,,,22,2,44,1,1,1,1,1,0,1.114438615,0.003373692,4.57E-05,0.36440678,19,17,1,17,2,1,1,1,1,1,1.104788378,26.52493798,0.89915044,0.822033898,9,
1104,ok,229,8,5,5,2.496054973,1.366969003,1.608273779,2.412830443,0.871097113,0.418697239,12,3,36,3,1,1,1,1,2,2.43309992,3.61614838,0.240565803,0.174788136,1,22,3,66,1,1,1,1,1,0,0.663708114,0.000750912,2.48E-05,1.058050847,30,22,3,66,1,1,1,1,1,0,0.845354056,0.005601059,9.49E-05,0.330508475,19,0,2,0,0,0,0,0,0,0,0,0,0,,,22,2,44,1,1,1,1,1,0,0.878902999,0.004850071,6.58E-05,0.283050847,13,17,1,17,2,1,1,1,1,1,0.874596382,25.31934014,0.858282717,1.194915254,20,
1470,ok,229,8,5,5,2.418151742,0.691981315,1.784122999,1.506711978,0.355198015,0.621527604,22,3,66,1,1,1,1,1,0,1.492874232,0.399110405,0.026550989,0.706991525,9,17,3,51,2,1,1,1,1,1,1.422196698,0.549494933,0.018161273,1.785169492,52,17,3,51,2,1,1,1,1,1,1.427386237,0.44950237,0.007618684,0.618644068,36,0,2,0,0,0,0,0,0,0,0,0,0,,,22,2,44,1,1,1,1,1,0,1.43542165,0.402028777,0.005451238,0.350847458,18,17,1,17,2,1,1,1,1,1,1.438756054,35.24106384,1.194612334,1.5,29,
1772,ok,229,8,5,5,2.480408325,3.089836458,1.351116069,0.847274323,0.322811802,0.887430162,22,3,66,1,1,1,1,1,0,1.491480798,0.009377651,0.000623852,2.769279661,40,17,3,51,2,1,1,1,1,1,1.474342508,0.182107465,0.006018806,1.388559322,40,17,3,51,2,1,1,1,1,1,1.489431555,0.053125863,0.000900438,0.957627119,56,0,2,0,0,0,0,0,0,0,0,0,0,,,22,2,44,1,1,1,1,1,0,1.48937656,0.08090935,0.001097076,0.36440678,19,17,1,17,2,1,1,1,1,1,1.491375781,37.79770037,1.281277979,0.822033898,9,
1984,ok,229,8,5,5,1.404023178,0.367159153,1.46402915,1.196054987,0.631002067,0.499929027,17,3,51,2,1,1,1,1,1,1.442286599,11.90777557,0.792169815,0.906567797,12,22,3,66,1,1,1,1,1,0,1.294951509,0.223375497,0.007382749,1.025,29,17,3,51,2,1,1,1,1,1,1.462261131,0.093298006,0.001581322,0.194915254,11,0,2,0,0,0,0,0,0,0,0,0,0,,,22,2,44,1,1,1,1,1,0,1.414591825,0.256704454,0.003480738,0.255932203,11,17,1,17,2,1,1,1,1,1,1.923623127,25.04446148,0.848964796,1.838983051,39,
220,ok,229,7,5,5,1.976256267,1.096530711,0.829724527,1.737510264,0.776178129,0.461920717,12,3,36,3,1,1,1,1,2,3.009303481,2.304978852,0.153339695,0.174788136,1,22,3,66,1,1,1,1,1,0,0.665946051,0.001554498,5.14E-05,0.76059322,21,22,3,66,1,1,1,1,1,0,0.684211112,0.005891429,9.99E-05,0.43220339,25,0,2,0,0,0,0,0,0,0,0,0,0,,,22,2,44,1,1,1,1,1,0,0.713077133,0.002357664,3.20E-05,0.63559322,39,17,1,17,1,1,1,0,1,0,0.673568269,0.121269836,0.004110842,0.618644068,3,
357,ok,229,7,5,5,2.022691793,0.486376001,1.734843665,2.492019012,0.674202993,0.677112161,17,3,51,2,1,1,1,1,1,1.670418073,20.36617283,1.354868278,0.507415254,6,22,3,66,1,1,1,1,1,0,1.352171873,0.761457818,0.025166826,1.652966102,48,17,3,51,2,1,1,1,1,1,1.35245237,0.988827063,0.016759781,0.63559322,37,0,2,0,0,0,0,0,0,0,0,0,0,,,22,2,44,1,1,1,1,1,0,1.375275635,0.651986426,0.008840494,0.608474576,37,17,1,17,1,1,1,0,1,0,0.630688671,26.9206037,0.912562837,0.652542373,4,
418,ok,229,7,5,5,1.749273319,0.185421702,0.431283509,1.204426126,0.785861651,0.384305428,17,3,51,2,1,1,1,1,1,3.634978467,0.28643938,0.019055501,0.108262712,0,22,3,66,1,1,1,1,1,0,1.197607026,0.125985227,0.004163919,0.76059322,21,17,3,51,2,1,1,1,1,1,1.166978051,0.246642956,0.004180389,0.805084746,47,0,2,0,0,0,0,0,0,0,0,0,0,,,22,2,44,1,1,1,1,1,0,0.611220162,0.015269711,0.000207047,0.188135593,6,17,1,17,1,1,1,0,1,0,0.666831279,0.127650095,0.004327122,0.618644068,3,
495,ok,229,7,5,5,1.965329232,1.795228238,0.98656161,2.387988006,0.597406228,0.663690491,12,3,36,3,1,1,1,1,2,3.28666352,10.76595471,0.716209699,0.174788136,1,22,3,66,1,1,1,1,1,0,0.570953544,0.001665083,5.50E-05,0.694491525,19,22,3,66,1,1,1,1,1,0,0.669396294,0.005476927,9.28E-05,0.533898305,31,0,2,0,0,0,0,0,0,0,0,0,0,,,22,2,44,1,1,1,1,1,0,0.698388654,0.002366366,3.21E-05,0.269491525,12,17,1,17,1,1,1,0,1,0,0.662415641,0.231020486,0.007831203,0.686440678,5,
541,ok,229,7,5,5,2.365259887,0.229483317,0.344234391,0.62924983,0.423165014,0.87676983,17,3,51,2,1,1,1,1,1,2.302186513,4.93916153,0.328579814,0.174788136,1,17,3,51,2,1,1,1,1,1,1.468526977,46.86790243,1.549023894,1.652966102,48,22,3,66,1,1,1,1,1,0,0.807667585,0.023854516,0.000404314,0.262711864,15,0,2,0,0,0,0,0,0,0,0,0,0,,,22,2,44,1,1,1,1,1,0,1.220572457,0.282932912,0.003836378,0.527118644,31,17,1,17,1,1,1,0,1,0,1.163478695,0.432454592,0.014659478,0.550847458,1,
591,ok,229,7,5,5,1.847669864,0.183708661,0.508112286,0.714828191,0.200526766,0.971862978,17,3,51,2,1,1,1,1,1,1.876304757,3.708596844,0.246715976,0.174788136,1,17,3,51,2,1,1,1,1,1,1.496907858,60.97856906,2.015393384,1.884322034,55,22,3,66,1,1,1,1,1,0,1.037062394,0.043043358,0.000729548,0.347457627,20,0,2,0,0,0,0,0,0,0,0,0,0,,,22,2,44,1,1,1,1,1,0,1.273260145,0.554914663,0.007524267,0.228813559,9,17,1,17,1,1,1,0,1,0,1.237520384,0.684154771,0.023191687,0.652542373,4,
700,ok,229,7,5,5,2.038187506,2.315334002,0.938115952,0.86642486,0.394571373,0.714733412,17,3,51,2,1,1,1,1,1,1.458650507,0.440845278,0.029327419,0.573940678,7,17,3,51,2,1,1,1,1,1,1.478144399,0.130083645,0.004299375,1.355508475,39,22,3,66,1,1,1,1,1,0,1.18629308,0.012334503,0.000209059,0.63559322,37,0,2,0,0,0,0,0,0,0,0,0,0,,,22,2,44,1,1,1,1,1,0,1.164427928,0.005049052,6.85E-05,0.242372881,10,17,1,17,1,1,1,0,1,0,1.160363762,0.198224,0.006719458,0.584745763,2,
767,ok,229,7,5,5,1.336356887,0.577421269,0.442766008,0.952574386,0.885639037,0.772197233,12,3,36,3,1,1,1,1,2,1.758567601,1.562431276,0.103941403,0.307838983,3,22,3,66,1,1,1,1,1,0,1.256772453,0.060820204,0.002010159,0.661440678,18,22,3,66,1,1,1,1,1,0,0.59766613,0.001338631,2.27E-05,0.381355932,22,0,2,0,0,0,0,0,0,0,0,0,0,,,22,2,44,1,1,1,1,1,0,0.740970073,0.011736001,0.000159132,0.188135593,6,17,1,17,1,1,1,0,1,0,0.856480339,0.078713288,0.002668247,0.584745763,2,
812,ok,229,7,5,5,2.278178431,0.307456849,0.761533849,1.025766587,0.226421504,0.370892163,17,3,51,1,1,1,0,1,0,1.257104316,0.069611013,0.004630902,0.307838983,3,17,3,51,2,1,1,1,1,1,1.454169752,0.148783371,0.004917416,1.355508475,39,22,3,66,1,1,1,1,1,0,1.037829296,0.049192469,0.000833771,0.381355932,22,0,2,0,0,0,0,0,0,0,0,0,0,,,22,2,44,1,1,1,1,1,0,1.044240369,0.032692727,0.000443291,0.228813559,9,17,1,17,2,1,1,1,1,1,1.016347021,0.117929342,0.003997605,0.923728814,12,
833,ok,229,7,5,5,2.07784722,3.052154052,0.836505364,1.270280377,0.886665489,0.839800133,17,3,51,2,1,1,1,1,1,1.588872272,3.511632115,0.233612814,0.174788136,1,17,3,51,2,1,1,1,1,1,1.401480011,0.139441982,0.004608676,1.619915254,47,22,3,66,1,1,1,1,1,0,0.820656794,0.001055543,1.79E-05,0.669491525,39,0,2,0,0,0,0,0,0,0,0,0,0,,,22,2,44,1,1,1,1,1,0,0.864203613,0.002169942,2.94E-05,0.283050847,13,17,1,17,1,1,1,0,1,0,0.845541133,0.136868756,0.004639619,0.584745763,2,
841,ok,229,7,5,5,1.573123616,2.443431015,0.791480487,0.956398522,0.740202598,0.833442003,17,3,51,2,1,1,1,1,1,1.388518569,6.806959697,0.452835878,0.706991525,9,17,3,51,2,1,1,1,1,1,1.402200645,0.154102778,0.005093227,1.256355932,36,22,3,66,1,1,1,1,1,0,0.965862625,0.003872672,6.56E-05,0.63559322,37,0,2,0,0,0,0,0,0,0,0,0,0,,,22,2,44,1,1,1,1,1,0,0.988106593,0.003225495,4.37E-05,0.255932203,11,17,1,17,1,1,1,0,1,0,1.032523182,0.105601677,0.003579718,0.584745763,2,
1040,ok,229,7,5,5,2.06788451,2.525503197,0.735724653,0.896571044,0.734133186,0.84095849,17,3,51,2,1,1,1,1,1,1.393756467,10.52825338,0.700396517,0.706991525,9,17,3,51,2,1,1,1,1,1,1.412722111,0.162207968,0.005361111,1.190254237,34,22,3,66,1,1,1,1,1,0,0.975929218,0.005453309,9.24E-05,0.669491525,39,0,2,0,0,0,0,0,0,0,0,0,0,,,22,2,44,1,1,1,1,1,0,0.99361849,0.004524816,6.14E-05,0.310169492,15,17,1,17,1,1,1,0,1,0,0.98141637,0.228864691,0.007758125,0.516949153,0,
1133,ok,229,7,5,5,2.285251839,1.668469008,0.820377506,1.97899569,0.653008885,0.638661123,12,3,36,3,1,1,1,1,2,3.134408626,7.787529353,0.51806869,0.174788136,1,22,3,66,1,1,1,1,1,0,0.601833317,0.002123711,7.02E-05,0.661440678,18,22,3,66,1,1,1,1,1,0,0.66369159,0.006225805,0.000105522,0.56779661,33,0,2,0,0,0,0,0,0,0,0,0,0,,,22,2,44,1,1,1,1,1,0,0.687079618,0.003372727,4.57E-05,0.43220339,24,17,1,17,1,1,1,0,1,0,0.651883269,0.212091418,0.00718954,0.584745763,2,
1341,ok,229,7,5,5,2.144725712,0.444529915,0.693007186,1.645023837,0.863151815,0.360960042,17,3,51,2,1,1,1,1,1,2.803752252,0.433705053,0.028852412,0.108262712,0,17,3,51,2,1,1,1,1,1,1.30340525,0.13502019,0.004462532,1.553813559,45,22,3,66,1,1,1,1,1,0,0.582112635,0.005098977,8.64E-05,0.262711864,15,0,2,0,0,0,0,0,0,0,0,0,0,,,22,2,44,1,1,1,1,1,0,0.675667478,0.010405912,0.000141097,0.418644068,23,17,1,17,1,1,1,0,1,0,0.615113117,0.109085597,0.003697817,0.652542373,4,
1763,ok,229,7,5,5,1.688584141,0.481176577,0.741981942,1.21633509,0.718603343,0.336073306,22,3,66,1,1,1,1,1,0,0.91463657,0.00599569,0.000398866,0.640466102,8,17,3,51,2,1,1,1,1,1,1.344412767,0.10672475,0.003527343,1.355508475,39,17,3,51,2,1,1,1,1,1,1.282394803,0.400448683,0.006787266,0.906779661,53,0,2,0,0,0,0,0,0,0,0,0,0,,,22,2,44,1,1,1,1,1,0,0.859116155,0.008611282,0.000116763,0.5,29,17,1,17,1,1,1,0,1,0,0.831201633,0.063618785,0.002156569,0.652542373,4,
1770,ok,229,7,5,5,2.085426025,1.396477652,0.954155522,1.083832283,0.415755838,0.636779854,17,3,51,2,1,1,1,1,1,1.586705644,0.872718646,0.058057978,0.374364407,4,17,3,51,2,1,1,1,1,1,1.445659305,0.25610649,0.008464537,1.553813559,45,22,3,66,1,1,1,1,1,0,1.060288342,0.018835724,0.00031925,0.516949153,30,0,2,0,0,0,0,0,0,0,0,0,0,,,22,2,44,1,1,1,1,1,0,1.052853043,0.009192202,0.00012464,0.228813559,9,17,1,17,1,1,1,0,1,0,1.046262821,0.227372347,0.007707537,0.652542373,4,
1884,ok,229,7,5,5,1.662716206,0.813818206,0.509359225,0.996989939,0.798820116,0.85465311,12,3,36,3,1,1,1,1,2,1.891120325,5.911822316,0.393286485,0.307838983,3,22,3,66,1,1,1,1,1,0,1.28301319,0.230524572,0.007619032,0.826694915,23,22,3,66,1,1,1,1,1,0,0.683627598,0.004272486,7.24E-05,0.449152542,26,0,2,0,0,0,0,0,0,0,0,0,0,,,22,2,44,1,1,1,1,1,0,0.787297997,0.011674919,0.000158304,0.188135593,6,17,1,17,1,1,1,0,1,0,0.885902382,0.151287163,0.005128378,0.584745763,2,
617,ok,229,6,5,5,1.4634904,1.494097966,0.927979054,0.845175658,0.199876151,0.934481178,17,3,51,1,1,1,0,1,0,1.484057132,0.625822278,0.041633092,0.440889831,5,17,3,51,2,1,1,1,1,1,1.479188137,0.170985117,0.005651203,1.28940678,37,22,3,66,1,1,1,1,1,0,1.18544567,0.009532756,0.000161572,0.669491525,39,0,2,0,0,0,0,0,0,0,0,0,0,,,22,2,44,1,1,1,1,1,0,1.381923471,0.11010284,0.00149292,0.689830508,43,17,1,17,1,1,1,0,1,0,1.180298718,0.283398406,0.009606726,0.584745763,2,
980,ok,229,6,5,5,1.170998691,0.090664455,1.511922204,2.261863865,0.188230593,0.985608919,17,3,51,1,1,1,0,1,0,1.932686248,7.269870514,0.483631216,0.241313559,2,22,3,66,1,1,1,1,1,0,1.28582499,0.923752998,0.030530819,0.925847458,26,17,3,51,2,1,1,1,1,1,1.313454892,1.116382594,0.018921739,0.533898305,31,0,2,0,0,0,0,0,0,0,0,0,0,,,22,2,44,1,1,1,1,1,0,1.085632673,1.10369278,0.014965326,0.36440678,19,17,1,17,1,1,1,0,1,0,0.636650543,28.16286729,0.954673468,0.584745763,2,
1325,ok,229,6,5,5,1.283219024,0.221892278,0.574357744,0.778454626,0.863517194,0.233456788,17,3,51,1,1,1,0,1,0,1.462165311,0.007118709,0.000473575,0.307838983,3,22,3,66,1,1,1,1,1,0,1.185764028,0.023086956,0.000763043,0.727542373,20,17,3,51,2,1,1,1,1,1,1.146942997,0.084487748,0.001431996,0.36440678,21,0,2,0,0,0,0,0,0,0,0,0,0,,,22,2,44,1,1,1,1,1,0,1.025723451,0.011050468,0.000149837,0.445762712,25,17,1,17,1,1,1,0,1,0,0.938306925,0.051753394,0.001754352,0.584745763,2,
1354,ok,229,6,5,5,2.235593022,0.109343978,0.614684535,0.782378005,0.587536864,0.139794564,17,3,51,1,1,1,0,1,0,2.301168286,0.119683262,0.00796198,0.174788136,1,22,3,66,1,1,1,1,1,0,1.263262451,0.05725947,0.001892474,0.793644068,22,17,3,51,2,1,1,1,1,1,1.191086069,0.188354116,0.003192443,0.110169492,6,0,2,0,0,0,0,0,0,0,0,0,0,,,22,2,44,1,1,1,1,1,0,1.141788163,0.019635508,0.000266244,0.377966102,20,17,1,17,1,1,1,0,1,0,1.077890019,0.056204806,0.001905248,0.618644068,3,
1845,ok,229,6,5,5,1.361222309,2.655153702,1.059349801,1.769326395,0.605237623,0.722369623,12,3,36,2,1,1,0,1,1,2.001604319,15.52825742,1.033023905,0.307838983,3,22,3,66,1,1,1,1,1,0,0.709770155,0.001218535,4.03E-05,0.793644068,22,22,3,66,1,1,1,1,1,0,0.80379634,0.003129513,5.30E-05,0.584745763,34,0,2,0,0,0,0,0,0,0,0,0,0,,,22,2,44,1,1,1,1,1,0,0.819595951,0.001021616,1.39E-05,0.215254237,8,17,1,17,1,1,1,0,1,0,0.800037889,0.172821884,0.005858369,0.686440678,5,
1868,ok,229,6,5,5,2.148110482,0.212321416,0.665749178,1.583982478,0.468170263,0.271126087,17,3,51,1,1,1,0,1,0,0.986978449,0.041462356,0.002758301,0.307838983,3,17,3,51,2,1,1,1,1,1,1.34482185,0.224138234,0.007407959,1.652966102,48,22,3,66,1,1,1,1,1,0,0.659866063,0.029380413,0.000497973,0.211864407,12,0,2,0,0,0,0,0,0,0,0,0,0,,,22,2,44,1,1,1,1,1,0,0.684171271,0.016603135,0.000225127,0.310169492,15,17,1,17,1,1,1,0,1,0,0.627210992,0.137577447,0.004663642,0.618644068,3,
1559,ok,228,4,4,4,1.269713749,1.031566441,0.316224474,2.041390617,0.418895979,0.663067345,22,3,66,1,1,1,1,1,0,0.416588878,0.002395447,0.000159358,0.640466102,8,22,3,66,1,1,1,1,1,0,0.542746725,0.001993308,6.59E-05,0.562288136,15,22,3,66,1,1,1,1,1,0,0.378312571,0.001488179,2.52E-05,0.872881356,51,0,2,0,0,0,0,0,0,0,0,0,0,,,15,2,30,1,1,1,0,0,0,0.329742202,7.17E-05,9.72E-07,0.825423729,53,0,1,0,0,0,0,0,0,0,0,0,0,,,
34,ok,227,5,4,4,2.227900478,0.338408243,0.198942133,0.735824773,0.676802371,0.539314663,22,3,66,1,1,1,1,1,0,0.527777397,0.003529761,0.000234819,0.640466102,8,17,3,51,2,1,1,1,1,1,1.436138528,44.03230225,1.455304905,1.917372881,56,22,3,66,1,1,1,1,1,0,0.399745836,0.004045646,6.86E-05,0.296610169,17,0,2,0,0,0,0,0,0,0,0,0,0,,,22,2,44,1,1,1,1,1,0,0.473230936,0.00764709,0.000103689,0.296610169,14,0,1,0,0,0,0,0,0,0,0,0,0,,,
57,ok,227,5,4,4,1.513406386,0.726259057,0.539795082,1.215442766,0.16906545,0.763890281,22,3,66,1,1,1,1,1,0,0.745095027,0.0049284,0.000327864,0.640466102,8,17,3,51,2,1,1,1,1,1,1.468155711,0.313662989,0.010366828,1.686016949,49,22,3,66,1,1,1,1,1,0,0.706136547,0.006601955,0.000111898,0.822033898,48,0,2,0,0,0,0,0,0,0,0,0,0,,,22,2,44,1,1,1,1,1,0,0.722585324,0.009817711,0.000133122,0.201694915,7,0,1,0,0,0,0,0,0,0,0,0,0,,,
59,ok,227,5,4,4,2.39484578,0.266227697,0.276651533,1.527460052,0.811228697,0.537632402,17,3,51,2,1,1,1,1,1,3.385635161,0.240619344,0.016007304,0.108262712,0,22,3,66,1,1,1,1,1,0,1.224999009,0.257155113,0.008499194,0.89279661,25,22,3,66,1,1,1,1,1,0,0.275128937,0.002306334,3.91E-05,0.211864407,12,0,2,0,0,0,0,0,0,0,0,0,0,,,22,2,44,1,1,1,1,1,0,0.386514639,0.008485926,0.000115063,0.215254237,8,0,1,0,0,0,0,0,0,0,0,0,0,,,
103,ok,227,5,4,4,1.613306601,0.517645281,0.173770212,0.768559416,0.399602909,0.625280313,22,3,66,1,1,1,1,1,0,0.490798491,0.004807802,0.000319841,0.507415254,6,17,3,51,2,1,1,1,1,1,1.360966919,0.214200151,0.007079497,0.859745763,24,22,3,66,1,1,1,1,1,0,0.385715657,0.003068298,5.20E-05,0.63559322,37,0,2,0,0,0,0,0,0,0,0,0,0,,,22,2,44,1,1,1,1,1,0,0.399706643,0.002923728,3.96E-05,0.418644068,23,0,1,0,0,0,0,0,0,0,0,0,0,,,
113,ok,227,5,4,4,1.113952403,0.871007907,0.349900895,1.202214932,0.690276179,0.88826694,22,3,66,1,1,1,1,1,0,0.518619611,0.000308607,2.05E-05,1.638347458,23,17,3,51,2,1,1,1,1,1,1.328439117,0.291464011,0.009633133,1.025,29,22,3,66,1,1,1,1,1,0,0.467510416,0.001803995,3.06E-05,0.601694915,35,0,2,0,0,0,0,0,0,0,0,0,0,,,22,2,44,1,1,1,1,1,0,0.546507574,0.003914774,5.31E-05,0.296610169,14,0,1,0,0,0,0,0,0,0,0,0,0,,,
152,ok,227,5,4,4,2.450418698,0.762723162,0.370119171,2.399014109,0.650726984,0.90755037,17,3,51,2,1,1,1,1,1,4.157315132,2.012367112,0.133873575,0.108262712,0,22,3,66,1,1,1,1,1,0,1.386679978,1.080107254,0.03569846,1.619915254,47,22,3,66,1,1,1,1,1,0,0.334358216,0.003065551,5.20E-05,0.516949153,30,0,2,0,0,0,0,0,0,0,0,0,0,,,22,2,44,1,1,1,1,1,0,0.427694511,0.005164186,7.00E-05,0.228813559,9,0,1,0,0,0,0,0,0,0,0,0,0,,,
151,ok,227,5,4,4,1.352020124,0.394567918,0.27762536,2.341047022,0.732143445,0.550728503,17,3,51,2,1,1,1,1,1,3.829826473,0.09967979,0.00663124,0.108262712,0,22,3,66,1,1,1,1,1,0,1.324458347,0.37387277,0.012356812,1.586864407,46,22,3,66,1,1,1,1,1,0,0.22508664,0.001096046,1.86E-05,0.347457627,20,0,2,0,0,0,0,0,0,0,0,0,0,,,22,2,44,1,1,1,1,1,0,0.297077046,0.002404354,3.26E-05,0.323728814,16,0,1,0,0,0,0,0,0,0,0,0,0,,,
160,ok,227,5,4,4,1.689529791,0.615181645,0.146613382,0.590704743,0.462747387,0.965785523,22,3,66,1,1,1,1,1,0,0.457066072,0.001666428,0.00011086,0.97309322,13,17,3,51,2,1,1,1,1,1,1.399855293,40.35608555,1.333802828,1.553813559,45,22,3,66,1,1,1,1,1,0,0.405578339,0.002607895,4.42E-05,0.686440678,40,0,2,0,0,0,0,0,0,0,0,0,0,,,22,2,44,1,1,1,1,1,0,0.453028566,0.0052875,7.17E-05,0.283050847,13,0,1,0,0,0,0,0,0,0,0,0,0,,,
239,ok,227,5,4,4,1.322331227,0.738157682,0.195986593,0.571385654,0.645244805,0.864418638,22,3,66,1,1,1,1,1,0,0.555635344,0.001112494,7.40E-05,1.106144068,15,17,3,51,2,1,1,1,1,1,1.384125135,32.64693669,1.079008925,1.487711864,43,22,3,66,1,1,1,1,1,0,0.503785693,0.002274769,3.86E-05,0.63559322,37,0,2,0,0,0,0,0,0,0,0,0,0,,,22,2,44,1,1,1,1,1,0,0.562191042,0.004557861,6.18E-05,0.36440678,19,0,1,0,0,0,0,0,0,0,0,0,0,,,
323,ok,227,5,4,4,1.124685038,0.881420378,0.998752139,1.777420889,0.354701894,0.411480279,17,3,51,2,1,1,1,1,1,3.953700395,3.259273533,0.216824553,0.108262712,0,22,3,66,1,1,1,1,1,0,0.909781323,0.003657824,0.000120894,1.223305085,35,22,3,66,1,1,1,1,1,0,0.793742499,0.010961534,0.000185789,0.466101695,27,0,2,0,0,0,0,0,0,0,0,0,0,,,22,2,44,1,1,1,1,1,0,0.786619782,0.002819826,3.82E-05,0.527118644,31,0,1,0,0,0,0,0,0,0,0,0,0,,,
476,ok,227,5,4,4,1.438361114,0.22377654,0.229772065,1.913580526,0.804761516,0.397229487,17,3,51,2,1,1,1,1,1,3.347485059,0.028462611,0.001893487,0.108262712,0,22,3,66,1,1,1,1,1,0,1.236277186,0.189820816,0.006273739,1.223305085,35,22,3,66,1,1,1,1,1,0,0.191553093,0.000823785,1.40E-05,0.211864407,12,0,2,0,0,0,0,0,0,0,0,0,0,,,22,2,44,1,1,1,1,1,0,0.265202603,0.002589378,3.51E-05,0.283050847,13,0,1,0,0,0,0,0,0,0,0,0,0,,,
493,ok,227,5,4,4,1.527112321,0.227651204,0.331092311,1.027746708,0.877134459,0.432745476,17,3,51,2,1,1,1,1,1,3.121876422,0.087277659,0.005806183,0.108262712,0,22,3,66,1,1,1,1,1,0,1.159360982,0.099249376,0.003280276,0.661440678,18,22,3,66,1,1,1,1,1,0,0.426519638,0.001537149,2.61E-05,0.194915254,11,0,2,0,0,0,0,0,0,0,0,0,0,,,22,2,44,1,1,1,1,1,0,0.557870112,0.010860213,0.000147257,0.228813559,9,0,1,0,0,0,0,0,0,0,0,0,0,,,
628,ok,227,5,4,4,1.242851273,0.361170978,0.234950788,1.634221205,0.789104302,0.464174714,17,3,51,2,1,1,1,1,1,3.506219899,0.044136677,0.002936211,0.108262712,0,22,3,66,1,1,1,1,1,0,1.269298382,0.196076247,0.006480486,1.256355932,36,22,3,66,1,1,1,1,1,0,0.23127976,0.000730676,1.24E-05,0.313559322,18,0,2,0,0,0,0,0,0,0,0,0,0,,,22,2,44,1,1,1,1,1,0,0.296557145,0.001805088,2.45E-05,0.405084746,22,0,1,0,0,0,0,0,0,0,0,0,0,,,
719,ok,227,5,4,4,2.240229749,0.36196836,0.069923293,0.552535928,0.45666177,0.95348607,22,3,66,1,1,1,1,1,0,0.2834186,0.00114907,7.64E-05,0.773516949,10,17,3,51,2,1,1,1,1,1,1.421019387,38.7738979,1.281510185,1.454661017,42,22,3,66,1,1,1,1,1,0,0.209026062,0.001068661,1.81E-05,0.466101695,27,0,2,0,0,0,0,0,0,0,0,0,0,,,22,2,44,1,1,1,1,1,0,0.263778802,0.003168194,4.30E-05,0.201694915,7,0,1,0,0,0,0,0,0,0,0,0,0,,,
737,ok,227,5,4,4,2.314460591,0.526756586,0.426906821,1.8507257,0.405876475,0.703181445,22,3,66,1,1,1,1,1,0,0.509056798,0.003245801,0.000215928,0.906567797,12,17,3,51,2,1,1,1,1,1,1.389081809,0.859670684,0.028412845,1.686016949,49,22,3,66,1,1,1,1,1,0,0.443743394,0.008434218,0.000142953,0.5,29,0,2,0,0,0,0,0,0,0,0,0,0,,,22,2,44,1,1,1,1,1,0,0.496694583,0.008990512,0.000121905,0.215254237,8,0,1,0,0,0,0,0,0,0,0,0,0,,,
787,ok,227,5,4,4,2.143773732,0.283517436,0.39646887,0.765247307,0.223313636,0.974328756,17,3,51,2,1,1,1,1,1,3.176608049,12.2676336,0.816109523,0.108262712,0,22,3,66,1,1,1,1,1,0,1.33044875,0.345225085,0.011409982,0.661440678,18,22,3,66,1,1,1,1,1,0,0.782022289,0.022711487,0.00038494,0.466101695,27,0,2,0,0,0,0,0,0,0,0,0,0,,,22,2,44,1,1,1,1,1,0,1.233665314,0.305149783,0.004137624,0.594915254,36,0,1,0,0,0,0,0,0,0,0,0,0,,,
933,ok,227,5,4,4,2.288471862,0.335079182,0.145994677,0.822013604,0.786139622,0.785956001,17,3,51,2,1,1,1,1,1,3.73189195,0.29961922,0.019932296,0.108262712,0,22,3,66,1,1,1,1,1,0,1.185477102,0.192570503,0.006364618,0.463135593,12,22,3,66,1,1,1,1,1,0,0.265515698,0.001352503,2.29E-05,0.296610169,17,0,2,0,0,0,0,0,0,0,0,0,0,,,22,2,44,1,1,1,1,1,0,0.364394234,0.006771928,9.18E-05,0.201694915,7,0,1,0,0,0,0,0,0,0,0,0,0,,,
961,ok,227,5,4,4,1.993856346,0.796565143,0.260006072,1.253043088,0.506435462,0.728539361,22,3,66,1,1,1,1,1,0,0.448009772,0.002649753,0.000176276,0.840042373,11,17,3,51,2,1,1,1,1,1,1.395616417,0.399152714,0.013192335,1.28940678,37,22,3,66,1,1,1,1,1,0,0.393233266,0.00326134,5.53E-05,0.686440678,40,0,2,0,0,0,0,0,0,0,0,0,0,,,22,2,44,1,1,1,1,1,0,0.412765602,0.003052506,4.14E-05,0.459322034,26,0,1,0,0,0,0,0,0,0,0,0,0,,,
984,ok,227,5,4,4,2.28670535,0.325091381,0.252514204,0.67124338,0.854740338,0.503466958,22,3,66,1,1,1,1,1,0,0.621882826,0.001660125,0.000110441,0.706991525,9,17,3,51,2,1,1,1,1,1,1.35906299,33.48593546,1.106738545,1.752118644,51,22,3,66,1,1,1,1,1,0,0.505103847,0.002850224,4.83E-05,0.262711864,15,0,2,0,0,0,0,0,0,0,0,0,0,,,22,2,44,1,1,1,1,1,0,0.616259753,0.012330259,0.00016719,0.283050847,13,0,1,0,0,0,0,0,0,0,0,0,0,,,
1174,ok,227,5,4,4,2.480933975,0.640100601,0.229159659,1.575773,0.808192374,0.912184561,17,3,51,2,1,1,1,1,1,3.317110444,0.588104479,0.0391239,0.108262712,0,22,3,66,1,1,1,1,1,0,1.300262123,0.47551098,0.015716041,0.991949153,28,22,3,66,1,1,1,1,1,0,0.26293014,0.001154826,1.96E-05,0.466101695,27,0,2,0,0,0,0,0,0,0,0,0,0,,,22,2,44,1,1,1,1,1,0,0.363264042,0.005167204,7.01E-05,0.269491525,12,0,1,0,0,0,0,0,0,0,0,0,0,,,
1175,ok,227,5,4,4,1.642040973,0.363229927,0.484363008,1.99849927,0.769285422,0.355113493,17,3,51,2,1,1,1,1,1,3.621008259,0.166617782,0.011084319,0.108262712,0,22,3,66,1,1,1,1,1,0,1.311735738,0.21433638,0.007083999,1.785169492,52,22,3,66,1,1,1,1,1,0,0.391316768,0.003919092,6.64E-05,0.279661017,16,0,2,0,0,0,0,0,0,0,0,0,0,,,22,2,44,1,1,1,1,1,0,0.448002757,0.004276381,5.80E-05,0.445762712,25,0,1,0,0,0,0,0,0,0,0,0,0,,,
1214,ok,227,5,4,4,1.87186659,0.765948948,0.352826093,1.187495629,0.643545756,0.670034684,22,3,66,1,1,1,1,1,0,0.541950273,0.001883023,0.000125269,1.039618644,14,17,3,51,2,1,1,1,1,1,1.36724725,0.275668964,0.009111093,1.15720339,33,22,3,66,1,1,1,1,1,0,0.484733579,0.004502043,7.63E-05,0.533898305,31,0,2,0,0,0,0,0,0,0,0,0,0,,,22,2,44,1,1,1,1,1,0,0.532177619,0.005068333,6.87E-05,0.418644068,23,0,1,0,0,0,0,0,0,0,0,0,0,,,
1255,ok,227,5,4,4,1.452872639,0.314590421,0.201089294,1.553240579,0.748655753,0.444317796,17,3,51,2,1,1,1,1,1,3.743678303,0.048913977,0.003254023,0.108262712,0,22,3,66,1,1,1,1,1,0,1.262255982,0.228372126,0.007547892,1.190254237,34,22,3,66,1,1,1,1,1,0,0.213496675,0.001002793,1.70E-05,0.296610169,17,0,2,0,0,0,0,0,0,0,0,0,0,,,22,2,44,1,1,1,1,1,0,0.270318771,0.001902369,2.58E-05,0.377966102,20,0,1,0,0,0,0,0,0,0,0,0,0,,,
1361,ok,227,5,4,4,1.568704644,0.608527851,0.096296022,0.551021081,0.505734214,0.752695143,22,3,66,1,1,1,1,1,0,0.374263299,0.001659643,0.000110408,0.640466102,8,17,3,51,2,1,1,1,1,1,1.357930313,32.38767318,1.070440046,1.454661017,42,22,3,66,1,1,1,1,1,0,0.29105311,0.001125411,1.91E-05,0.703389831,41,0,2,0,0,0,0,0,0,0,0,0,0,,,22,2,44,1,1,1,1,1,0,0.308962194,0.001385348,1.88E-05,0.445762712,25,0,1,0,0,0,0,0,0,0,0,0,0,,,
1480,ok,227,5,4,4,1.585639678,0.671966556,0.55059335,1.527869014,0.253151157,0.681695567,22,3,66,1,1,1,1,1,0,0.665904938,0.004935147,0.000328313,0.706991525,9,17,3,51,2,1,1,1,1,1,1.448401132,0.444085699,0.014677409,1.884322034,55,22,3,66,1,1,1,1,1,0,0.621405991,0.008417354,0.000142667,0.669491525,39,0,2,0,0,0,0,0,0,0,0,0,0,,,22,2,44,1,1,1,1,1,0,0.638987076,0.008644858,0.000117218,0.242372881,10,0,1,0,0,0,0,0,0,0,0,0,0,,,
1511,ok,227,5,4,4,2.002929637,0.083906052,0.120253375,1.611800634,0.419667306,0.954027531,22,3,66,1,1,1,1,1,0,0.238127103,0.000708132,4.71E-05,0.840042373,11,17,3,51,2,1,1,1,1,1,1.182933262,0.509255902,0.016831339,0.430084746,11,22,3,66,1,1,1,1,1,0,0.129195475,0.00155616,2.64E-05,0.127118644,7,0,2,0,0,0,0,0,0,0,0,0,0,,,22,2,44,1,1,1,1,1,0,0.695607397,0.260450918,0.003531538,0.798305085,51,0,1,0,0,0,0,0,0,0,0,0,0,,,
1571,ok,227,5,4,4,2.337201424,0.388232711,0.123713232,0.781430451,0.83540892,0.667119069,17,3,51,2,1,1,1,1,1,3.372829638,0.110573008,0.007355916,0.108262712,0,22,3,66,1,1,1,1,1,0,1.192211995,0.157268261,0.005197849,0.529237288,14,22,3,66,1,1,1,1,1,0,0.231006491,0.00069751,1.18E-05,0.330508475,19,0,2,0,0,0,0,0,0,0,0,0,0,,,22,2,44,1,1,1,1,1,0,0.311517473,0.003741252,5.07E-05,0.296610169,14,0,1,0,0,0,0,0,0,0,0,0,0,,,
1735,ok,227,5,4,4,2.441357348,0.649989939,0.36297644,1.659409631,0.801936017,0.673872858,17,3,51,2,1,1,1,1,1,3.24875828,0.846387041,0.056306257,0.108262712,0,22,3,66,1,1,1,1,1,0,1.330440618,0.383478115,0.012674277,1.28940678,37,22,3,66,1,1,1,1,1,0,0.374863627,0.002650802,4.49E-05,0.43220339,25,0,2,0,0,0,0,0,0,0,0,0,0,,,22,2,44,1,1,1,1,1,0,0.458455657,0.006570621,8.91E-05,0.337288136,17,0,1,0,0,0,0,0,0,0,0,0,0,,,
1754,ok,227,5,4,4,1.900229145,0.674472271,0.213240225,1.984758698,0.727946729,0.87422782,17,3,51,2,1,1,1,1,1,3.875471632,0.330247776,0.021969873,0.108262712,0,22,3,66,1,1,1,1,1,0,1.336027356,0.749926369,0.024785702,1.322457627,38,22,3,66,1,1,1,1,1,0,0.227090249,0.000874636,1.48E-05,0.533898305,31,0,2,0,0,0,0,0,0,0,0,0,0,,,22,2,44,1,1,1,1,1,0,0.302878786,0.002500445,3.39E-05,0.310169492,15,0,1,0,0,0,0,0,0,0,0,0,0,,,
1756,ok,227,5,4,4,2.156830726,0.389739271,0.075827481,0.643727858,0.494300136,0.75215694,22,3,66,1,1,1,1,1,0,0.286928364,0.001272966,8.47E-05,0.640466102,8,17,3,51,2,1,1,1,1,1,1.420748983,44.05639926,1.456101332,1.686016949,49,22,3,66,1,1,1,1,1,0,0.196742918,0.00097067,1.65E-05,0.466101695,27,0,2,0,0,0,0,0,0,0,0,0,0,,,22,2,44,1,1,1,1,1,0,0.238868975,0.002043622,2.77E-05,0.283050847,13,0,1,0,0,0,0,0,0,0,0,0,0,,,
1847,ok,227,5,4,4,1.067964795,0.376563085,0.276016638,0.792511485,0.828189866,0.435345674,17,3,51,2,1,1,1,1,1,3.551386712,0.070089828,0.004662755,0.108262712,0,22,3,66,1,1,1,1,1,0,1.210362714,0.060116659,0.001986907,0.694491525,19,22,3,66,1,1,1,1,1,0,0.455073615,0.001161551,1.97E-05,0.313559322,18,0,2,0,0,0,0,0,0,0,0,0,0,,,22,2,44,1,1,1,1,1,0,0.543744537,0.003372567,4.57E-05,0.445762712,25,0,1,0,0,0,0,0,0,0,0,0,0,,,
1887,ok,227,5,4,4,1.600962036,1.638230275,0.43839368,2.217576943,0.795137985,0.837464308,17,3,51,2,1,1,1,1,1,2.865477251,1.027936508,0.068383912,0.108262712,0,22,3,66,1,1,1,1,1,0,0.393966043,0.000433433,1.43E-05,0.363983051,9,22,3,66,1,1,1,1,1,0,0.42537841,0.000719547,1.22E-05,0.771186441,45,0,2,0,0,0,0,0,0,0,0,0,0,,,22,2,44,1,1,1,1,1,0,0.457331211,0.000814369,1.10E-05,0.581355932,35,0,1,0,0,0,0,0,0,0,0,0,0,,,
1985,ok,227,5,4,4,1.578450981,0.620593483,0.352330544,1.362873621,0.57289543,0.818382089,17,3,51,2,1,1,1,1,1,4.817317761,3.315308041,0.220552272,0.108262712,0,22,3,66,1,1,1,1,1,0,1.326204582,0.534700315,0.017672299,1.124152542,32,22,3,66,1,1,1,1,1,0,0.441904222,0.004505716,7.64E-05,0.5,29,0,2,0,0,0,0,0,0,0,0,0,0,,,22,2,44,1,1,1,1,1,0,0.51790884,0.006822466,9.25E-05,0.228813559,9,0,1,0,0,0,0,0,0,0,0,0,0,,,
1986,ok,227,5,4,4,2.434153848,1.208713716,0.302171531,1.226709453,0.798702994,0.931386899,22,3,66,1,1,1,1,1,0,0.467608269,0.00031458,2.09E-05,1.904449153,27,17,3,51,2,1,1,1,1,1,1.349899905,0.35635796,0.011777933,1.091101695,31,22,3,66,1,1,1,1,1,0,0.427412602,0.001670706,2.83E-05,0.703389831,41,0,2,0,0,0,0,0,0,0,0,0,0,,,22,2,44,1,1,1,1,1,0,0.49185325,0.004198402,5.69E-05,0.418644068,23,0,1,0,0,0,0,0,0,0,0,0,0,,,
1997,ok,227,5,4,4,1.68701474,0.082495557,0.069258249,0.696333532,0.486863252,0.766935496,22,3,66,1,1,1,1,1,0,0.254057367,0.000764306,5.08E-05,0.640466102,8,17,3,51,2,1,1,1,1,1,1.10898238,0.302857039,0.010009682,0.231779661,5,22,3,66,1,1,1,1,1,0,0.155825646,0.000969287,1.64E-05,0.110169492,6,0,2,0,0,0,0,0,0,0,0,0,0,,,22,2,44,1,1,1,1,1,0,0.526526052,0.047412602,0.000642883,0.811864407,52,0,1,0,0,0,0,0,0,0,0,0,0,,,
119,ok,227,4,4,4,1.082798569,0.334137139,0.860763351,1.401203761,0.259204622,0.239038464,17,3,51,1,1,1,0,1,0,1.583344205,0.095621192,0.00636124,0.174788136,1,22,3,66,1,1,1,1,1,0,1.427875277,0.010299674,0.000340413,1.719067797,50,22,3,66,1,1,1,1,1,0,0.874254274,0.027362472,0.000463771,0.36440678,21,0,2,0,0,0,0,0,0,0,0,0,0,,,22,2,44,1,1,1,1,1,0,0.822549382,0.003670486,4.98E-05,0.608474576,37,0,1,0,0,0,0,0,0,0,0,0,0,,,
139,ok,227,4,4,4,2.116666723,0.226495629,0.463676423,2.013042367,0.228978471,0.34340187,17,3,51,1,1,1,0,1,0,0.985919,0.0714643,0.004754193,0.174788136,1,22,3,66,1,1,1,1,1,0,0.581126587,0.004339398,0.000143421,0.661440678,18,22,3,66,1,1,1,1,1,0,0.442222293,0.013085044,0.00022178,0.398305085,23,0,2,0,0,0,0,0,0,0,0,0,0,,,22,2,44,1,1,1,1,1,0,0.448867822,0.009211084,0.000124896,0.283050847,13,0,1,0,0,0,0,0,0,0,0,0,0,,,
190,ok,227,4,4,4,1.267097741,0.266081617,0.217074119,1.336027388,0.698603068,0.347280787,17,3,51,1,1,1,0,1,0,0.532008024,0.002037493,0.000135545,0.374364407,4,22,3,66,1,1,1,1,1,0,1.265200134,0.14791488,0.004888712,1.15720339,33,22,3,66,1,1,1,1,1,0,0.254150902,0.001554345,2.63E-05,0.262711864,15,0,2,0,0,0,0,0,0,0,0,0,0,,,22,2,44,1,1,1,1,1,0,0.299169528,0.001652074,2.24E-05,0.43220339,24,0,1,0,0,0,0,0,0,0,0,0,0,,,
218,ok,227,4,4,4,1.655780493,0.270006654,0.184096612,1.738582208,0.147975832,0.308376537,17,3,51,1,1,1,0,1,0,1.118991262,0.020409125,0.001357726,0.108262712,0,22,3,66,1,1,1,1,1,0,1.074126534,0.009240724,0.000305414,1.454661017,42,22,3,66,1,1,1,1,1,0,0.265681797,0.001851769,3.14E-05,0.788135593,46,0,2,0,0,0,0,0,0,0,0,0,0,,,22,2,44,1,1,1,1,1,0,0.211320373,0.000741996,1.01E-05,0.527118644,31,0,1,0,0,0,0,0,0,0,0,0,0,,,
245,ok,227,4,4,4,2.491791265,0.25455994,0.088506831,0.889841524,0.376828209,0.515035476,17,3,51,1,1,1,0,1,0,0.345634203,0.002861397,0.000190356,0.374364407,4,22,3,66,1,1,1,1,1,0,1.318311993,0.256795168,0.008487298,0.826694915,23,22,3,66,1,1,1,1,1,0,0.175324112,0.001332609,2.26E-05,0.381355932,22,0,2,0,0,0,0,0,0,0,0,0,0,,,22,2,44,1,1,1,1,1,0,0.207038551,0.001848085,2.51E-05,0.269491525,12,0,1,0,0,0,0,0,0,0,0,0,0,,,
350,ok,227,4,4,4,1.476282857,0.2246808,0.17363302,1.914964426,0.335342777,0.424220694,17,3,51,1,1,1,0,1,0,0.554561297,0.006879861,0.000457686,0.241313559,2,22,3,66,1,1,1,1,1,0,1.364177527,0.445343261,0.014718972,1.785169492,52,22,3,66,1,1,1,1,1,0,0.184452461,0.001831869,3.10E-05,0.36440678,21,0,2,0,0,0,0,0,0,0,0,0,0,,,22,2,44,1,1,1,1,1,0,0.214293422,0.001732666,2.35E-05,0.283050847,13,0,1,0,0,0,0,0,0,0,0,0,0,,,
397,ok,227,4,4,4,2.001134266,0.139808816,0.246627069,0.857700307,0.58587151,0.364987205,17,3,51,1,1,1,0,1,0,0.705696695,0.010894592,0.000724767,0.374364407,4,22,3,66,1,1,1,1,1,0,1.179396833,0.172642889,0.005705994,0.595338983,16,22,3,66,1,1,1,1,1,0,0.429296892,0.007506907,0.000127236,0.144067797,8,0,2,0,0,0,0,0,0,0,0,0,0,,,22,2,44,1,1,1,1,1,0,0.507606312,0.010761649,0.000145921,0.188135593,6,0,1,0,0,0,0,0,0,0,0,0,0,,,
528,ok,227,4,4,4,1.758564179,0.196182545,0.073530808,0.771736947,0.388743684,0.381827684,17,3,51,1,1,1,0,1,0,0.565394308,0.003540642,0.000235543,0.241313559,2,22,3,66,1,1,1,1,1,0,1.286487202,0.177567296,0.00586875,0.76059322,21,22,3,66,1,1,1,1,1,0,0.161408427,0.000990731,1.68E-05,0.313559322,18,0,2,0,0,0,0,0,0,0,0,0,0,,,22,2,44,1,1,1,1,1,0,0.185234867,0.000904007,1.23E-05,0.296610169,14,0,1,0,0,0,0,0,0,0,0,0,0,,,
593,ok,227,4,4,4,2.499421429,0.134492546,0.25630035,1.278430951,0.443965476,0.236005055,17,3,51,1,1,1,0,1,0,1.241516745,0.042581526,0.002832754,0.174788136,1,22,3,66,1,1,1,1,1,0,1.305294263,0.167469618,0.005535013,1.223305085,35,22,3,66,1,1,1,1,1,0,0.336357233,0.008389405,0.000142193,0.177966102,10,0,2,0,0,0,0,0,0,0,0,0,0,,,22,2,44,1,1,1,1,1,0,0.360478977,0.005009799,6.79E-05,0.296610169,14,0,1,0,0,0,0,0,0,0,0,0,0,,,
626,ok,227,4,4,4,1.579910903,0.117613765,0.518030278,1.84741661,0.227845735,0.182471074,17,3,51,1,1,1,0,1,0,1.866682231,0.090857013,0.006044301,0.108262712,0,22,3,66,1,1,1,1,1,0,0.898362418,0.005686054,0.000187929,1.124152542,32,22,3,66,1,1,1,1,1,0,0.474541068,0.019104321,0.000323802,0.228813559,13,0,2,0,0,0,0,0,0,0,0,0,0,,,22,2,44,1,1,1,1,1,0,0.479793885,0.0069337,9.40E-05,0.323728814,16,0,1,0,0,0,0,0,0,0,0,0,0,,,
688,ok,227,4,4,4,1.724572946,0.553191098,0.592163759,1.531034822,0.100776404,0.593709172,17,3,51,1,1,1,0,1,0,0.825574304,0.030265077,0.002013397,0.241313559,2,22,3,66,1,1,1,1,1,0,0.903735482,0.004852026,0.000160364,1.025,29,22,3,66,1,1,1,1,1,0,0.662836122,0.005196888,8.81E-05,0.855932203,50,0,2,0,0,0,0,0,0,0,0,0,0,,,22,2,44,1,1,1,1,1,0,0.664845449,0.011307362,0.00015332,0.242372881,10,0,1,0,0,0,0,0,0,0,0,0,0,,,
711,ok,227,4,4,4,1.396807609,0.226062428,0.217825802,1.55791655,0.531659648,0.333086722,17,3,51,1,1,1,0,1,0,0.567945543,0.004546375,0.00030245,0.307838983,3,22,3,66,1,1,1,1,1,0,1.308627361,0.229012272,0.00756905,1.421610169,41,22,3,66,1,1,1,1,1,0,0.239367306,0.002654686,4.50E-05,0.262711864,15,0,2,0,0,0,0,0,0,0,0,0,0,,,22,2,44,1,1,1,1,1,0,0.274422292,0.001920002,2.60E-05,0.377966102,20,0,1,0,0,0,0,0,0,0,0,0,0,,,
837,ok,227,4,4,4,1.953093643,0.292051753,0.184621309,0.611368046,0.17616138,0.360155726,17,3,51,1,1,1,0,1,0,1.745119336,0.134841085,0.00897036,0.108262712,0,22,3,66,1,1,1,1,1,0,1.321148204,32.08388805,1.06039969,1.586864407,46,22,3,66,1,1,1,1,1,0,0.509221833,0.006203938,0.000105151,0.720338983,42,0,2,0,0,0,0,0,0,0,0,0,0,,,22,2,44,1,1,1,1,1,0,0.483492164,0.003777212,5.12E-05,0.445762712,25,0,1,0,0,0,0,0,0,0,0,0,0,,,
1000,ok,227,4,4,4,2.44306992,0.513295247,0.599891531,1.800594399,0.517605163,0.315001965,17,3,51,1,1,1,0,1,0,0.796781219,0.026817853,0.001784069,0.374364407,4,22,3,66,1,1,1,1,1,0,0.752591732,0.004840763,0.000159991,0.89279661,25,22,3,66,1,1,1,1,1,0,0.56186373,0.015604336,0.00026448,0.381355932,22,0,2,0,0,0,0,0,0,0,0,0,0,,,22,2,44,1,1,1,1,1,0,0.524925942,0.000950941,1.29E-05,0.771186441,49,0,1,0,0,0,0,0,0,0,0,0,0,,,
1007,ok,227,4,4,4,2.254316847,0.303628589,0.338652963,2.401572922,0.106086978,0.326517183,17,3,51,1,1,1,0,1,0,0.983906498,0.035736527,0.002377388,0.108262712,0,22,3,66,1,1,1,1,1,0,0.958399621,0.006747498,0.000223011,1.785169492,52,22,3,66,1,1,1,1,1,0,0.382326587,0.003397106,5.76E-05,0.855932203,50,0,2,0,0,0,0,0,0,0,0,0,0,,,22,2,44,1,1,1,1,1,0,0.298631271,0.002700522,3.66E-05,0.459322034,26,0,1,0,0,0,0,0,0,0,0,0,0,,,
1027,ok,227,4,4,4,1.922596399,0.295912876,0.117444963,0.570561021,0.169356744,0.3489231,17,3,51,1,1,1,0,1,0,1.442887837,0.050002069,0.003326409,0.108262712,0,22,3,66,1,1,1,1,1,0,1.311307267,28.57462636,0.944415617,1.487711864,43,22,3,66,1,1,1,1,1,0,0.36980157,0.002753273,4.67E-05,0.838983051,49,0,2,0,0,0,0,0,0,0,0,0,0,,,22,2,44,1,1,1,1,1,0,0.335390835,0.001312466,1.78E-05,0.513559322,30,0,1,0,0,0,0,0,0,0,0,0,0,,,
1044,ok,227,4,4,4,1.301403662,0.130299294,0.147114278,0.50260279,0.179184926,0.239525201,17,3,51,1,1,1,0,1,0,1.552109801,0.029076525,0.001934328,0.108262712,0,22,3,66,1,1,1,1,1,0,1.26457001,19.14296043,0.632691065,1.322457627,38,22,3,66,1,1,1,1,1,0,0.465765904,0.005889574,9.98E-05,0.381355932,22,0,2,0,0,0,0,0,0,0,0,0,0,,,22,2,44,1,1,1,1,1,0,0.46910072,0.002872501,3.89E-05,0.323728814,16,0,1,0,0,0,0,0,0,0,0,0,0,,,
1045,ok,227,4,4,4,2.476754048,0.120789594,0.214324856,0.534427287,0.328316303,0.150515558,17,3,51,1,1,1,0,1,0,2.519481527,0.101296864,0.006738817,0.108262712,0,22,3,66,1,1,1,1,1,0,1.223551077,17.26519731,0.570629402,1.388559322,40,22,3,66,1,1,1,1,1,0,0.614502268,0.014442365,0.000244786,0.194915254,11,0,2,0,0,0,0,0,0,0,0,0,0,,,22,2,44,1,1,1,1,1,0,0.614726908,0.003678635,4.99E-05,0.472881356,27,0,1,0,0,0,0,0,0,0,0,0,0,,,
1114,ok,227,4,4,4,2.324331915,0.159909471,0.158090753,1.782583528,0.644767061,0.233800072,17,3,51,1,1,1,0,1,0,0.743788732,0.003858075,0.00025666,0.241313559,2,22,3,66,1,1,1,1,1,0,1.283695974,0.172429381,0.005698937,1.520762712,44,22,3,66,1,1,1,1,1,0,0.148545818,0.001533951,2.60E-05,0.161016949,9,0,2,0,0,0,0,0,0,0,0,0,0,,,22,2,44,1,1,1,1,1,0,0.182867014,0.001081979,1.47E-05,0.391525424,21,0,1,0,0,0,0,0,0,0,0,0,0,,,
1253,ok,227,4,4,4,2.333045597,0.257939659,0.361514653,1.773636706,0.480216136,0.405436849,17,3,51,1,1,1,0,1,0,0.531560562,0.009092908,0.00060491,0.440889831,5,22,3,66,1,1,1,1,1,0,1.343612066,0.389380413,0.012869353,1.553813559,45,22,3,66,1,1,1,1,1,0,0.36181326,0.009052827,0.000153438,0.279661017,16,0,2,0,0,0,0,0,0,0,0,0,0,,,22,2,44,1,1,1,1,1,0,0.407940234,0.008036388,0.000108968,0.269491525,12,0,1,0,0,0,0,0,0,0,0,0,0,,,
1411,ok,227,4,4,4,2.069109699,0.077432937,0.133436133,0.805171103,0.135234551,0.994829443,17,3,51,1,1,1,0,1,0,0.453031629,0.009227814,0.000613884,0.307838983,3,22,3,66,1,1,1,1,1,0,1.20585865,0.400256726,0.013228824,0.463135593,12,22,3,66,1,1,1,1,1,0,0.287437334,0.004317185,7.32E-05,0.313559322,18,0,2,0,0,0,0,0,0,0,0,0,0,,,22,2,44,1,1,1,1,1,0,1.157478198,0.591551711,0.00802104,0.689830508,43,0,1,0,0,0,0,0,0,0,0,0,0,,,
1535,ok,227,4,4,4,2.0583351,0.114909366,0.118260715,0.815819207,0.71838266,0.164726167,17,3,51,1,1,1,0,1,0,1.448847064,0.004617196,0.000307161,0.174788136,1,22,3,66,1,1,1,1,1,0,1.199167829,0.062241376,0.00205713,0.727542373,20,22,3,66,1,1,1,1,1,0,0.212171914,0.001383279,2.34E-05,0.110169492,6,0,2,0,0,0,0,0,0,0,0,0,0,,,22,2,44,1,1,1,1,1,0,0.246999171,0.000882745,1.20E-05,0.418644068,23,0,1,0,0,0,0,0,0,0,0,0,0,,,
1551,ok,227,4,4,4,2.249513606,0.255127555,0.101810132,0.839348908,0.371222694,0.523109446,17,3,51,1,1,1,0,1,0,0.381883715,0.003670113,0.000244156,0.374364407,4,22,3,66,1,1,1,1,1,0,1.303941353,0.260643571,0.008614491,0.793644068,22,22,3,66,1,1,1,1,1,0,0.21348872,0.001828495,3.10E-05,0.398305085,23,0,2,0,0,0,0,0,0,0,0,0,0,,,22,2,44,1,1,1,1,1,0,0.242568622,0.00243008,3.30E-05,0.255932203,11,0,1,0,0,0,0,0,0,0,0,0,0,,,
1682,ok,227,4,4,4,1.862266712,0.121978084,0.257107545,1.962728266,0.270725025,0.329397124,17,3,51,1,1,1,0,1,0,0.845021214,0.023618768,0.001571249,0.174788136,1,22,3,66,1,1,1,1,1,0,1.342646829,0.389744076,0.012881372,1.785169492,52,22,3,66,1,1,1,1,1,0,0.247922881,0.005610713,9.51E-05,0.245762712,14,0,2,0,0,0,0,0,0,0,0,0,0,,,22,2,44,1,1,1,1,1,0,0.287682115,0.004674503,6.34E-05,0.188135593,6,0,1,0,0,0,0,0,0,0,0,0,0,,,
1699,ok,227,4,4,4,1.184825896,0.13118824,0.129085902,0.903355868,0.477187928,0.222347582,17,3,51,1,1,1,0,1,0,1.131419347,0.005918401,0.000393724,0.174788136,1,22,3,66,1,1,1,1,1,0,1.250128766,0.106556009,0.003521766,0.89279661,25,22,3,66,1,1,1,1,1,0,0.220945428,0.001871647,3.17E-05,0.177966102,10,0,2,0,0,0,0,0,0,0,0,0,0,,,22,2,44,1,1,1,1,1,0,0.249031594,0.000955202,1.30E-05,0.36440678,19,0,1,0,0,0,0,0,0,0,0,0,0,,,
1707,ok,227,4,4,4,1.100999234,0.251015547,0.273315893,1.772799975,0.528246145,0.400064458,17,3,51,1,1,1,0,1,0,0.506779738,0.00356239,0.00023699,0.374364407,4,22,3,66,1,1,1,1,1,0,1.317244758,0.272810468,0.009016617,1.487711864,43,22,3,66,1,1,1,1,1,0,0.264353407,0.002725303,4.62E-05,0.279661017,16,0,2,0,0,0,0,0,0,0,0,0,0,,,22,2,44,1,1,1,1,1,0,0.315572374,0.002703286,3.67E-05,0.310169492,15,0,1,0,0,0,0,0,0,0,0,0,0,,,
1784,ok,227,4,4,4,2.012574292,0.245801185,0.190233657,1.066574755,0.326514808,0.587542222,17,3,51,1,1,1,0,1,0,0.499123692,0.009829486,0.000653911,0.374364407,4,22,3,66,1,1,1,1,1,0,1.311113927,0.397051782,0.013122898,0.958898305,27,22,3,66,1,1,1,1,1,0,0.31697222,0.004668071,7.91E-05,0.398305085,23,0,2,0,0,0,0,0,0,0,0,0,0,,,22,2,44,1,1,1,1,1,0,0.361372634,0.006490088,8.80E-05,0.188135593,6,0,1,0,0,0,0,0,0,0,0,0,0,,,
1904,ok,227,4,4,4,1.506015088,0.309057174,0.248488117,2.246461958,0.436888272,0.341588132,17,3,51,1,1,1,0,1,0,0.677943727,0.009807786,0.000652467,0.241313559,2,22,3,66,1,1,1,1,1,0,0.350264219,0.001116092,3.69E-05,0.397033898,10,22,3,66,1,1,1,1,1,0,0.230801514,0.00255061,4.32E-05,0.381355932,22,0,2,0,0,0,0,0,0,0,0,0,0,,,22,2,44,1,1,1,1,1,0,0.2365692,0.000981106,1.33E-05,0.513559322,30,0,1,0,0,0,0,0,0,0,0,0,0,,,
1954,ok,227,4,4,4,1.993026827,0.275143185,0.162038655,0.836252409,0.488640492,0.370270711,17,3,51,1,1,1,0,1,0,0.632241664,0.009116675,0.000606491,0.307838983,3,22,3,66,1,1,1,1,1,0,1.316180298,0.156424877,0.005169975,0.859745763,24,22,3,66,1,1,1,1,1,0,0.316876134,0.003672406,6.22E-05,0.330508475,19,0,2,0,0,0,0,0,0,0,0,0,0,,,22,2,44,1,1,1,1,1,0,0.337752348,0.002637892,3.58E-05,0.405084746,22,0,1,0,0,0,0,0,0,0,0,0,0,,,
1974,ok,227,4,4,4,1.195416783,0.429774485,0.467989456,2.072485844,0.169793209,0.530451229,17,3,51,1,1,1,0,1,0,0.69249403,0.021114283,0.001404637,0.241313559,2,22,3,66,1,1,1,1,1,0,0.662845302,0.003673679,0.000121418,0.793644068,22,22,3,66,1,1,1,1,1,0,0.480623417,0.004454742,7.55E-05,0.703389831,41,0,2,0,0,0,0,0,0,0,0,0,0,,,22,2,44,1,1,1,1,1,0,0.465655231,0.005019414,6.81E-05,0.283050847,13,0,1,0,0,0,0,0,0,0,0,0,0,,,
1995,ok,227,4,4,4,1.53543592,0.082722008,0.091903533,1.218484906,0.224449229,0.509327922,17,3,51,1,1,1,0,1,0,0.647485857,0.007816881,0.000520021,0.174788136,1,22,3,66,1,1,1,1,1,0,1.237763616,0.370908761,0.012258849,0.826694915,23,22,3,66,1,1,1,1,1,0,0.13175346,0.001215724,2.06E-05,0.211864407,12,0,2,0,0,0,0,0,0,0,0,0,0,,,22,2,44,1,1,1,1,1,0,0.373340045,0.03554053,0.000481905,0.811864407,52,0,1,0,0,0,0,0,0,0,0,0,0,,,
373,ok,226,4,4,4,1.294524925,0.704899708,0.0568238,1.326499958,0.695664708,0.809330166,20,3,60,1,1,1,1,0,0,0.147890187,7.07E-05,4.70E-06,0.840042373,11,22,3,66,1,1,1,1,1,0,1.328741114,0.307079162,0.010149227,1.058050847,30,20,3,60,1,1,1,1,0,0,0.091063781,7.15E-05,1.21E-06,0.703389831,41,0,2,0,0,0,0,0,0,0,0,0,0,,,20,2,40,1,1,1,1,0,0,0.111342088,0.000110106,1.49E-06,0.554237288,33,0,1,0,0,0,0,0,0,0,0,0,0,,,
660,ok,226,4,4,4,1.333101773,0.268171431,0.067133499,2.295868549,0.584242049,0.678667291,20,3,60,1,1,1,1,0,0,0.158608598,0.000121648,8.09E-06,0.640466102,8,22,3,66,1,1,1,1,1,0,1.303266665,0.567769536,0.018765264,1.223305085,35,20,3,60,1,1,1,1,0,0,0.060011927,0.000141116,2.39E-06,0.313559322,18,0,2,0,0,0,0,0,0,0,0,0,0,,,20,2,40,1,1,1,1,0,0,0.106000225,0.000385469,5.23E-06,0.215254237,8,0,1,0,0,0,0,0,0,0,0,0,0,,,
960,ok,226,4,4,4,1.466929448,0.53825307,0.07403353,2.129582541,0.628964405,0.758318307,20,3,60,1,1,1,1,0,0,0.154003582,0.000118817,7.90E-06,0.773516949,10,22,3,66,1,1,1,1,1,0,1.339389621,0.752057808,0.024856148,1.487711864,43,20,3,60,1,1,1,1,0,0,0.085245196,0.00013102,2.22E-06,0.56779661,33,0,2,0,0,0,0,0,0,0,0,0,0,,,20,2,40,1,1,1,1,0,0,0.115284632,0.000258502,3.51E-06,0.405084746,22,0,1,0,0,0,0,0,0,0,0,0,0,,,
1216,ok,226,4,4,4,1.513129856,0.129857917,0.075571242,1.839461236,0.526148133,0.649843674,22,3,66,1,1,1,1,1,0,0.190533768,0.000301756,2.01E-05,0.573940678,7,22,3,66,1,1,1,1,1,0,1.207207065,0.427954885,0.014144272,0.76059322,21,20,3,60,1,1,1,1,0,0,0.070085238,0.000345252,5.85E-06,0.161016949,9,0,2,0,0,0,0,0,0,0,0,0,0,,,17,2,34,1,1,1,0,1,0,0.134182918,0.00097871,1.33E-05,0.106779661,0,0,1,0,0,0,0,0,0,0,0,0,0,,,
1261,ok,226,4,4,4,1.602837173,0.298983957,0.098501935,1.675662827,0.66411967,0.928069281,22,3,66,1,1,1,1,1,0,0.189016905,0.000167713,1.12E-05,1.039618644,14,22,3,66,1,1,1,1,1,0,1.253590801,0.475363939,0.015711181,0.76059322,21,20,3,60,1,1,1,1,0,0,0.107134489,0.000378989,6.42E-06,0.313559322,18,0,2,0,0,0,0,0,0,0,0,0,0,,,17,2,34,1,1,1,0,1,0,0.187856241,0.001689408,2.29E-05,0.161016949,4,0,1,0,0,0,0,0,0,0,0,0,0,,,
1268,ok,226,4,4,4,2.250574715,0.261579456,0.098289216,2.464861423,0.623727713,0.915064428,22,3,66,1,1,1,1,1,0,0.166565538,0.000184974,1.23E-05,1.039618644,14,22,3,66,1,1,1,1,1,0,1.283374132,0.744832025,0.02461733,0.958898305,27,20,3,60,1,1,1,1,0,0,0.07979917,0.000389688,6.60E-06,0.262711864,15,0,2,0,0,0,0,0,0,0,0,0,0,,,17,2,34,1,1,1,0,1,0,0.163451973,0.001465903,1.99E-05,0.133898305,2,0,1,0,0,0,0,0,0,0,0,0,0,,,
1353,ok,226,4,4,4,2.477724715,0.624964007,0.050665915,2.183413724,0.726281124,0.779475602,20,3,60,1,1,1,1,0,0,0.120792192,7.34E-05,4.89E-06,0.840042373,11,22,3,66,1,1,1,1,1,0,1.341509484,0.859839306,0.028418418,1.487711864,43,20,3,60,1,1,1,1,0,0,0.059442972,7.07E-05,1.20E-06,0.584745763,34,0,2,0,0,0,0,0,0,0,0,0,0,,,20,2,40,1,1,1,1,0,0,0.084115588,0.000157294,2.13E-06,0.472881356,27,0,1,0,0,0,0,0,0,0,0,0,0,,,
1743,ok,226,4,4,4,1.090154189,0.368726127,0.051544465,2.091828376,0.514829063,0.82904624,20,3,60,1,1,1,1,0,0,0.142951457,9.52E-05,6.34E-06,0.640466102,8,22,3,66,1,1,1,1,1,0,1.317855298,0.784113119,0.025915603,1.256355932,36,20,3,60,1,1,1,1,0,0,0.057364551,7.79E-05,1.32E-06,0.483050847,28,0,2,0,0,0,0,0,0,0,0,0,0,,,20,2,40,1,1,1,1,0,0,0.093617672,0.000209844,2.85E-06,0.255932203,11,0,1,0,0,0,0,0,0,0,0,0,0,,,
1803,ok,226,4,4,4,1.288767928,0.189183909,0.086047034,1.885595687,0.661048835,0.671039916,22,3,66,1,1,1,1,1,0,0.196290243,0.00019594,1.30E-05,0.640466102,8,22,3,66,1,1,1,1,1,0,1.223715855,0.374242143,0.01236902,0.826694915,23,20,3,60,1,1,1,1,0,0,0.078411866,0.00024322,4.12E-06,0.211864407,12,0,2,0,0,0,0,0,0,0,0,0,0,,,17,2,34,1,1,1,0,1,0,0.144204571,0.000938044,1.27E-05,0.147457627,3,0,1,0,0,0,0,0,0,0,0,0,0,,,
32,ok,224,8,5,5,2.190577202,0.102710655,0.482015164,1.902787659,0.680373744,0.750460093,22,3,66,1,1,1,1,1,0,0.512363681,0.000576403,3.83E-05,1.704872881,24,17,3,51,2,1,1,1,1,1,1.175473643,0.422664077,0.013969406,0.496186441,13,17,3,51,2,1,1,1,1,1,1.174428207,0.427364401,0.007243464,0.754237288,44,0,2,0,0,0,0,0,0,0,0,0,0,,,17,2,34,2,1,1,1,1,1,1.187983727,0.357184457,0.004843179,0.689830508,43,22,1,22,1,1,1,1,1,0,1.171079866,0.122557524,0.004154492,1.872881356,40,
156,ok,224,8,5,5,2.493628765,0.075757154,0.729705835,1.142360975,0.167975528,0.642960141,17,3,51,2,1,1,1,1,1,2.684838088,2.740525218,0.182314601,0.108262712,0,22,3,66,1,1,1,1,1,0,1.261188042,0.388732172,0.012847928,0.727542373,20,17,3,51,2,1,1,1,1,1,1.279604711,0.547443202,0.009278698,0.63559322,37,0,2,0,0,0,0,0,0,0,0,0,0,,,17,2,34,2,1,1,1,1,1,1.233644167,1.268068041,0.017194143,0.174576271,5,22,1,22,1,1,1,1,1,0,1.278082849,0.381815258,0.01294289,1.127118644,18,
1131,ok,224,8,5,5,1.554169641,0.109751181,0.358923868,0.90164917,0.337604123,0.85386234,17,3,51,2,1,1,1,1,1,3.718142434,7.122001646,0.473794177,0.108262712,0,22,3,66,1,1,1,1,1,0,1.164353725,0.29348526,0.009699937,0.397033898,10,17,3,51,2,1,1,1,1,1,1.184079648,0.369005778,0.006254335,0.974576271,57,0,2,0,0,0,0,0,0,0,0,0,0,,,17,2,34,2,1,1,1,1,1,1.195750187,0.37846451,0.005131722,0.391525424,21,22,1,22,1,1,1,1,1,0,1.087538199,0.3529073,0.011962959,0.788135593,8,
1432,ok,224,8,5,5,2.365001661,0.076773039,0.707602153,1.1113424,0.234246667,0.529409455,17,3,51,2,1,1,1,1,1,3.037922347,4.305191748,0.286404705,0.108262712,0,22,3,66,1,1,1,1,1,0,1.215454724,0.347631465,0.011489515,0.694491525,19,17,3,51,2,1,1,1,1,1,1.253876022,0.438076751,0.00742503,0.5,29,0,2,0,0,0,0,0,0,0,0,0,0,,,17,2,34,2,1,1,1,1,1,1.273582209,1.385643025,0.01878838,0.215254237,8,22,1,22,1,1,1,1,1,0,1.334040136,0.273483981,0.009270643,1.161016949,19,
1447,ok,224,8,5,5,2.37406805,0.118443133,0.543169005,1.157550892,0.421986981,0.640212516,17,3,51,2,1,1,1,1,1,4.583062229,15.87771655,1.056271821,0.108262712,0,22,3,66,1,1,1,1,1,0,1.187472649,0.322874808,0.010671286,0.562288136,15,17,3,51,2,1,1,1,1,1,1.204601421,0.484041382,0.008204091,0.669491525,39,0,2,0,0,0,0,0,0,0,0,0,0,,,17,2,34,2,1,1,1,1,1,1.216525082,0.464369101,0.00629653,0.445762712,25,22,1,22,1,1,1,1,1,0,1.224892209,0.250252461,0.008483134,1.127118644,18,
1540,ok,224,8,5,5,2.253082352,0.147650995,1.988721701,2.403711034,0.351193257,0.767640944,17,3,51,2,1,1,1,1,1,1.815443758,55.4171714,3.686650809,0.108262712,0,22,3,66,1,1,1,1,1,0,1.296940623,0.880116743,0.029088604,1.091101695,31,17,3,51,2,1,1,1,1,1,1.327080202,0.646330279,0.01095475,0.347457627,20,0,2,0,0,0,0,0,0,0,0,0,0,,,17,2,34,2,1,1,1,1,1,1.369020982,1.624815265,0.022031393,0.106779661,0,22,1,22,1,1,1,1,1,0,0.697265774,28.35244361,0.961099783,0.754237288,7,
1866,ok,224,8,5,5,1.336834925,0.088074141,0.834293301,1.260297186,0.361360404,0.376364501,17,3,51,2,1,1,1,1,1,3.822920068,4.31747931,0.287222141,0.108262712,0,22,3,66,1,1,1,1,1,0,1.216994033,0.2468911,0.00815996,0.826694915,23,17,3,51,2,1,1,1,1,1,1.235301757,0.33090599,0.005608576,0.36440678,21,0,2,0,0,0,0,0,0,0,0,0,0,,,17,2,34,2,1,1,1,1,1,1.249576665,0.3010842,0.004082498,0.350847458,18,22,1,22,1,1,1,1,1,0,1.252368387,0.184766354,0.006263266,1.262711864,22,
1987,ok,224,8,5,5,1.085962742,0.082007807,0.983882747,1.884189132,0.140699436,0.862131032,17,3,51,2,1,1,1,1,1,2.854830416,5.513970346,0.366819214,0.108262712,0,22,3,66,1,1,1,1,1,0,1.310850322,0.7594822,0.02510153,0.991949153,28,17,3,51,2,1,1,1,1,1,1.315891197,1.138725263,0.019300428,0.872881356,51,0,2,0,0,0,0,0,0,0,0,0,0,,,17,2,34,2,1,1,1,1,1,1.285678612,1.398096153,0.018957236,0.147457627,3,22,1,22,1,1,1,1,1,0,1.298439264,0.291876766,0.009894128,1.838983051,39,
89,ok,224,7,5,5,2.058749127,0.273016527,1.953987999,2.342915587,0.331344442,0.937824009,17,3,51,2,1,1,1,1,1,1.512798156,69.03903922,4.592851338,0.640466102,8,22,3,66,1,1,1,1,1,0,1.340922869,1.396558664,0.046157447,1.322457627,38,17,3,51,2,1,1,1,1,1,1.371989501,1.096083561,0.018577687,0.550847458,32,0,2,0,0,0,0,0,0,0,0,0,0,,,17,2,34,1,1,1,0,1,0,1.374321408,1.593844725,0.021611454,0.147457627,3,22,1,22,1,1,1,1,1,0,0.712599482,29.99130484,1.016654401,0.754237288,7,
268,ok,224,7,5,5,1.552901666,0.101587454,0.607734056,1.279312793,0.225728418,0.451736062,17,3,51,1,1,1,0,1,0,0.960516432,0.040617014,0.002702064,0.307838983,3,22,3,66,1,1,1,1,1,0,1.289916527,0.363090857,0.012000461,1.025,29,17,3,51,2,1,1,1,1,1,1.251970869,0.714010189,0.012101868,0.923728814,54,0,2,0,0,0,0,0,0,0,0,0,0,,,17,2,34,2,1,1,1,1,1,1.189576423,0.251823054,0.00341455,0.56779661,34,22,1,22,1,1,1,1,1,0,0.817951429,0.279680691,0.009480701,0.720338983,6,
677,ok,224,7,5,5,1.428750715,0.217388658,1.916905427,2.035153631,0.197033504,0.865455858,17,3,51,1,1,1,0,1,0,1.570700862,1.35511954,0.090149902,0.440889831,5,22,3,66,1,1,1,1,1,0,1.373258328,1.110717581,0.036710157,1.454661017,42,17,3,51,2,1,1,1,1,1,1.38616269,0.929580824,0.015755607,0.584745763,34,0,2,0,0,0,0,0,0,0,0,0,0,,,17,2,34,2,1,1,1,1,1,1.3749429,1.133387389,0.015367965,0.106779661,0,22,1,22,1,1,1,1,1,0,0.738995389,30.94474015,1.048974242,0.720338983,6,
1144,ok,224,7,5,5,1.801817496,0.58189144,0.653989182,1.233698008,0.831637911,0.674514861,12,3,36,3,1,1,1,1,2,1.815508407,4.930088614,0.327976234,0.307838983,3,22,3,66,1,1,1,1,1,0,1.27217323,0.222934393,0.007368171,0.958898305,27,22,3,66,1,1,1,1,1,0,0.702826582,0.005802794,9.84E-05,0.330508475,19,0,2,0,0,0,0,0,0,0,0,0,0,,,17,2,34,1,1,1,0,1,0,0.807875135,0.014674396,0.000198975,0.161016949,4,22,1,22,1,1,1,1,1,0,0.912104682,0.162173173,0.005497396,0.788135593,8,
1231,ok,224,7,5,5,1.278404119,0.259480524,0.689821929,1.276733542,0.50922198,0.520102475,17,3,51,2,1,1,1,1,1,5.077363571,7.44458183,0.495253961,0.108262712,0,22,3,66,1,1,1,1,1,0,1.284157249,0.292105289,0.009654327,0.991949153,28,17,3,51,2,1,1,1,1,1,1.267636393,0.499279191,0.008462359,0.855932203,50,0,2,0,0,0,0,0,0,0,0,0,0,,,17,2,34,1,1,1,0,1,0,0.840001675,0.021486611,0.000291344,0.120338983,1,22,1,22,1,1,1,1,1,0,0.902287789,0.260111691,0.008817345,0.822033898,9,
1464,ok,224,7,5,5,1.413079867,0.440162208,0.447073328,1.182214158,0.841181012,0.888845236,12,3,36,3,1,1,1,1,2,2.268627812,2.883593791,0.191832299,0.241313559,2,22,3,66,1,1,1,1,1,0,1.250416694,0.129780476,0.004289355,0.628389831,17,22,3,66,1,1,1,1,1,0,0.516418938,0.002370614,4.02E-05,0.313559322,18,0,2,0,0,0,0,0,0,0,0,0,0,,,17,2,34,1,1,1,0,1,0,0.674760504,0.012053734,0.00016344,0.106779661,0,22,1,22,1,1,1,1,1,0,0.866329537,0.152533632,0.005170632,0.754237288,7,
1516,ok,224,7,5,5,2.244863055,0.078617166,1.343345572,0.515590085,0.571870302,0.254803084,17,3,51,1,1,1,0,1,0,3.236418057,8.154219909,0.542462935,0.108262712,0,17,3,51,2,1,1,1,1,1,1.128856469,15.98154007,0.528203443,0.330932203,8,22,3,66,1,1,1,1,1,0,1.034404126,0.244613019,0.004145983,0.279661017,16,0,2,0,0,0,0,0,0,0,0,0,0,,,22,2,44,1,1,1,1,1,0,1.034916865,1.067817289,0.014478878,0.581355932,35,12,1,12,2,1,1,0,1,1,5.049114163,15.02936133,0.509469876,2.347457627,54,
554,ok,223,10,6,6,2.491022165,1.956491106,0.560510133,1.577455574,0.861246535,0.706296432,12,3,36,3,1,1,1,1,2,3.419514614,3.698979523,0.24607618,0.174788136,1,17,3,51,2,1,1,1,1,1,1.411872235,0.186783973,0.006173369,1.818220339,53,22,3,66,1,1,1,1,1,0,0.576568634,0.001400969,2.37E-05,0.703389831,41,15,2,30,1,1,1,0,0,0,0.573499016,2.86E-05,7.04E-07,2.463135593,57,10,2,20,2,1,1,0,0,1,0.586345783,0.000129451,1.76E-06,0.825423729,53,20,1,20,1,1,1,1,0,0,0.574496248,2.70E-05,9.15E-07,1.601694915,32,
802,ok,223,6,5,5,1.825911678,2.13146677,0.61040542,2.391127882,0.855792042,0.970654123,12,3,36,2,1,1,0,1,1,3.491493217,2.351683359,0.156446732,0.174788136,1,20,3,60,1,1,1,1,0,0,0.398899953,0.000290876,9.61E-06,0.363983051,9,22,3,66,1,1,1,1,1,0,0.504998918,0.000590926,1.00E-05,0.720338983,42,0,2,0,0,0,0,0,0,0,0,0,0,,,22,2,44,1,1,1,1,1,0,0.574172002,0.001582748,2.15E-05,0.296610169,14,17,1,17,1,1,1,0,1,0,0.54070863,0.073556003,0.002493424,0.516949153,0,
1593,ok,223,5,4,4,1.318331267,3.914096071,1.052244402,1.367345664,0.317941831,0.667623765,17,3,51,2,1,1,1,1,1,1.8454493,2.704577943,0.179923194,0.241313559,2,22,3,66,1,1,1,1,1,0,0.982157446,0.001119473,3.70E-05,1.15720339,33,22,3,66,1,1,1,1,1,0,0.916345436,0.00191424,3.24E-05,0.720338983,42,0,2,0,0,0,0,0,0,0,0,0,0,,,20,2,40,1,1,1,1,0,0,0.920827924,0.000555384,7.53E-06,0.513559322,30,0,1,0,0,0,0,0,0,0,0,0,0,,,
264,ok,223,4,4,4,1.235629841,0.237013125,0.192089173,2.016286874,0.547106957,0.250550229,17,3,51,1,1,1,0,1,0,0.68764926,0.002754101,0.000183218,0.241313559,2,22,3,66,1,1,1,1,1,0,0.322277422,0.000525418,1.74E-05,0.363983051,9,22,3,66,1,1,1,1,1,0,0.176006769,0.001384709,2.35E-05,0.279661017,16,0,2,0,0,0,0,0,0,0,0,0,0,,,20,2,40,1,1,1,1,0,0,0.182892249,0.000283828,3.85E-06,0.622033898,38,0,1,0,0,0,0,0,0,0,0,0,0,,,
266,ok,223,4,4,4,1.838421856,0.175750433,0.10548436,1.113949323,0.523524082,0.257441861,17,3,51,1,1,1,0,1,0,0.654174597,0.00273834,0.000182169,0.241313559,2,22,3,66,1,1,1,1,1,0,1.286228991,0.150166626,0.004963134,1.091101695,31,22,3,66,1,1,1,1,1,0,0.155219978,0.001194727,2.02E-05,0.211864407,12,0,2,0,0,0,0,0,0,0,0,0,0,,,20,2,40,1,1,1,1,0,0,0.180183826,0.000688596,9.34E-06,0.405084746,22,0,1,0,0,0,0,0,0,0,0,0,0,,,
419,ok,223,4,4,4,1.423758371,0.279872251,0.116455644,2.239472366,0.21400607,0.40420741,17,3,51,1,1,1,0,1,0,0.575111124,0.003561294,0.000236917,0.174788136,1,22,3,66,1,1,1,1,1,0,0.5675551,0.00365207,0.000120704,0.694491525,19,22,3,66,1,1,1,1,1,0,0.145955278,0.000618559,1.05E-05,0.669491525,39,0,2,0,0,0,0,0,0,0,0,0,0,,,20,2,40,1,1,1,1,0,0,0.134584762,0.000434592,5.89E-06,0.405084746,22,0,1,0,0,0,0,0,0,0,0,0,0,,,
1674,ok,223,4,4,4,1.614660371,0.286374471,0.1641976,2.122484704,0.393905492,0.307836732,17,3,51,1,1,1,0,1,0,0.552902006,0.003633944,0.00024175,0.241313559,2,22,3,66,1,1,1,1,1,0,0.476125832,0.002015591,6.66E-05,0.562288136,15,22,3,66,1,1,1,1,1,0,0.166855251,0.001361791,2.31E-05,0.398305085,23,0,2,0,0,0,0,0,0,0,0,0,0,,,20,2,40,1,1,1,1,0,0,0.166236548,0.000364896,4.95E-06,0.581355932,35,0,1,0,0,0,0,0,0,0,0,0,0,,,
1802,ok,223,4,4,4,1.592447355,0.100346171,0.096189918,1.757601963,0.530983897,0.175963407,17,3,51,1,1,1,0,1,0,1.05307836,0.001550927,0.000103176,0.174788136,1,22,3,66,1,1,1,1,1,0,1.272547903,0.124166326,0.004103802,1.553813559,45,22,3,66,1,1,1,1,1,0,0.091838278,0.000647643,1.10E-05,0.127118644,7,0,2,0,0,0,0,0,0,0,0,0,0,,,20,2,40,1,1,1,1,0,0,0.118858243,0.000303849,4.12E-06,0.350847458,18,0,1,0,0,0,0,0,0,0,0,0,0,,,
1941,ok,223,4,4,4,1.138788229,0.546068832,0.452254674,2.277957571,0.569582451,0.393673373,17,3,51,1,1,1,0,1,0,0.548468013,0.004365028,0.000290385,0.440889831,5,22,3,66,1,1,1,1,1,0,0.493008253,0.001341345,4.43E-05,0.628389831,17,22,3,66,1,1,1,1,1,0,0.383078945,0.003289072,5.57E-05,0.449152542,26,0,2,0,0,0,0,0,0,0,0,0,0,,,20,2,40,1,1,1,1,0,0,0.364614493,0.000278944,3.78E-06,0.757627119,48,0,1,0,0,0,0,0,0,0,0,0,0,,,
179,ok,221,5,4,4,2.260959699,0.616475155,0.268066107,2.09693242,0.882597626,0.661919477,17,3,51,2,1,1,1,1,1,2.867777626,0.118471481,0.007881366,0.108262712,0,22,3,66,1,1,1,1,1,0,1.326616144,0.310279258,0.010254992,1.454661017,42,20,3,60,1,1,1,1,0,0,0.24351703,0.00054007,9.15E-06,0.449152542,26,0,2,0,0,0,0,0,0,0,0,0,0,,,22,2,44,1,1,1,1,1,0,0.320465336,0.002924433,3.97E-05,0.391525424,21,0,1,0,0,0,0,0,0,0,0,0,0,,,
358,ok,221,5,4,4,1.066196733,0.471581852,0.114858043,0.520250979,0.737565986,0.935250489,22,3,66,1,1,1,1,1,0,0.373342939,0.000256736,1.71E-05,1.106144068,15,17,3,51,2,1,1,1,1,1,1.309680133,29.39803561,0.971629991,1.355508475,39,20,3,60,1,1,1,1,0,0,0.305152983,0.000570457,9.67E-06,0.449152542,26,0,2,0,0,0,0,0,0,0,0,0,0,,,22,2,44,1,1,1,1,1,0,0.400115089,0.003368056,4.57E-05,0.242372881,10,0,1,0,0,0,0,0,0,0,0,0,0,,,
765,ok,221,5,4,4,1.375129887,0.238120905,0.055496863,0.53854073,0.452093153,0.689989078,22,3,66,1,1,1,1,1,0,0.281790297,0.000802717,5.34E-05,0.507415254,6,17,3,51,2,1,1,1,1,1,1.383849455,31.98002994,1.056967091,1.421610169,41,20,3,60,1,1,1,1,0,0,0.160675475,0.000572543,9.70E-06,0.330508475,19,0,2,0,0,0,0,0,0,0,0,0,0,,,22,2,44,1,1,1,1,1,0,0.206427839,0.001320725,1.79E-05,0.188135593,6,0,1,0,0,0,0,0,0,0,0,0,0,,,
792,ok,221,5,4,4,1.304333348,0.287769395,0.094868269,0.854593295,0.833696103,0.643288006,17,3,51,2,1,1,1,1,1,3.276807811,0.020248936,0.001347069,0.108262712,0,22,3,66,1,1,1,1,1,0,1.167194615,0.120522069,0.003983357,0.496186441,13,20,3,60,1,1,1,1,0,0,0.157297573,0.000200217,3.39E-06,0.279661017,16,0,2,0,0,0,0,0,0,0,0,0,0,,,22,2,44,1,1,1,1,1,0,0.232078773,0.001696689,2.30E-05,0.242372881,10,0,1,0,0,0,0,0,0,0,0,0,0,,,
860,ok,221,5,4,4,2.372321574,0.384367767,0.072866087,2.226435213,0.842635468,0.922442626,17,3,51,2,1,1,1,1,1,3.024361548,0.023396214,0.001556443,0.108262712,0,22,3,66,1,1,1,1,1,0,1.280362873,0.423556548,0.013998903,0.925847458,26,20,3,60,1,1,1,1,0,0,0.065145114,8.53E-05,1.45E-06,0.347457627,20,0,2,0,0,0,0,0,0,0,0,0,0,,,22,2,44,1,1,1,1,1,0,0.129034132,0.00079402,1.08E-05,0.215254237,8,0,1,0,0,0,0,0,0,0,0,0,0,,,
1086,ok,221,5,4,4,1.127266374,0.078749108,0.087159415,2.186784099,0.432767974,0.712007825,22,3,66,1,1,1,1,1,0,0.209408424,0.000387286,2.58E-05,0.507415254,6,17,3,51,2,1,1,1,1,1,1.198286803,0.47852223,0.015815565,0.661440678,18,20,3,60,1,1,1,1,0,0,0.07048834,0.000448335,7.60E-06,0.127118644,7,0,2,0,0,0,0,0,0,0,0,0,0,,,22,2,44,1,1,1,1,1,0,0.264005326,0.031616577,0.000428699,0.784745763,50,0,1,0,0,0,0,0,0,0,0,0,0,,,
1139,ok,221,5,4,4,2.172357514,0.365983323,0.102085671,0.928669697,0.795232545,0.615294861,17,3,51,2,1,1,1,1,1,3.49226052,0.060582093,0.004030249,0.108262712,0,22,3,66,1,1,1,1,1,0,1.244777263,0.14171498,0.0046838,0.628389831,17,20,3,60,1,1,1,1,0,0,0.170476965,0.000511108,8.66E-06,0.330508475,19,0,2,0,0,0,0,0,0,0,0,0,0,,,22,2,44,1,1,1,1,1,0,0.230762791,0.00191947,2.60E-05,0.323728814,16,0,1,0,0,0,0,0,0,0,0,0,0,,,
1716,ok,221,5,4,4,1.80543895,0.37565796,0.095534593,1.162616116,0.787821406,0.715541958,17,3,51,2,1,1,1,1,1,3.492161161,0.045443803,0.003023168,0.108262712,0,22,3,66,1,1,1,1,1,0,1.255896564,0.174825002,0.005778114,0.694491525,19,20,3,60,1,1,1,1,0,0,0.133421552,0.000295812,5.01E-06,0.347457627,20,0,2,0,0,0,0,0,0,0,0,0,0,,,22,2,44,1,1,1,1,1,0,0.196749059,0.001444736,1.96E-05,0.283050847,13,0,1,0,0,0,0,0,0,0,0,0,0,,,
1776,ok,221,5,4,4,2.314143737,0.220446915,0.06972449,1.01220046,0.792531527,0.437164326,17,3,51,2,1,1,1,1,1,3.350352974,0.013455307,0.00089512,0.108262712,0,22,3,66,1,1,1,1,1,0,1.191338426,0.151978031,0.005023003,0.661440678,18,20,3,60,1,1,1,1,0,0,0.10608013,0.000290127,4.92E-06,0.211864407,12,0,2,0,0,0,0,0,0,0,0,0,0,,,22,2,44,1,1,1,1,1,0,0.150100309,0.000859027,1.16E-05,0.283050847,13,0,1,0,0,0,0,0,0,0,0,0,0,,,
1822,ok,221,5,4,4,1.075001845,0.432227058,0.066692238,0.578488393,0.431276357,0.91036608,22,3,66,1,1,1,1,1,0,0.275234024,0.000659836,4.39E-05,0.640466102,8,17,3,51,2,1,1,1,1,1,1.407354077,36.48366756,1.205816131,1.520762712,44,20,3,60,1,1,1,1,0,0,0.192949842,0.000489085,8.29E-06,0.618644068,36,0,2,0,0,0,0,0,0,0,0,0,0,,,22,2,44,1,1,1,1,1,0,0.231475709,0.001179793,1.60E-05,0.255932203,11,0,1,0,0,0,0,0,0,0,0,0,0,,,
532,ok,221,4,4,4,1.911978322,0.07951596,0.050244651,1.355452985,0.104798277,0.68442327,17,3,51,1,1,1,0,1,0,0.746875159,0.006701599,0.000445827,0.108262712,0,22,3,66,1,1,1,1,1,0,1.322124395,0.633717018,0.020944885,1.058050847,30,20,3,60,1,1,1,1,0,0,0.078297541,0.000345967,5.86E-06,0.43220339,25,0,2,0,0,0,0,0,0,0,0,0,0,,,22,2,44,1,1,1,1,1,0,0.269574948,0.027860183,0.000377765,0.784745763,50,0,1,0,0,0,0,0,0,0,0,0,0,,,
229,ok,220,6,5,5,1.42016882,2.123685806,1.055013411,2.35975188,0.580767716,0.797816262,12,3,36,2,1,1,0,1,1,2.474505056,16.65088949,1.107707479,0.241313559,2,22,3,66,1,1,1,1,1,0,0.539630526,0.001018062,3.36E-05,0.595338983,16,22,3,66,1,1,1,1,1,0,0.695656041,0.003333304,5.65E-05,0.550847458,32,0,2,0,0,0,0,0,0,0,0,0,0,,,15,2,30,1,1,1,0,0,0,0.730160722,0.000707471,9.59E-06,0.106779661,0,22,1,22,1,1,1,1,1,0,0.713536588,0.19987752,0.006775509,0.754237288,7,
1737,ok,220,4,4,4,1.582448107,0.184569023,0.587160828,1.919152316,0.640664644,0.566178909,22,3,66,1,1,1,1,1,0,0.569195298,0.001336505,8.89E-05,1.106144068,15,22,3,66,1,1,1,1,1,0,1.22658593,0.397528727,0.013138661,0.958898305,27,22,3,66,1,1,1,1,1,0,0.46472236,0.011238159,0.000190477,0.161016949,9,0,2,0,0,0,0,0,0,0,0,0,0,,,0,2,0,0,0,0,0,0,0,0,0,0,,,22,1,22,1,1,1,1,1,0,0.750146847,0.191652769,0.006496704,1.059322034,16,
1901,ok,220,4,4,4,1.245591005,0.16694746,0.486828177,1.572562027,0.582365759,0.710648793,22,3,66,1,1,1,1,1,0,0.565259675,0.000843036,5.61E-05,1.305720339,18,22,3,66,1,1,1,1,1,0,1.222954236,0.276357599,0.009133853,0.661440678,18,22,3,66,1,1,1,1,1,0,0.457049995,0.009429974,0.00015983,0.161016949,9,0,2,0,0,0,0,0,0,0,0,0,0,,,0,2,0,0,0,0,0,0,0,0,0,0,,,22,1,22,1,1,1,1,1,0,0.877582012,0.196563327,0.006663164,1.059322034,16,
224,ok,219,8,5,5,1.283719045,0.292334876,1.00661053,1.24587379,0.662903945,0.336934595,12,3,36,3,1,1,1,1,2,3.454675686,2.667458335,0.177453796,0.108262712,0,22,3,66,1,1,1,1,1,0,1.27984119,0.151645781,0.005012022,1.190254237,34,17,3,51,2,1,1,1,1,1,1.258004312,0.29494635,0.004999091,0.449152542,26,0,2,0,0,0,0,0,0,0,0,0,0,,,22,2,44,1,1,1,1,1,0,1.095002984,0.025635159,0.000347595,0.215254237,8,22,1,22,1,1,1,1,1,0,1.108051053,0.135066648,0.00457853,1.025423729,15,
233,ok,219,8,5,5,2.422544566,0.178003355,0.57178277,0.820746603,0.572589229,0.922611302,12,3,36,3,1,1,1,1,2,2.772937875,19.25768635,1.281125744,0.108262712,0,22,3,66,1,1,1,1,1,0,1.152009193,0.245218336,0.008104674,0.330932203,8,17,3,51,2,1,1,1,1,1,1.221866078,0.246677582,0.004180976,0.449152542,26,0,2,0,0,0,0,0,0,0,0,0,0,,,22,2,44,1,1,1,1,1,0,1.300790879,0.595844864,0.008079252,0.228813559,9,22,1,22,1,1,1,1,1,0,2.276027465,0.230868467,0.00782605,1.601694915,32,
388,ok,219,8,5,5,1.934613775,0.834283461,0.830405477,1.422831018,0.836810717,0.606731708,12,3,36,3,1,1,1,1,2,1.930756724,4.243494247,0.282300253,0.307838983,3,17,3,51,2,1,1,1,1,1,1.328297189,0.237489358,0.007849225,1.355508475,39,22,3,66,1,1,1,1,1,0,0.759631189,0.005873013,9.95E-05,0.36440678,21,0,2,0,0,0,0,0,0,0,0,0,0,,,22,2,44,1,1,1,1,1,0,0.842154207,0.011222376,0.000152168,0.215254237,8,22,1,22,1,1,1,1,1,0,0.895174636,0.112643496,0.003818424,0.822033898,9,
425,ok,219,8,5,5,2.09250349,0.194386723,0.675186917,0.971355724,0.563906339,0.714335097,12,3,36,3,1,1,1,1,2,3.295979667,13.11423794,0.872430236,0.108262712,0,22,3,66,1,1,1,1,1,0,1.209039812,0.240583234,0.00795148,0.496186441,13,17,3,51,2,1,1,1,1,1,1.229336177,0.323486334,0.005482819,0.483050847,28,0,2,0,0,0,0,0,0,0,0,0,0,,,22,2,44,1,1,1,1,1,0,1.290470034,0.484235511,0.006565905,0.337288136,17,22,1,22,1,1,1,1,1,0,1.681183553,0.258437753,0.008760602,1.36440678,25,
428,ok,219,8,5,5,1.277411723,0.494811839,0.731397052,0.828710357,0.592347534,0.793450257,12,3,36,3,1,1,1,1,2,2.141140513,12.20953751,0.812244656,0.108262712,0,22,3,66,1,1,1,1,1,0,1.287134457,0.202007931,0.006676533,0.661440678,18,17,3,51,2,1,1,1,1,1,1.302305309,0.204435745,0.003465013,0.686440678,40,0,2,0,0,0,0,0,0,0,0,0,0,,,22,2,44,1,1,1,1,1,0,1.333077156,0.242922359,0.003293862,0.486440678,28,22,1,22,1,1,1,1,1,0,1.465238819,0.284392549,0.009640425,0.923728814,12,
524,ok,219,8,5,5,2.179139404,0.152300682,0.884478181,1.339127902,0.496410135,0.591156988,12,3,36,3,1,1,1,1,2,4.16088308,10.39836944,0.691755933,0.108262712,0,22,3,66,1,1,1,1,1,0,1.198715579,0.392112735,0.012959658,0.727542373,20,17,3,51,2,1,1,1,1,1,1.260899948,0.393960476,0.006677296,0.43220339,25,0,2,0,0,0,0,0,0,0,0,0,0,,,22,2,44,1,1,1,1,1,0,1.290752807,0.576781258,0.007820763,0.337288136,17,22,1,22,1,1,1,1,1,0,1.581800444,0.207008239,0.007017228,1.737288136,36,
560,ok,219,8,5,5,1.707564199,0.49226257,0.999689574,1.1497156,0.46145169,0.338808412,17,3,51,2,1,1,1,1,1,2.374090947,2.2408229,0.149071693,0.174788136,1,17,3,51,2,1,1,1,1,1,1.413331105,0.138976939,0.004593306,1.487711864,43,17,3,51,2,1,1,1,1,1,1.346360155,0.477900186,0.008100003,0.771186441,45,0,2,0,0,0,0,0,0,0,0,0,0,,,22,2,44,1,1,1,1,1,0,1.130176224,0.018563834,0.000251713,0.36440678,19,22,1,22,1,1,1,1,1,0,1.091098071,0.088348187,0.002994854,0.788135593,8,
729,ok,219,8,5,5,1.241571119,0.188476109,1.250425617,1.353105818,0.267820753,0.411631196,17,3,51,2,1,1,1,1,1,2.116492682,1.330143077,0.088488332,0.174788136,1,17,3,51,2,1,1,1,1,1,1.352159163,0.311806679,0.010305475,1.388559322,40,17,3,51,2,1,1,1,1,1,1.355731467,0.394100976,0.006679678,0.483050847,28,0,2,0,0,0,0,0,0,0,0,0,0,,,22,2,44,1,1,1,1,1,0,1.341997874,0.291911462,0.003958122,0.337288136,17,22,1,22,1,1,1,1,1,0,1.24508268,0.238770655,0.008093921,1.194915254,20,
740,ok,219,8,5,5,1.251852215,0.822490144,1.037567392,1.253808677,0.652408576,0.848162971,17,3,51,2,1,1,1,1,1,1.432170236,8.240955899,0.548233083,0.773516949,10,17,3,51,2,1,1,1,1,1,1.338097467,0.345684203,0.011425156,1.091101695,31,17,3,51,2,1,1,1,1,1,1.350201367,0.347252314,0.005885632,0.906779661,53,0,2,0,0,0,0,0,0,0,0,0,0,,,22,2,44,1,1,1,1,1,0,1.35147904,0.196919324,0.002670093,0.716949153,45,22,1,22,1,1,1,1,1,0,1.334520985,0.221336061,0.007502917,1.194915254,20,
781,ok,219,8,5,5,1.919067777,2.059166118,1.202984982,0.874092566,0.503981942,0.974925853,17,3,51,2,1,1,1,1,1,1.457286679,22.09243515,1.469708609,2.503177966,36,17,3,51,2,1,1,1,1,1,1.41763365,0.293590834,0.009703426,1.15720339,33,17,3,51,2,1,1,1,1,1,1.448004665,0.109599033,0.001857611,0.855932203,50,0,2,0,0,0,0,0,0,0,0,0,0,,,22,2,44,1,1,1,1,1,0,1.457184847,0.156996766,0.00212877,0.418644068,23,22,1,22,1,1,1,1,1,0,1.537564766,0.352268917,0.011941319,0.923728814,12,
861,ok,219,8,5,5,1.581626139,0.112595979,0.247740936,0.741493078,0.59175884,0.979776048,17,3,51,2,1,1,1,1,1,2.413408849,1.192634103,0.079340489,0.174788136,1,17,3,51,2,1,1,1,1,1,1.114533052,0.207201539,0.006848186,0.198728814,4,17,3,51,2,1,1,1,1,1,1.128598047,0.16432851,0.002785229,0.788135593,46,0,2,0,0,0,0,0,0,0,0,0,0,,,22,2,44,1,1,1,1,1,0,1.161628254,0.295411962,0.004005586,0.459322034,26,22,1,22,1,1,1,1,1,0,1.443873307,0.182258886,0.006178267,0.923728814,12,
985,ok,219,8,5,5,2.226706472,0.189972989,0.45014018,0.814171408,0.67837139,0.835275563,12,3,36,3,1,1,1,1,2,2.799255028,9.096361206,0.605139284,0.108262712,0,22,3,66,1,1,1,1,1,0,1.143624217,0.200764113,0.006635424,0.330932203,8,17,3,51,2,1,1,1,1,1,1.194545042,0.210782042,0.003572577,0.56779661,33,0,2,0,0,0,0,0,0,0,0,0,0,,,22,2,44,1,1,1,1,1,0,1.232014594,0.432294313,0.005861618,0.43220339,24,22,1,22,1,1,1,1,1,0,1.690148143,0.210129462,0.007123033,1.161016949,19,
1002,ok,219,8,5,5,2.267147418,0.236529649,0.55140645,1.408356251,0.647273066,0.89417141,12,3,36,3,1,1,1,1,2,2.806446046,9.671723123,0.643415479,0.108262712,0,22,3,66,1,1,1,1,1,0,1.214874071,0.386387123,0.012770422,0.595338983,16,17,3,51,2,1,1,1,1,1,1.229994112,0.562762769,0.009538352,0.974576271,57,0,2,0,0,0,0,0,0,0,0,0,0,,,22,2,44,1,1,1,1,1,0,1.230026156,0.346654129,0.004700395,0.730508475,46,22,1,22,1,1,1,1,1,0,1.177340919,0.248313443,0.008417405,1.296610169,23,
1110,ok,219,8,5,5,1.867405448,0.127475892,1.387811113,1.817979836,0.16203962,0.240609935,17,3,51,1,1,1,0,1,0,1.549325231,0.13089289,0.008707705,0.174788136,1,22,3,66,1,1,1,1,1,0,0.872514543,0.007452986,0.000246328,1.058050847,30,17,3,51,2,1,1,1,1,1,1.358577234,0.976645817,0.016553319,0.652542373,38,0,2,0,0,0,0,0,0,0,0,0,0,,,17,2,34,2,1,1,1,1,1,1.274311989,0.181127192,0.002455962,0.622033898,38,17,1,17,2,1,1,1,1,1,0.958253848,25.64695189,0.8693882,1.059322034,16,
1137,ok,219,8,5,5,2.407077887,0.285417877,0.548181537,0.953049908,0.847713601,0.717174211,12,3,36,3,1,1,1,1,2,1.596558257,5.895145201,0.392177032,0.374364407,4,22,3,66,1,1,1,1,1,0,1.174165218,0.191265628,0.006321491,0.496186441,13,17,3,51,2,1,1,1,1,1,1.197095788,0.193904495,0.003286517,0.618644068,36,0,2,0,0,0,0,0,0,0,0,0,0,,,22,2,44,1,1,1,1,1,0,1.240182522,0.231275179,0.003135935,0.703389831,44,22,1,22,1,1,1,1,1,0,1.396625719,0.152008743,0.005152839,1.093220339,17,
1271,ok,219,8,5,5,1.108923904,0.080147289,0.206833335,0.555536103,0.375499633,0.73286118,22,3,66,1,1,1,1,1,0,0.673429608,0.005638786,0.000375123,0.573940678,7,17,3,51,2,1,1,1,1,1,1.102484951,28.38614007,0.938185986,0.231779661,5,17,3,51,2,1,1,1,1,1,1.116012895,0.149713173,0.002537511,0.805084746,47,0,2,0,0,0,0,0,0,0,0,0,0,,,17,2,34,2,1,1,1,1,1,1.123265199,0.735638919,0.009974765,0.418644068,23,17,1,17,1,1,1,0,1,0,1.123499737,0.218635767,0.007411382,0.516949153,0,
1305,ok,219,8,5,5,1.656562209,0.45376386,0.49911688,0.668256105,0.471666706,0.74187131,17,3,51,2,1,1,1,1,1,1.600050065,0.883868773,0.058799745,0.307838983,3,17,3,51,2,1,1,1,1,1,1.417605213,44.71121754,1.47774363,1.752118644,51,22,3,66,1,1,1,1,1,0,1.020841955,0.026015395,0.000440939,0.381355932,22,0,2,0,0,0,0,0,0,0,0,0,0,,,17,2,34,2,1,1,1,1,1,1.260523385,0.109768308,0.001488384,0.730508475,46,17,1,17,1,1,1,0,1,0,1.097275251,0.422120671,0.014309175,0.516949153,0,
1317,ok,219,8,5,5,2.484170111,1.482154282,1.057669434,1.107513785,0.730056013,0.536272341,12,3,36,3,1,1,1,1,2,1.463275984,13.15886526,0.875399088,0.573940678,7,17,3,51,2,1,1,1,1,1,1.405293448,0.180497471,0.005965594,1.487711864,43,22,3,66,1,1,1,1,1,0,1.10457683,0.016112399,0.000273092,0.415254237,24,0,2,0,0,0,0,0,0,0,0,0,0,,,22,2,44,1,1,1,1,1,0,1.115020056,0.009776576,0.000132564,0.323728814,16,22,1,22,1,1,1,1,1,0,1.137712919,0.119991908,0.004067522,0.788135593,8,
1512,ok,219,8,5,5,2.081421738,0.178728846,0.471609727,0.830966037,0.489276913,0.451463209,17,3,51,2,1,1,1,1,1,4.375224891,7.015645859,0.466718813,0.108262712,0,22,3,66,1,1,1,1,1,0,1.23328147,0.201235107,0.006650991,0.628389831,17,17,3,51,2,1,1,1,1,1,1.215893807,0.312867449,0.005302838,0.686440678,40,0,2,0,0,0,0,0,0,0,0,0,0,,,17,2,34,2,1,1,1,1,1,1.182419393,0.075853699,0.001028525,0.811864407,52,17,1,17,1,1,1,0,1,0,1.007211085,0.221689195,0.007514888,0.618644068,3,
1657,ok,219,8,5,5,1.587150484,0.092222372,0.50526614,0.558473756,0.341245959,0.944265181,17,3,51,2,1,1,1,1,1,1.466435338,0.371570605,0.024718892,0.440889831,5,17,3,51,2,1,1,1,1,1,1.153091147,31.74316805,1.049138605,0.198728814,4,17,3,51,2,1,1,1,1,1,1.370892526,0.114878937,0.001947101,0.144067797,8,0,2,0,0,0,0,0,0,0,0,0,0,,,22,2,44,1,1,1,1,1,0,1.036558187,0.731223169,0.00991489,0.622033898,38,22,1,22,1,1,1,1,1,0,3.159750006,0.242710732,0.008227482,1.56779661,31,
1666,ok,219,8,5,5,2.187149909,0.103398553,1.661997478,2.300383865,0.281657777,0.431735926,17,3,51,2,1,1,1,1,1,4.654025092,25.52128332,1.697814187,0.108262712,0,22,3,66,1,1,1,1,1,0,1.29961869,0.650460659,0.021498276,1.553813559,45,17,3,51,2,1,1,1,1,1,1.323063506,0.653072526,0.011069026,0.381355932,22,0,2,0,0,0,0,0,0,0,0,0,0,,,17,2,34,2,1,1,1,1,1,1.325494471,0.932191572,0.012639886,0.242372881,10,17,1,17,1,1,1,0,1,0,0.601338227,26.75756375,0.907036059,0.618644068,3,
1795,ok,219,8,5,5,1.676168736,0.247415949,0.943859626,1.316555953,0.657989134,0.597660211,12,3,36,3,1,1,1,1,2,1.866302092,11.56600966,0.769433693,0.108262712,0,22,3,66,1,1,1,1,1,0,1.220488451,0.30328948,0.010023974,0.793644068,22,17,3,51,2,1,1,1,1,1,1.249430641,0.366484029,0.006211594,0.466101695,27,0,2,0,0,0,0,0,0,0,0,0,0,,,22,2,44,1,1,1,1,1,0,1.297114051,0.434639325,0.005893415,0.472881356,27,22,1,22,1,1,1,1,1,0,1.581958846,0.158782261,0.00538245,1.669491525,34,
1892,ok,219,8,5,5,1.324898994,0.168800975,0.387211511,0.6339519,0.390425998,0.992342131,17,3,51,2,1,1,1,1,1,1.748642555,1.851230479,0.123153892,0.241313559,2,17,3,51,2,1,1,1,1,1,1.505492261,47.30910896,1.563606144,1.652966102,48,17,3,51,2,1,1,1,1,1,1.209516108,0.227260845,0.003851879,0.754237288,44,0,2,0,0,0,0,0,0,0,0,0,0,,,22,2,44,1,1,1,1,1,0,1.262543832,0.359865212,0.004879528,0.269491525,12,22,1,22,1,1,1,1,1,0,1.596615506,0.346556734,0.011747686,0.822033898,9,
1996,ok,219,8,5,5,1.238420519,0.66353644,0.740210348,0.799547616,0.309626553,0.676233947,17,3,51,2,1,1,1,1,1,1.599574255,0.586797794,0.039036972,0.307838983,3,17,3,51,2,1,1,1,1,1,1.401009352,0.21634556,0.007150404,1.025,29,22,3,66,1,1,1,1,1,0,1.147427586,0.024351955,0.000412745,0.483050847,28,0,2,0,0,0,0,0,0,0,0,0,0,,,17,2,34,2,1,1,1,1,1,1.303656723,0.083090848,0.001126656,0.744067797,47,17,1,17,1,1,1,0,1,0,1.170097081,0.217616895,0.007376844,0.584745763,2,
38,ok,219,7,5,5,1.823327404,0.193463894,0.67624629,1.121663413,0.200995915,0.446151628,17,3,51,1,1,1,0,1,0,1.096642723,0.054195578,0.003605384,0.307838983,3,17,3,51,2,1,1,1,1,1,1.388643566,0.283732026,0.009377584,1.256355932,36,22,3,66,1,1,1,1,1,0,0.897434984,0.042609828,0.0007222,0.330508475,19,0,2,0,0,0,0,0,0,0,0,0,0,,,17,2,34,2,1,1,1,1,1,1.222185761,0.12519589,0.001697571,0.757627119,48,17,1,17,1,1,1,0,1,0,0.851670933,0.267630429,0.009072218,0.584745763,2,
75,ok,219,7,5,5,2.02687355,0.63706892,0.570389755,1.284231902,0.630263124,0.81207847,12,3,36,3,1,1,1,1,2,3.090608958,8.355186483,0.555832321,0.108262712,0,22,3,66,1,1,1,1,1,0,1.337009049,0.424753598,0.014038466,1.025,29,22,3,66,1,1,1,1,1,0,0.66024553,0.012288986,0.000208288,0.398305085,23,0,2,0,0,0,0,0,0,0,0,0,0,,,17,2,34,1,1,1,0,1,0,0.730666617,0.011760519,0.000159465,0.133898305,2,17,1,17,1,1,1,0,1,0,0.765450519,0.413372658,0.014012632,0.618644068,3,
186,ok,219,7,5,5,2.229148205,0.158487502,1.327319776,1.173197091,0.215373938,0.668633603,17,3,51,1,1,1,0,1,0,1.555047311,0.975033022,0.064864485,0.374364407,4,22,3,66,1,1,1,1,1,0,1.327965092,0.438326677,0.014487068,0.925847458,26,17,3,51,2,1,1,1,1,1,1.478121026,0.219074656,0.00371313,0.194915254,11,0,2,0,0,0,0,0,0,0,0,0,0,,,17,2,34,1,1,1,0,1,0,1.058072687,0.258183447,0.003500793,0.838983051,54,17,1,17,2,1,1,1,1,1,1.938872119,31.79002272,1.077627889,1.805084746,38,
651,ok,219,7,5,5,2.07434746,0.447359835,0.368091915,0.932693201,0.82212072,0.866605442,12,3,36,3,1,1,1,1,2,2.148785108,3.663703171,0.243729406,0.108262712,0,22,3,66,1,1,1,1,1,0,1.215906217,0.228472599,0.007551213,0.562288136,15,22,3,66,1,1,1,1,1,0,0.552672741,0.004353015,7.38E-05,0.330508475,19,0,2,0,0,0,0,0,0,0,0,0,0,,,17,2,34,1,1,1,0,1,0,0.680069084,0.016682081,0.000226198,0.133898305,2,17,1,17,1,1,1,0,1,0,0.862115444,0.184681848,0.006260402,0.584745763,2,
665,ok,219,7,5,5,2.275346218,0.343703396,0.822702642,1.418679363,0.771562535,0.805280543,12,3,36,2,1,1,0,1,1,1.568068643,6.664657045,0.443369134,0.440889831,5,22,3,66,1,1,1,1,1,0,1.242045491,0.311060194,0.010280803,0.727542373,20,17,3,51,2,1,1,1,1,1,1.265013877,0.417338324,0.007073531,0.686440678,40,0,2,0,0,0,0,0,0,0,0,0,0,,,22,2,44,1,1,1,1,1,0,1.299115844,0.473840183,0.006424952,0.622033898,38,22,1,22,1,1,1,1,1,0,1.485340303,0.172550218,0.00584916,1.669491525,34,
680,ok,219,7,5,5,1.292251494,0.083232972,0.216306554,0.976017717,0.580892106,0.79393521,22,3,66,1,1,1,1,1,0,0.43125584,0.001006058,6.69E-05,0.97309322,13,17,3,51,2,1,1,1,1,1,1.12558571,0.302138428,0.009985931,0.264830508,6,12,3,36,2,1,1,0,1,1,1.106107673,0.169306401,0.0028696,0.957627119,56,0,2,0,0,0,0,0,0,0,0,0,0,,,22,2,44,1,1,1,1,1,0,1.090739387,0.060693697,0.000822965,0.716949153,45,22,1,22,1,1,1,1,1,0,0.994069569,0.131703328,0.00446452,0.822033898,9,
949,ok,219,7,5,5,2.163370864,2.609783094,1.7366149,1.101308975,0.207914219,0.428762741,17,3,51,2,1,1,1,1,1,1.526520524,0.048998258,0.00325963,0.706991525,9,17,3,51,1,1,1,0,1,0,1.494506424,0.002843496,9.40E-05,1.851271186,54,22,3,66,1,1,1,1,1,0,1.412680999,0.007162096,0.000121391,0.449152542,26,0,2,0,0,0,0,0,0,0,0,0,0,,,17,2,34,2,1,1,1,1,1,1.451423686,0.004950432,6.71E-05,0.296610169,14,17,1,17,1,1,1,0,1,0,0.967957519,32.69298213,1.108236682,0.652542373,4,
964,ok,219,7,5,5,1.562711955,0.53765052,0.402545699,1.15025748,0.859248969,0.810161899,12,3,36,3,1,1,1,1,2,3.296735989,1.944033154,0.129327629,0.174788136,1,22,3,66,1,1,1,1,1,0,1.250979753,0.198026139,0.006544932,0.76059322,21,22,3,66,1,1,1,1,1,0,0.484190856,0.001702562,2.89E-05,0.36440678,21,0,2,0,0,0,0,0,0,0,0,0,0,,,17,2,34,1,1,1,0,1,0,0.626539472,0.010563194,0.00014323,0.174576271,5,17,1,17,1,1,1,0,1,0,0.699169815,0.138149764,0.004683043,0.550847458,1,
1072,ok,219,7,5,5,1.783574768,0.915632034,0.78366542,1.785055918,0.35936859,0.780814104,17,3,51,2,1,1,1,1,1,5.277914287,28.79267859,1.915445143,0.108262712,0,17,3,51,2,1,1,1,1,1,1.434194736,0.687392937,0.022718919,1.983474576,58,22,3,66,1,1,1,1,1,0,0.697680411,0.01157796,0.000196237,0.550847458,32,0,2,0,0,0,0,0,0,0,0,0,0,,,17,2,34,1,1,1,0,1,0,0.727982622,0.006161081,8.35E-05,0.133898305,2,17,1,17,1,1,1,0,1,0,0.71194064,0.317212091,0.010752952,0.618644068,3,
1192,ok,219,7,5,5,1.506476432,0.156937441,0.960919716,1.53277527,0.522285275,0.186911017,17,3,51,1,1,1,0,1,0,1.474269399,0.058943781,0.00392126,0.241313559,2,17,3,51,2,1,1,1,1,1,1.32179265,0.108330475,0.003580414,1.619915254,47,17,3,51,2,1,1,1,1,1,1.252639991,0.435394279,0.007379564,0.449152542,26,0,2,0,0,0,0,0,0,0,0,0,0,,,22,2,44,1,1,1,1,1,0,0.913094749,0.019020153,0.0002579,0.323728814,16,22,1,22,1,1,1,1,1,0,0.84005397,0.085764238,0.002907262,0.889830508,11,
1256,ok,219,7,5,5,2.468855034,1.707246378,1.459112055,1.883060289,0.244190375,0.574381332,12,3,36,2,1,1,0,1,1,2.304153429,8.661828597,0.576231818,0.174788136,1,22,3,66,1,1,1,1,1,0,0.857385045,0.003111928,0.000102852,1.190254237,34,22,3,66,1,1,1,1,1,0,0.9364173,0.00916088,0.000155269,0.483050847,28,0,2,0,0,0,0,0,0,0,0,0,0,,,17,2,34,1,1,1,0,1,0,0.928559223,0.002121394,2.88E-05,0.106779661,0,17,1,17,2,1,1,1,1,1,0.951351171,36.23559036,1.228325097,0.889830508,11,
1259,ok,219,7,5,5,2.180667812,0.086615755,0.682034844,1.236410728,0.142793758,0.448702915,17,3,51,1,1,1,0,1,0,1.067013846,0.066474666,0.004422255,0.241313559,2,22,3,66,1,1,1,1,1,0,1.322355941,0.411700645,0.013607055,1.15720339,33,17,3,51,2,1,1,1,1,1,1.28432379,0.843547232,0.014297411,0.957627119,56,0,2,0,0,0,0,0,0,0,0,0,0,,,17,2,34,2,1,1,1,1,1,1.234047054,0.655506582,0.008888225,0.377966102,20,17,1,17,1,1,1,0,1,0,0.835970585,0.373483586,0.012660461,0.686440678,5,
1266,ok,219,7,5,5,1.36827899,0.687582212,1.705329232,1.29330566,0.78260691,0.850288307,17,3,51,2,1,1,1,1,1,1.434935786,2.444418863,0.162616001,3.234957627,47,22,3,66,1,1,1,1,1,0,1.316234366,0.205812102,0.006802264,0.925847458,26,17,3,51,2,1,1,1,1,1,1.417828766,0.048625536,0.000824162,0.228813559,13,0,2,0,0,0,0,0,0,0,0,0,0,,,17,2,34,1,1,1,0,1,0,1.46321303,0.340169849,0.004612473,0.161016949,4,17,1,17,1,1,1,0,1,0,0.800240076,25.52691893,0.865319286,0.652542373,4,
1454,ok,219,7,5,5,1.773332472,1.786348857,0.755162821,0.812633476,0.684247057,0.921185828,17,3,51,2,1,1,1,1,1,1.389707597,12.10690894,0.805417248,0.97309322,13,17,3,51,2,1,1,1,1,1,1.389534134,0.180445598,0.00596388,0.958898305,27,22,3,66,1,1,1,1,1,0,1.077354217,0.009270621,0.000157129,0.56779661,33,0,2,0,0,0,0,0,0,0,0,0,0,,,17,2,34,1,1,1,0,1,0,1.060247354,0.005130792,6.96E-05,0.133898305,2,17,1,17,1,1,1,0,1,0,1.177666703,0.248337176,0.008418209,0.618644068,3,
1553,ok,219,7,5,5,1.901359396,0.07637301,0.452327299,1.833127032,0.497653386,0.264137278,17,3,51,1,1,1,0,1,0,0.954872767,0.032166835,0.002139912,0.241313559,2,22,3,66,1,1,1,1,1,0,1.210540903,0.22875429,0.007560523,1.124152542,32,17,3,51,2,1,1,1,1,1,1.159851255,0.533181289,0.009036971,0.805084746,47,0,2,0,0,0,0,0,0,0,0,0,0,,,17,2,34,2,1,1,1,1,1,0.546671581,0.046119162,0.000625345,0.730508475,46,17,1,17,1,1,1,0,1,0,0.509036721,0.121113005,0.004105526,0.686440678,5,
1678,ok,219,7,5,5,2.043066977,0.231187939,1.531808475,1.494030383,0.507679022,0.887858561,17,3,51,2,1,1,1,1,1,1.428794206,18.58175512,1.236159133,1.106144068,15,22,3,66,1,1,1,1,1,0,1.244064828,0.541927123,0.017911151,0.727542373,20,17,3,51,2,1,1,1,1,1,1.341574203,0.226310662,0.003835774,0.279661017,16,0,2,0,0,0,0,0,0,0,0,0,0,,,17,2,34,1,1,1,0,1,0,1.366834039,1.015747102,0.013772842,0.106779661,0,17,1,17,1,1,1,0,1,0,0.767800651,27.79359021,0.9421556,0.584745763,2,
1721,ok,219,7,5,5,2.311116274,0.1929344,0.804046093,1.030235063,0.550067795,0.174538037,17,3,51,1,1,1,0,1,0,1.683765618,0.086847031,0.005777536,0.241313559,2,17,3,51,2,1,1,1,1,1,1.347141362,0.070456021,0.002328631,1.190254237,34,17,3,51,2,1,1,1,1,1,1.260767296,0.279415329,0.004735853,0.398305085,23,0,2,0,0,0,0,0,0,0,0,0,0,,,22,2,44,1,1,1,1,1,0,1.100464844,0.017309036,0.000234699,0.486440678,28,22,1,22,1,1,1,1,1,0,1.029119839,0.048508401,0.001644353,0.720338983,6,
1813,ok,219,7,5,5,2.4113782,0.611703196,0.576178025,1.521636149,0.656369133,0.764495709,12,3,36,3,1,1,1,1,2,3.282731759,6.934735369,0.461336209,0.108262712,0,22,3,66,1,1,1,1,1,0,1.328980256,0.584630282,0.019322526,1.190254237,34,22,3,66,1,1,1,1,1,0,0.593099799,0.012062195,0.000204444,0.381355932,22,0,2,0,0,0,0,0,0,0,0,0,0,,,17,2,34,1,1,1,0,1,0,0.67435085,0.014183541,0.000192319,0.161016949,4,17,1,17,1,1,1,0,1,0,0.708884556,0.320385598,0.010860529,0.652542373,4,
1960,ok,219,7,5,5,2.184149609,0.434672507,1.123668208,1.385881346,0.426690638,0.733224075,12,3,36,2,1,1,0,1,1,3.281922694,27.06070115,1.800224611,0.108262712,0,22,3,66,1,1,1,1,1,0,1.365959032,0.509372055,0.016835178,1.15720339,33,17,3,51,2,1,1,1,1,1,1.348356276,0.760899359,0.012896599,0.788135593,46,0,2,0,0,0,0,0,0,0,0,0,0,,,22,2,44,1,1,1,1,1,0,1.351451652,0.555652492,0.007534271,0.472881356,27,22,1,22,1,1,1,1,1,0,1.348380232,0.329851058,0.011181392,1.330508475,24,
1745,ok,219,6,5,5,1.735838004,0.093567236,0.283027423,1.674254564,0.642406324,0.482288142,22,3,66,1,1,1,1,1,0,0.43087088,0.002577678,0.000171481,0.573940678,7,17,3,51,2,1,1,1,1,1,1.153450387,0.271369294,0.008968985,0.628389831,17,17,3,51,1,1,1,0,1,0,0.25913655,0.004139708,7.02E-05,0.093220339,5,0,2,0,0,0,0,0,0,0,0,0,0,,,17,2,34,1,1,1,0,1,0,0.632564441,0.083138559,0.001127302,0.879661017,57,17,1,17,1,1,1,0,1,0,0.528042202,0.12305152,0.004171238,0.686440678,5,
1495,ok,219,5,5,5,2.188618256,0.341452638,0.216746434,2.408227909,0.171896207,0.780123702,17,3,51,1,1,1,0,1,0,0.392236073,0.007594945,0.000505257,0.307838983,3,17,3,51,1,1,1,0,1,0,0.284983073,0.001556484,5.14E-05,0.231779661,5,22,3,66,1,1,1,1,1,0,0.264222348,0.001939284,3.29E-05,0.805084746,47,0,2,0,0,0,0,0,0,0,0,0,0,,,17,2,34,1,1,1,0,1,0,0.282213633,0.00399762,5.42E-05,0.174576271,5,17,1,17,1,1,1,0,1,0,0.262454784,0.000344138,1.17E-05,0.618644068,3,
1162,ok,218,8,5,5,1.083368955,0.134590791,0.244837139,0.702363883,0.676766927,0.134052732,17,3,51,1,1,1,0,1,0,3.939122192,0.032722397,0.002176871,0.108262712,0,12,3,36,3,1,1,1,1,2,1.240293577,18.329853,0.605817175,1.851271186,54,17,3,51,2,1,1,1,1,1,1.118690487,0.114672191,0.001943596,0.788135593,46,20,2,40,1,1,1,1,0,0,0.469779896,6.38E-05,1.57E-06,1.652118644,24,20,2,40,1,1,1,1,0,0,0.460307675,0.000245871,3.33E-06,0.757627119,48,0,1,0,0,0,0,0,0,0,0,0,0,,,
1424,ok,217,8,5,5,1.417741878,2.231518901,0.563720814,0.722738822,0.459674702,0.899347799,17,3,51,2,1,1,1,1,1,1.532311509,1.263410607,0.084048926,0.374364407,4,12,3,36,3,1,1,1,1,2,1.456719307,45.16726908,1.49281652,1.025,29,22,3,66,1,1,1,1,1,0,0.964954166,0.005571793,9.44E-05,0.855932203,50,0,2,0,0,0,0,0,0,0,0,0,0,,,22,2,44,1,1,1,1,1,0,0.975989579,0.003710134,5.03E-05,0.405084746,22,20,1,20,1,1,1,1,0,0,0.956967667,6.70E-05,2.27E-06,1.466101695,28,
64,ok,217,5,4,4,1.61253092,0.278555875,0.185451172,0.648362134,0.828832897,0.786106311,22,3,66,1,1,1,1,1,0,0.464682175,0.000408638,2.72E-05,1.106144068,15,17,3,51,2,1,1,1,1,1,1.304349477,39.13998911,1.293609809,1.686016949,49,22,3,66,1,1,1,1,1,0,0.381285781,0.001359536,2.30E-05,0.245762712,14,0,2,0,0,0,0,0,0,0,0,0,0,,,17,2,34,1,1,1,0,1,0,0.520632147,0.010931956,0.00014823,0.147457627,3,0,1,0,0,0,0,0,0,0,0,0,0,,,
104,ok,217,5,4,4,1.613368363,0.326031458,0.13811029,0.756449157,0.448710288,0.987103461,22,3,66,1,1,1,1,1,0,0.381959438,0.001414014,9.41E-05,0.906567797,12,17,3,51,2,1,1,1,1,1,1.544768573,62.57719511,2.06822933,1.983474576,58,22,3,66,1,1,1,1,1,0,0.29929787,0.002474231,4.19E-05,0.415254237,24,0,2,0,0,0,0,0,0,0,0,0,0,,,17,2,34,1,1,1,0,1,0,0.384779541,0.006726867,9.12E-05,0.147457627,3,0,1,0,0,0,0,0,0,0,0,0,0,,,
163,ok,217,5,4,4,1.147386412,0.530813962,0.076263476,0.579131559,0.527220138,0.708206308,22,3,66,1,1,1,1,1,0,0.317104673,0.000816185,5.43E-05,0.573940678,7,17,3,51,2,1,1,1,1,1,1.371238674,32.08758588,1.060521906,1.520762712,44,20,3,60,1,1,1,1,0,0,0.215181547,0.0005102,8.65E-06,0.63559322,37,0,2,0,0,0,0,0,0,0,0,0,0,,,20,2,40,1,1,1,1,0,0,0.236939504,0.000643901,8.73E-06,0.445762712,25,0,1,0,0,0,0,0,0,0,0,0,0,,,
167,ok,217,5,4,4,1.345379854,0.563251363,0.393625299,1.247882005,0.389576974,0.941457349,17,3,51,2,1,1,1,1,1,4.277313604,8.796907572,0.585218004,0.108262712,0,22,3,66,1,1,1,1,1,0,1.376584918,0.475407024,0.015712605,1.058050847,30,22,3,66,1,1,1,1,1,0,0.529412984,0.006745175,0.000114325,0.550847458,32,0,2,0,0,0,0,0,0,0,0,0,0,,,17,2,34,1,1,1,0,1,0,0.603916711,0.009100515,0.000123397,0.147457627,3,0,1,0,0,0,0,0,0,0,0,0,0,,,
198,ok,217,5,4,4,1.214200023,0.837654726,0.123102706,2.348512611,0.889024266,0.821231683,17,3,51,2,1,1,1,1,1,2.797382869,0.009341508,0.000621448,0.108262712,0,22,3,66,1,1,1,1,1,0,1.352535647,0.216845744,0.007166936,1.553813559,45,20,3,60,1,1,1,1,0,0,0.133721329,3.03E-05,5.13E-07,0.703389831,41,0,2,0,0,0,0,0,0,0,0,0,0,,,20,2,40,1,1,1,1,0,0,0.165741743,0.000164894,2.24E-06,0.594915254,36,0,1,0,0,0,0,0,0,0,0,0,0,,,
214,ok,217,5,4,4,1.636695522,0.665238537,0.153968854,2.172108786,0.89608656,0.736250839,17,3,51,2,1,1,1,1,1,2.780932906,0.0197266,0.00131232,0.108262712,0,22,3,66,1,1,1,1,1,0,1.327358006,0.243615087,0.008051685,1.421610169,41,20,3,60,1,1,1,1,0,0,0.152966294,8.75E-05,1.48E-06,0.550847458,32,0,2,0,0,0,0,0,0,0,0,0,0,,,20,2,40,1,1,1,1,0,0,0.205157922,0.000722582,9.80E-06,0.459322034,26,0,1,0,0,0,0,0,0,0,0,0,0,,,
354,ok,217,5,4,4,2.059871179,0.362664472,0.179668265,1.229493653,0.812891311,0.951477718,17,3,51,2,1,1,1,1,1,3.412073698,0.351067984,0.023354946,0.108262712,0,22,3,66,1,1,1,1,1,0,1.229167597,0.218296246,0.007214876,0.562288136,15,22,3,66,1,1,1,1,1,0,0.229797788,0.000977018,1.66E-05,0.313559322,18,0,2,0,0,0,0,0,0,0,0,0,0,,,17,2,34,1,1,1,0,1,0,0.3535071,0.006268796,8.50E-05,0.147457627,3,0,1,0,0,0,0,0,0,0,0,0,0,,,
409,ok,217,5,4,4,1.664126052,0.166618325,0.091034133,0.536782466,0.512003562,0.645999599,22,3,66,1,1,1,1,1,0,0.372127847,0.001674923,0.000111425,0.573940678,7,17,3,51,2,1,1,1,1,1,1.391953066,32.01101722,1.057991247,1.421610169,41,22,3,66,1,1,1,1,1,0,0.259698245,0.001822569,3.09E-05,0.211864407,12,0,2,0,0,0,0,0,0,0,0,0,0,,,17,2,34,1,1,1,0,1,0,0.326947286,0.004363223,5.92E-05,0.133898305,2,0,1,0,0,0,0,0,0,0,0,0,0,,,
412,ok,217,5,4,4,1.777134318,0.331348453,0.359167996,0.996312465,0.370867636,0.748718147,17,3,51,2,1,1,1,1,1,3.642958459,2.675389021,0.177981388,0.108262712,0,22,3,66,1,1,1,1,1,0,1.324588204,0.345060662,0.011404547,0.826694915,23,22,3,66,1,1,1,1,1,0,0.574176635,0.012907701,0.000218775,0.398305085,23,0,2,0,0,0,0,0,0,0,0,0,0,,,17,2,34,1,1,1,0,1,0,0.640308508,0.016212275,0.000219827,0.133898305,2,0,1,0,0,0,0,0,0,0,0,0,0,,,
465,ok,217,5,4,4,1.070066916,0.118596273,0.177281358,1.931789522,0.669722623,0.463576109,22,3,66,1,1,1,1,1,0,0.322167865,0.000550073,3.66E-05,0.507415254,6,17,3,51,2,1,1,1,1,1,1.191121233,0.207319711,0.006852092,0.826694915,23,22,3,66,1,1,1,1,1,0,0.141158815,0.000831378,1.41E-05,0.127118644,7,0,2,0,0,0,0,0,0,0,0,0,0,,,17,2,34,1,1,1,0,1,0,0.233150032,0.002714069,3.68E-05,0.133898305,2,0,1,0,0,0,0,0,0,0,0,0,0,,,
598,ok,217,5,4,4,1.657322336,0.712490472,0.063913798,0.910714638,0.844759285,0.784283453,17,3,51,2,1,1,1,1,1,3.133271776,0.017321479,0.001152319,0.108262712,0,22,3,66,1,1,1,1,1,0,1.275716138,0.125332055,0.004142331,0.727542373,20,20,3,60,1,1,1,1,0,0,0.119744029,6.97E-05,1.18E-06,0.63559322,37,0,2,0,0,0,0,0,0,0,0,0,0,,,20,2,40,1,1,1,1,0,0,0.151550598,0.000257313,3.49E-06,0.554237288,33,0,1,0,0,0,0,0,0,0,0,0,0,,,
611,ok,217,5,4,4,1.931074095,0.248143494,0.107385535,0.631226453,0.699403325,0.762602664,22,3,66,1,1,1,1,1,0,0.329370554,0.000647517,4.31E-05,0.906567797,12,17,3,51,2,1,1,1,1,1,1.463199832,40.5667593,1.340765774,1.652966102,48,22,3,66,1,1,1,1,1,0,0.251516545,0.001328088,2.25E-05,0.245762712,14,0,2,0,0,0,0,0,0,0,0,0,0,,,17,2,34,1,1,1,0,1,0,0.3376568,0.005316651,7.21E-05,0.161016949,4,0,1,0,0,0,0,0,0,0,0,0,0,,,
636,ok,217,5,4,4,1.186682501,0.448110952,0.055877909,0.897208878,0.846865377,0.650132535,17,3,51,2,1,1,1,1,1,3.062186293,0.004925249,0.000327654,0.108262712,0,22,3,66,1,1,1,1,1,0,1.213033209,0.122921654,0.004062665,0.661440678,18,20,3,60,1,1,1,1,0,0,0.094749815,4.11E-05,6.97E-07,0.43220339,25,0,2,0,0,0,0,0,0,0,0,0,0,,,20,2,40,1,1,1,1,0,0,0.134498421,0.000257481,3.49E-06,0.43220339,24,0,1,0,0,0,0,0,0,0,0,0,0,,,
655,ok,217,5,4,4,2.215174435,0.18599459,0.205767733,1.959728536,0.700449533,0.761247069,17,3,51,2,1,1,1,1,1,4.064598684,0.302480242,0.020122626,0.108262712,0,22,3,66,1,1,1,1,1,0,1.217753814,0.424772976,0.014039107,0.727542373,20,22,3,66,1,1,1,1,1,0,0.176791062,0.001868142,3.17E-05,0.177966102,10,0,2,0,0,0,0,0,0,0,0,0,0,,,17,2,34,1,1,1,0,1,0,0.303068024,0.006683707,9.06E-05,0.106779661,0,0,1,0,0,0,0,0,0,0,0,0,0,,,
674,ok,217,5,4,4,1.378422436,0.660554351,0.096818149,1.529820612,0.794028707,0.932697668,17,3,51,2,1,1,1,1,1,3.437142126,0.038507263,0.002561712,0.108262712,0,22,3,66,1,1,1,1,1,0,1.317849818,0.26078165,0.008619055,0.958898305,27,20,3,60,1,1,1,1,0,0,0.127921374,0.000116313,1.97E-06,0.601694915,35,0,2,0,0,0,0,0,0,0,0,0,0,,,20,2,40,1,1,1,1,0,0,0.17975659,0.000620288,8.41E-06,0.377966102,20,0,1,0,0,0,0,0,0,0,0,0,0,,,
682,ok,217,5,4,4,2.218787205,0.184841338,0.29027846,0.73829574,0.319935851,0.623301598,22,3,66,1,1,1,1,1,0,0.728628145,0.015095752,0.001004251,0.507415254,6,17,3,51,2,1,1,1,1,1,1.455424931,52.46163409,1.733901466,1.917372881,56,22,3,66,1,1,1,1,1,0,0.625184683,0.017506625,0.000296722,0.296610169,17,0,2,0,0,0,0,0,0,0,0,0,0,,,17,2,34,1,1,1,0,1,0,0.672615216,0.021823809,0.000295916,0.106779661,0,0,1,0,0,0,0,0,0,0,0,0,0,,,
716,ok,217,5,4,4,1.940852854,0.233451394,0.065834989,1.712352209,0.817199491,0.486263578,17,3,51,2,1,1,1,1,1,3.134354077,0.005752966,0.000382718,0.108262712,0,22,3,66,1,1,1,1,1,0,1.240269203,0.189193862,0.006253017,0.958898305,27,20,3,60,1,1,1,1,0,0,0.061687607,9.71E-05,1.65E-06,0.211864407,12,0,2,0,0,0,0,0,0,0,0,0,0,,,20,2,40,1,1,1,1,0,0,0.107112531,0.000449474,6.09E-06,0.269491525,12,0,1,0,0,0,0,0,0,0,0,0,0,,,
756,ok,217,5,4,4,2.036066592,0.798204691,0.077332802,1.221724719,0.633107416,0.741266926,22,3,66,1,1,1,1,1,0,0.19409826,0.000334743,2.23E-05,0.773516949,10,17,3,51,2,1,1,1,1,1,1.356655859,0.382098653,0.012628684,1.15720339,33,20,3,60,1,1,1,1,0,0,0.138200541,0.000276261,4.68E-06,0.771186441,45,0,2,0,0,0,0,0,0,0,0,0,0,,,20,2,40,1,1,1,1,0,0,0.145347553,0.000149649,2.03E-06,0.676271186,42,0,1,0,0,0,0,0,0,0,0,0,0,,,
757,ok,217,5,4,4,1.117952396,0.341074436,0.078601317,2.401354914,0.781013049,0.480211878,17,3,51,2,1,1,1,1,1,3.344666251,0.00292899,0.000194852,0.108262712,0,22,3,66,1,1,1,1,1,0,1.298601068,0.266075339,0.008794015,1.619915254,47,20,3,60,1,1,1,1,0,0,0.06553187,5.75E-05,9.74E-07,0.347457627,20,0,2,0,0,0,0,0,0,0,0,0,0,,,20,2,40,1,1,1,1,0,0,0.097335805,0.000143083,1.94E-06,0.445762712,25,0,1,0,0,0,0,0,0,0,0,0,0,,,
777,ok,217,5,4,4,1.687981754,0.118176148,0.131270919,0.834204909,0.712396586,0.454583636,22,3,66,1,1,1,1,1,0,0.397772127,0.001204497,8.01E-05,0.507415254,6,17,3,51,2,1,1,1,1,1,1.108448927,0.16230108,0.005364188,0.397033898,10,22,3,66,1,1,1,1,1,0,0.236939058,0.00153821,2.61E-05,0.127118644,7,0,2,0,0,0,0,0,0,0,0,0,0,,,17,2,34,1,1,1,0,1,0,0.310781757,0.004393837,5.96E-05,0.133898305,2,0,1,0,0,0,0,0,0,0,0,0,0,,,
809,ok,217,5,4,4,2.434799049,0.309882032,0.253035451,0.858289096,0.552467896,0.740642674,17,3,51,2,1,1,1,1,1,4.421789142,3.929269418,0.261396313,0.108262712,0,22,3,66,1,1,1,1,1,0,1.225968553,0.315891657,0.010440487,0.595338983,16,22,3,66,1,1,1,1,1,0,0.467162855,0.008449759,0.000143216,0.313559322,18,0,2,0,0,0,0,0,0,0,0,0,0,,,17,2,34,1,1,1,0,1,0,0.548602201,0.015970426,0.000216548,0.161016949,4,0,1,0,0,0,0,0,0,0,0,0,0,,,
904,ok,217,5,4,4,2.425711579,0.422334589,0.461605114,1.175110645,0.231756099,0.754194428,22,3,66,1,1,1,1,1,0,0.695272819,0.007453202,0.000495827,0.706991525,9,17,3,51,2,1,1,1,1,1,1.393177673,0.586844423,0.019395706,1.28940678,37,22,3,66,1,1,1,1,1,0,0.644441594,0.015875897,0.000269083,0.56779661,33,0,2,0,0,0,0,0,0,0,0,0,0,,,17,2,34,1,1,1,0,1,0,0.68156679,0.01797084,0.000243672,0.133898305,2,0,1,0,0,0,0,0,0,0,0,0,0,,,
921,ok,217,5,4,4,1.815598371,0.296855284,0.089696378,1.52594007,0.804954596,0.481226006,17,3,51,2,1,1,1,1,1,3.260787365,0.011592364,0.000771187,0.108262712,0,22,3,66,1,1,1,1,1,0,1.250672119,0.200882255,0.006639329,1.025,29,20,3,60,1,1,1,1,0,0,0.097536117,0.000197164,3.34E-06,0.279661017,16,0,2,0,0,0,0,0,0,0,0,0,0,,,20,2,40,1,1,1,1,0,0,0.142664769,0.000642953,8.72E-06,0.350847458,18,0,1,0,0,0,0,0,0,0,0,0,0,,,
934,ok,217,5,4,4,1.132695846,0.089024075,0.085846344,0.521676257,0.533424685,0.956267079,22,3,66,1,1,1,1,1,0,0.328289261,0.000638866,4.25E-05,0.840042373,11,17,3,51,2,1,1,1,1,1,1.089145554,0.178488677,0.005899202,0.132627119,2,22,3,66,1,1,1,1,1,0,0.237630998,0.001268488,2.15E-05,0.110169492,6,0,2,0,0,0,0,0,0,0,0,0,0,,,17,2,34,1,1,1,0,1,0,1.179541367,0.168065421,0.002278853,0.825423729,53,0,1,0,0,0,0,0,0,0,0,0,0,,,
1036,ok,217,5,4,4,1.661662338,0.455518073,0.238127546,0.650943324,0.277782545,0.933794521,22,3,66,1,1,1,1,1,0,0.653592623,0.005947248,0.000395643,0.706991525,9,17,3,51,2,1,1,1,1,1,1.404642205,48.81527967,1.613386362,1.719067797,50,22,3,66,1,1,1,1,1,0,0.590142158,0.007389891,0.000125252,0.686440678,40,0,2,0,0,0,0,0,0,0,0,0,0,,,17,2,34,1,1,1,0,1,0,0.635816085,0.013777519,0.000186814,0.174576271,5,0,1,0,0,0,0,0,0,0,0,0,0,,,
1100,ok,217,5,4,4,1.91776487,0.238997139,0.336743537,0.87653884,0.595227343,0.525671634,17,3,51,2,1,1,1,1,1,4.621451216,3.207268221,0.213364877,0.108262712,0,22,3,66,1,1,1,1,1,0,1.229012379,0.204154532,0.00674748,0.628389831,17,22,3,66,1,1,1,1,1,0,0.570323854,0.011467649,0.000194367,0.228813559,13,0,2,0,0,0,0,0,0,0,0,0,0,,,17,2,34,1,1,1,0,1,0,0.651013563,0.017669838,0.000239591,0.174576271,5,0,1,0,0,0,0,0,0,0,0,0,0,,,
1319,ok,217,5,4,4,2.199474422,0.20698554,0.21050486,2.373227948,0.790852498,0.567728222,17,3,51,2,1,1,1,1,1,3.412168513,0.091288612,0.006073014,0.108262712,0,22,3,66,1,1,1,1,1,0,1.240411378,0.382672805,0.01264766,1.058050847,30,22,3,66,1,1,1,1,1,0,0.147985233,0.000989212,1.68E-05,0.177966102,10,0,2,0,0,0,0,0,0,0,0,0,0,,,17,2,34,1,1,1,0,1,0,0.251609969,0.003915568,5.31E-05,0.161016949,4,0,1,0,0,0,0,0,0,0,0,0,0,,,
1409,ok,217,5,4,4,1.552205902,0.606483715,0.079014427,0.835209149,0.568615325,0.605760796,22,3,66,1,1,1,1,1,0,0.264952729,0.000641464,4.27E-05,0.573940678,7,17,3,51,2,1,1,1,1,1,1.35183592,0.159992994,0.005287904,0.859745763,24,20,3,60,1,1,1,1,0,0,0.171403216,0.00043414,7.36E-06,0.652542373,38,0,2,0,0,0,0,0,0,0,0,0,0,,,20,2,40,1,1,1,1,0,0,0.176725416,0.000173672,2.35E-06,0.662711864,41,0,1,0,0,0,0,0,0,0,0,0,0,,,
1497,ok,217,5,4,4,1.570977165,0.25068856,0.215344229,0.717453401,0.745991022,0.789358928,22,3,66,1,1,1,1,1,0,0.503069486,0.00081225,5.40E-05,1.106144068,15,17,3,51,2,1,1,1,1,1,1.331138428,46.63290951,1.541257179,1.884322034,55,22,3,66,1,1,1,1,1,0,0.417141666,0.002870718,4.87E-05,0.228813559,13,0,2,0,0,0,0,0,0,0,0,0,0,,,17,2,34,1,1,1,0,1,0,0.547973934,0.01252233,0.000169794,0.120338983,1,0,1,0,0,0,0,0,0,0,0,0,0,,,
1618,ok,217,5,4,4,1.63527462,0.09156933,0.189709657,2.364190835,0.464325216,0.56819501,22,3,66,1,1,1,1,1,0,0.307371935,0.001675243,0.000111446,0.507415254,6,17,3,51,2,1,1,1,1,1,1.208546704,0.490824728,0.016222173,0.89279661,25,22,3,66,1,1,1,1,1,0,0.142134616,0.002166886,3.67E-05,0.127118644,7,0,2,0,0,0,0,0,0,0,0,0,0,,,17,2,34,1,1,1,0,1,0,0.400451497,0.041546477,0.000563342,0.893220339,58,0,1,0,0,0,0,0,0,0,0,0,0,,,
1628,ok,217,5,4,4,1.557688358,0.251479817,0.230484281,1.224956623,0.787177741,0.649123631,17,3,51,2,1,1,1,1,1,3.619294204,0.189879945,0.012631844,0.108262712,0,22,3,66,1,1,1,1,1,0,1.196327939,0.181444166,0.005996883,0.628389831,17,22,3,66,1,1,1,1,1,0,0.278134575,0.001523821,2.58E-05,0.228813559,13,0,2,0,0,0,0,0,0,0,0,0,0,,,17,2,34,1,1,1,0,1,0,0.395317096,0.007144589,9.69E-05,0.161016949,4,0,1,0,0,0,0,0,0,0,0,0,0,,,
1640,ok,217,5,4,4,1.50153072,0.465770291,0.081763942,2.070553418,0.747559839,0.647116884,17,3,51,2,1,1,1,1,1,3.603324141,0.013706309,0.000911818,0.108262712,0,22,3,66,1,1,1,1,1,0,1.317249505,0.430064268,0.014213989,1.388559322,40,20,3,60,1,1,1,1,0,0,0.083936053,0.000111834,1.90E-06,0.449152542,26,0,2,0,0,0,0,0,0,0,0,0,0,,,20,2,40,1,1,1,1,0,0,0.119551857,0.000293073,3.97E-06,0.418644068,23,0,1,0,0,0,0,0,0,0,0,0,0,,,
1744,ok,217,5,4,4,1.516260023,0.192287383,0.076437437,0.542108604,0.624793656,0.734186564,22,3,66,1,1,1,1,1,0,0.304574946,0.000659443,4.39E-05,0.706991525,9,17,3,51,2,1,1,1,1,1,1.416789766,32.52102033,1.074847282,1.421610169,41,22,3,66,1,1,1,1,1,0,0.206504057,0.000857912,1.45E-05,0.211864407,12,0,2,0,0,0,0,0,0,0,0,0,0,,,17,2,34,1,1,1,0,1,0,0.280235224,0.003133938,4.25E-05,0.133898305,2,0,1,0,0,0,0,0,0,0,0,0,0,,,
1865,ok,217,5,4,4,2.463998429,0.731920058,0.104529116,0.877141765,0.87957349,0.689326175,17,3,51,2,1,1,1,1,1,3.025374467,0.0504661,0.003357279,0.108262712,0,22,3,66,1,1,1,1,1,0,1.280647346,0.117230885,0.00387458,0.76059322,21,20,3,60,1,1,1,1,0,0,0.195088925,0.000230819,3.91E-06,0.601694915,35,0,2,0,0,0,0,0,0,0,0,0,0,,,20,2,40,1,1,1,1,0,0,0.233099482,0.000683062,9.26E-06,0.608474576,37,0,1,0,0,0,0,0,0,0,0,0,0,,,
27,ok,217,4,4,4,1.921238192,0.093497288,0.111512479,1.112864183,0.195564623,0.371618424,17,3,51,1,1,1,0,1,0,1.394009897,0.033135911,0.002204381,0.108262712,0,22,3,66,1,1,1,1,1,0,1.32939364,0.244942321,0.008095551,1.025,29,22,3,66,1,1,1,1,1,0,0.176797405,0.002040319,3.46E-05,0.262711864,15,0,2,0,0,0,0,0,0,0,0,0,0,,,17,2,34,1,1,1,0,1,0,0.214666259,0.002301611,3.12E-05,0.133898305,2,0,1,0,0,0,0,0,0,0,0,0,0,,,
136,ok,217,4,4,4,2.353829857,0.099544872,0.10285152,0.972562169,0.451942433,0.44513529,17,3,51,1,1,1,0,1,0,0.37790714,0.002880932,0.000191655,0.374364407,4,22,3,66,1,1,1,1,1,0,1.147078636,0.264772195,0.008750945,0.562288136,15,22,3,66,1,1,1,1,1,0,0.167173987,0.001733879,2.94E-05,0.127118644,7,0,2,0,0,0,0,0,0,0,0,0,0,,,17,2,34,1,1,1,0,1,0,0.229586268,0.003064821,4.16E-05,0.120338983,1,0,1,0,0,0,0,0,0,0,0,0,0,,,
215,ok,217,4,4,4,1.392981104,0.319920335,0.088800091,2.152355774,0.244583972,0.416385537,17,3,51,1,1,1,0,1,0,0.605520043,0.002769981,0.000184274,0.174788136,1,22,3,66,1,1,1,1,1,0,0.562267595,0.003486311,0.000115226,0.661440678,18,20,3,60,1,1,1,1,0,0,0.117936952,0.000359575,6.09E-06,0.703389831,41,0,2,0,0,0,0,0,0,0,0,0,0,,,20,2,40,1,1,1,1,0,0,0.108732124,0.00020367,2.76E-06,0.472881356,27,0,1,0,0,0,0,0,0,0,0,0,0,,,
637,ok,217,4,4,4,1.217840741,0.137801358,0.104666029,1.585377673,0.327407658,0.641929188,17,3,51,1,1,1,0,1,0,0.298551075,0.00140049,9.32E-05,0.374364407,4,22,3,66,1,1,1,1,1,0,1.259603541,0.486682544,0.016085271,0.925847458,26,22,3,66,1,1,1,1,1,0,0.122792339,0.00092267,1.56E-05,0.262711864,15,0,2,0,0,0,0,0,0,0,0,0,0,,,17,2,34,1,1,1,0,1,0,0.185069757,0.001716348,2.33E-05,0.106779661,0,0,1,0,0,0,0,0,0,0,0,0,0,,,
672,ok,217,4,4,4,1.891514444,0.225067094,0.126010432,1.68217185,0.221258317,0.707908229,17,3,51,1,1,1,0,1,0,0.34357963,0.00408175,0.00027154,0.307838983,3,22,3,66,1,1,1,1,1,0,1.373374692,0.742801564,0.024550221,1.388559322,40,22,3,66,1,1,1,1,1,0,0.169959404,0.001302194,2.21E-05,0.533898305,31,0,2,0,0,0,0,0,0,0,0,0,0,,,17,2,34,1,1,1,0,1,0,0.211049548,0.002619263,3.55E-05,0.161016949,4,0,1,0,0,0,0,0,0,0,0,0,0,,,
724,ok,217,4,4,4,2.078683876,0.245244755,0.055191294,2.047418732,0.446667532,0.449706809,17,3,51,1,1,1,0,1,0,0.329561513,0.000657131,4.37E-05,0.307838983,3,22,3,66,1,1,1,1,1,0,1.346593496,0.502896898,0.016621169,1.652966102,48,20,3,60,1,1,1,1,0,0,0.056904785,0.000196592,3.33E-06,0.330508475,19,0,2,0,0,0,0,0,0,0,0,0,0,,,20,2,40,1,1,1,1,0,0,0.083096597,0.000232101,3.15E-06,0.323728814,16,0,1,0,0,0,0,0,0,0,0,0,0,,,
723,ok,217,4,4,4,2.212640175,0.112080241,0.171214114,0.823330208,0.15857469,0.994279779,17,3,51,1,1,1,0,1,0,0.507477284,0.011303174,0.000751948,0.374364407,4,22,3,66,1,1,1,1,1,0,1.228539981,0.419255706,0.013856756,0.529237288,14,22,3,66,1,1,1,1,1,0,0.357799249,0.006347769,0.000107589,0.36440678,21,0,2,0,0,0,0,0,0,0,0,0,0,,,17,2,34,1,1,1,0,1,0,1.117402332,0.087853813,0.001191238,0.825423729,53,0,1,0,0,0,0,0,0,0,0,0,0,,,
835,ok,217,4,4,4,1.130646025,0.104819378,0.206917797,0.864087178,0.272226369,0.74943126,17,3,51,1,1,1,0,1,0,0.53967028,0.006056654,0.000402921,0.440889831,5,22,3,66,1,1,1,1,1,0,1.214250479,0.248976747,0.008228893,0.463135593,12,22,3,66,1,1,1,1,1,0,0.377248625,0.006472794,0.000109708,0.211864407,12,0,2,0,0,0,0,0,0,0,0,0,0,,,17,2,34,1,1,1,0,1,0,1.099840691,0.037302358,0.000505795,0.893220339,58,0,1,0,0,0,0,0,0,0,0,0,0,,,
873,ok,217,4,4,4,1.994796766,0.210205308,0.111139818,1.209176024,0.207403272,0.756656201,17,3,51,1,1,1,0,1,0,0.357525155,0.004873261,0.000324196,0.307838983,3,22,3,66,1,1,1,1,1,0,1.348090792,0.553907741,0.01830712,1.025,29,22,3,66,1,1,1,1,1,0,0.187769514,0.001481017,2.51E-05,0.533898305,31,0,2,0,0,0,0,0,0,0,0,0,0,,,17,2,34,1,1,1,0,1,0,0.232030777,0.00322513,4.37E-05,0.133898305,2,0,1,0,0,0,0,0,0,0,0,0,0,,,
909,ok,217,4,4,4,2.110991597,0.132033872,0.146399517,0.984976283,0.280383419,0.480610673,17,3,51,1,1,1,0,1,0,0.600808026,0.014523919,0.00096621,0.241313559,2,22,3,66,1,1,1,1,1,0,1.286423325,0.268630775,0.008878475,0.793644068,22,22,3,66,1,1,1,1,1,0,0.254034003,0.003780744,6.41E-05,0.262711864,15,0,2,0,0,0,0,0,0,0,0,0,0,,,17,2,34,1,1,1,0,1,0,0.303540107,0.00511984,6.94E-05,0.133898305,2,0,1,0,0,0,0,0,0,0,0,0,0,,,
937,ok,217,4,4,4,1.427663852,0.095446297,0.25008132,1.67620205,0.20303571,0.624736263,17,3,51,1,1,1,0,1,0,0.478948348,0.00765237,0.000509077,0.307838983,3,22,3,66,1,1,1,1,1,0,1.273908714,0.659638205,0.021801602,1.058050847,30,22,3,66,1,1,1,1,1,0,0.27008323,0.005796062,9.82E-05,0.245762712,14,0,2,0,0,0,0,0,0,0,0,0,0,,,17,2,34,1,1,1,0,1,0,0.732515771,0.124140138,0.001683256,0.879661017,57,0,1,0,0,0,0,0,0,0,0,0,0,,,
996,ok,217,4,4,4,1.82695494,0.194897012,0.068588082,2.181918384,0.149230368,0.517332699,17,3,51,1,1,1,0,1,0,0.983938392,0.007720456,0.000513607,0.108262712,0,22,3,66,1,1,1,1,1,0,0.350621161,0.001946147,6.43E-05,0.330932203,8,20,3,60,1,1,1,1,0,0,0.093457036,0.000293059,4.97E-06,0.703389831,41,0,2,0,0,0,0,0,0,0,0,0,0,,,20,2,40,1,1,1,1,0,0,0.102348247,0.000467357,6.34E-06,0.215254237,8,0,1,0,0,0,0,0,0,0,0,0,0,,,
1112,ok,217,4,4,4,1.26790547,0.46689341,0.08422566,2.25536811,0.603865578,0.55933231,22,3,66,1,1,1,1,1,0,0.218178966,0.000243857,1.62E-05,0.507415254,6,17,3,51,1,1,1,0,1,0,1.359053094,0.48176848,0.015922857,1.818220339,53,20,3,60,1,1,1,1,0,0,0.089726886,0.000158854,2.69E-06,0.516949153,30,0,2,0,0,0,0,0,0,0,0,0,0,,,20,2,40,1,1,1,1,0,0,0.108591691,0.000136971,1.86E-06,0.527118644,31,0,1,0,0,0,0,0,0,0,0,0,0,,,
1185,ok,217,4,4,4,2.035997459,0.157938372,0.200795013,2.038093021,0.349437014,0.633694836,17,3,51,1,1,1,0,1,0,0.358077374,0.004300921,0.000286121,0.440889831,5,22,3,66,1,1,1,1,1,0,1.283787081,0.786482278,0.025993906,1.190254237,34,22,3,66,1,1,1,1,1,0,0.186871718,0.003016591,5.11E-05,0.245762712,14,0,2,0,0,0,0,0,0,0,0,0,0,,,17,2,34,1,1,1,0,1,0,0.275249227,0.004966495,6.73E-05,0.106779661,0,0,1,0,0,0,0,0,0,0,0,0,0,,,
1252,ok,217,4,4,4,2.193703936,0.116021729,0.249140107,0.948259853,0.392090339,0.446715109,17,3,51,1,1,1,0,1,0,0.625903799,0.013906354,0.000925126,0.374364407,4,22,3,66,1,1,1,1,1,0,1.226633207,0.222222513,0.007344642,0.628389831,17,22,3,66,1,1,1,1,1,0,0.412202975,0.010026962,0.000169949,0.161016949,9,0,2,0,0,0,0,0,0,0,0,0,0,,,17,2,34,1,1,1,0,1,0,0.494039058,0.013838045,0.000187635,0.120338983,1,0,1,0,0,0,0,0,0,0,0,0,0,,,
1287,ok,217,4,4,4,1.963815512,0.099710419,0.212011074,1.097151068,0.334572845,0.353526499,17,3,51,1,1,1,0,1,0,0.701814927,0.01629333,0.001083921,0.241313559,2,22,3,66,1,1,1,1,1,0,1.234945736,0.257116021,0.008497902,0.859745763,24,22,3,66,1,1,1,1,1,0,0.326009985,0.007249576,0.000122874,0.177966102,10,0,2,0,0,0,0,0,0,0,0,0,0,,,17,2,34,1,1,1,0,1,0,0.368339908,0.006857124,9.30E-05,0.133898305,2,0,1,0,0,0,0,0,0,0,0,0,0,,,
1320,ok,217,4,4,4,1.41600274,0.255797784,0.066505602,1.064996987,0.475291743,0.43207082,17,3,51,1,1,1,0,1,0,0.399896207,0.001107624,7.37E-05,0.307838983,3,22,3,66,1,1,1,1,1,0,1.313714731,0.193163614,0.006384221,0.958898305,27,20,3,60,1,1,1,1,0,0,0.10956671,0.000409879,6.95E-06,0.347457627,20,0,2,0,0,0,0,0,0,0,0,0,0,,,20,2,40,1,1,1,1,0,0,0.134543915,0.000411462,5.58E-06,0.350847458,18,0,1,0,0,0,0,0,0,0,0,0,0,,,
1326,ok,217,4,4,4,2.161366576,0.157700356,0.075299724,0.874964123,0.566300381,0.506166564,17,3,51,1,1,1,0,1,0,0.318476752,0.001330532,8.85E-05,0.440889831,5,22,3,66,1,1,1,1,1,0,1.172391184,0.225731099,0.007460604,0.529237288,14,22,3,66,1,1,1,1,1,0,0.135902178,0.000815592,1.38E-05,0.177966102,10,0,2,0,0,0,0,0,0,0,0,0,0,,,17,2,34,1,1,1,0,1,0,0.188756535,0.001736815,2.36E-05,0.174576271,5,0,1,0,0,0,0,0,0,0,0,0,0,,,
1444,ok,217,4,4,4,1.958289829,0.205236382,0.267663213,1.803763241,0.277241235,0.633099852,17,3,51,1,1,1,0,1,0,0.428742965,0.005794819,0.000385503,0.440889831,5,22,3,66,1,1,1,1,1,0,1.334927145,0.792178821,0.026182181,1.388559322,40,22,3,66,1,1,1,1,1,0,0.290521461,0.005516047,9.35E-05,0.36440678,21,0,2,0,0,0,0,0,0,0,0,0,0,,,17,2,34,1,1,1,0,1,0,0.362224084,0.008125662,0.000110178,0.133898305,2,0,1,0,0,0,0,0,0,0,0,0,0,,,
1483,ok,217,4,4,4,1.77442376,0.196589993,0.096487101,1.146073207,0.706458154,0.260915659,17,3,51,1,1,1,0,1,0,0.767736667,0.00170268,0.000113271,0.241313559,2,22,3,66,1,1,1,1,1,0,1.243689602,0.117198984,0.003873526,1.025,29,20,3,60,1,1,1,1,0,0,0.129765051,0.000554073,9.39E-06,0.194915254,11,0,2,0,0,0,0,0,0,0,0,0,0,,,20,2,40,1,1,1,1,0,0,0.161830618,0.000425362,5.77E-06,0.472881356,27,0,1,0,0,0,0,0,0,0,0,0,0,,,
1489,ok,217,4,4,4,2.497407232,0.29136116,0.057106586,1.995343863,0.682496893,0.419047222,17,3,51,1,1,1,0,1,0,0.241499199,0.000237324,1.58E-05,0.440889831,5,22,3,66,1,1,1,1,1,0,1.305567195,0.395906503,0.013085045,1.520762712,44,20,3,60,1,1,1,1,0,0,0.054783969,0.000148533,2.52E-06,0.279661017,16,0,2,0,0,0,0,0,0,0,0,0,0,,,20,2,40,1,1,1,1,0,0,0.082879616,0.000198691,2.69E-06,0.418644068,23,0,1,0,0,0,0,0,0,0,0,0,0,,,
1496,ok,217,4,4,4,1.593793961,0.095187153,0.339229082,1.830554889,0.286131003,0.292970464,17,3,51,1,1,1,0,1,0,0.964283936,0.031113084,0.002069811,0.174788136,1,22,3,66,1,1,1,1,1,0,1.302316449,0.325650512,0.010763025,1.586864407,46,22,3,66,1,1,1,1,1,0,0.32040756,0.009687661,0.000164198,0.177966102,10,0,2,0,0,0,0,0,0,0,0,0,0,,,17,2,34,1,1,1,0,1,0,0.375710715,0.007536243,0.000102186,0.161016949,4,0,1,0,0,0,0,0,0,0,0,0,0,,,
1623,ok,217,4,4,4,2.066459091,0.156300258,0.077095579,1.749521254,0.652110444,0.211470166,17,3,51,1,1,1,0,1,0,1.212334205,0.001822618,0.00012125,0.174788136,1,22,3,66,1,1,1,1,1,0,1.269736208,0.162126244,0.00535841,1.586864407,46,20,3,60,1,1,1,1,0,0,0.073546264,0.000338855,5.74E-06,0.161016949,9,0,2,0,0,0,0,0,0,0,0,0,0,,,20,2,40,1,1,1,1,0,0,0.099822834,0.00018879,2.56E-06,0.459322034,26,0,1,0,0,0,0,0,0,0,0,0,0,,,
1671,ok,217,4,4,4,1.53321234,0.190212704,0.058998461,0.81100585,0.665084182,0.2664249,17,3,51,1,1,1,0,1,0,0.711512337,0.000862718,5.74E-05,0.241313559,2,22,3,66,1,1,1,1,1,0,1.245048905,0.073908779,0.002442748,0.727542373,20,20,3,60,1,1,1,1,0,0,0.111591849,0.000317056,5.37E-06,0.211864407,12,0,2,0,0,0,0,0,0,0,0,0,0,,,20,2,40,1,1,1,1,0,0,0.137022192,0.00022281,3.02E-06,0.459322034,26,0,1,0,0,0,0,0,0,0,0,0,0,,,
1797,ok,217,4,4,4,1.65083478,0.21865252,0.118841158,1.761235606,0.211865064,0.936588512,17,3,51,1,1,1,0,1,0,0.268012687,0.001583751,0.00010536,0.440889831,5,22,3,66,1,1,1,1,1,0,1.358704459,0.935072479,0.030904938,1.190254237,34,22,3,66,1,1,1,1,1,0,0.158086498,0.00104582,1.77E-05,0.550847458,32,0,2,0,0,0,0,0,0,0,0,0,0,,,17,2,34,1,1,1,0,1,0,0.220286761,0.002658081,3.60E-05,0.106779661,0,0,1,0,0,0,0,0,0,0,0,0,0,,,
1850,ok,217,4,4,4,2.404747029,0.18786281,0.090250477,1.378885219,0.238282528,0.572599676,17,3,51,1,1,1,0,1,0,0.411066489,0.005133387,0.000341501,0.241313559,2,22,3,66,1,1,1,1,1,0,1.342531313,0.541704559,0.017903795,1.223305085,35,22,3,66,1,1,1,1,1,0,0.133869718,0.000996639,1.69E-05,0.43220339,25,0,2,0,0,0,0,0,0,0,0,0,0,,,17,2,34,1,1,1,0,1,0,0.168112448,0.001723619,2.34E-05,0.174576271,5,0,1,0,0,0,0,0,0,0,0,0,0,,,
1964,ok,217,4,4,4,1.623976296,0.161654671,0.074533639,1.606081829,0.406857886,0.347556863,17,3,51,1,1,1,0,1,0,0.495895652,0.001363867,9.07E-05,0.241313559,2,22,3,66,1,1,1,1,1,0,1.299724564,0.319795551,0.010569514,1.388559322,40,20,3,60,1,1,1,1,0,0,0.085191411,0.000471313,7.99E-06,0.245762712,14,0,2,0,0,0,0,0,0,0,0,0,0,,,20,2,40,1,1,1,1,0,0,0.114565222,0.000435943,5.91E-06,0.269491525,12,0,1,0,0,0,0,0,0,0,0,0,0,,,
1126,ok,216,4,4,4,1.369753634,0.250038262,0.055751602,1.706463852,0.543112702,0.952464512,20,3,60,1,1,1,1,0,0,0.136484991,0.0001054,7.01E-06,0.840042373,11,22,3,66,1,1,1,1,1,0,1.256184847,0.531384791,0.017562718,0.76059322,21,20,3,60,1,1,1,1,0,0,0.062134032,0.000155221,2.63E-06,0.313559322,18,0,2,0,0,0,0,0,0,0,0,0,0,,,15,2,30,1,1,1,0,0,0,0.120573825,0.000595385,8.07E-06,0.133898305,2,0,1,0,0,0,0,0,0,0,0,0,0,,,
1577,ok,215,5,4,4,1.514837865,2.532634311,1.723537451,1.649249938,0.27989396,0.829610867,22,3,66,1,1,1,1,1,0,1.496793801,0.681992255,0.045369824,0.640466102,8,22,3,66,1,1,1,1,1,0,0.767481405,0.00170958,5.65E-05,0.826694915,23,22,3,66,1,1,1,1,1,0,1.09190588,0.005570284,9.44E-05,0.449152542,26,0,2,0,0,0,0,0,0,0,0,0,0,,,0,2,0,0,0,0,0,0,0,0,0,0,,,17,1,17,2,1,1,1,1,1,1.122038289,32.09135994,1.08784271,1.059322034,16,
374,ok,215,4,4,4,2.190419879,0.113126635,0.224035575,1.69249648,0.42739463,0.788067941,22,3,66,1,1,1,1,1,0,0.357691446,0.002208644,0.000146931,0.773516949,10,22,3,66,1,1,1,1,1,0,1.203261717,0.463790018,0.015328653,0.628389831,17,22,3,66,1,1,1,1,1,0,0.231180659,0.00492332,8.34E-05,0.161016949,9,0,2,0,0,0,0,0,0,0,0,0,0,,,0,2,0,0,0,0,0,0,0,0,0,0,,,17,1,17,1,1,1,0,1,0,0.43928627,0.28248456,0.009575748,0.516949153,0,
1097,ok,215,4,4,4,2.122987087,0.200789838,0.337946288,1.600689356,0.363344016,0.965352153,22,3,66,1,1,1,1,1,0,0.479822751,0.001333996,8.87E-05,1.239194915,17,22,3,66,1,1,1,1,1,0,1.266881031,0.675905103,0.022339236,0.793644068,22,22,3,66,1,1,1,1,1,0,0.372078926,0.009936109,0.000168409,0.279661017,16,0,2,0,0,0,0,0,0,0,0,0,0,,,0,2,0,0,0,0,0,0,0,0,0,0,,,17,1,17,1,1,1,0,1,0,0.541994331,0.568543205,0.019272651,0.550847458,1,
13,ok,214,9,5,5,1.071438373,2.379168427,0.873700953,1.156694002,0.57516897,0.658255006,12,3,36,3,1,1,1,1,2,2.630893179,9.137483872,0.607874986,0.108262712,0,17,3,51,2,1,1,1,1,1,1.43757847,0.125496277,0.004147758,1.719067797,50,22,3,66,1,1,1,1,1,0,0.919033189,0.003704962,6.28E-05,0.652542373,38,0,2,0,0,0,0,0,0,0,0,0,0,,,22,2,44,1,1,1,1,1,0,0.923640828,0.001122392,1.52E-05,0.527118644,31,17,1,17,2,1,1,1,1,1,0.934861478,0.027480043,0.000931527,0.584745763,2,
71,ok,214,9,5,5,1.694946226,1.673005813,1.935099366,1.745636738,0.785482398,0.977796484,17,3,51,2,1,1,1,1,1,1.426278275,5.549376705,0.369174637,2.769279661,40,17,3,51,2,1,1,1,1,1,1.401938481,0.389966031,0.012888708,1.586864407,46,17,3,51,2,1,1,1,1,1,1.4157796,0.231758899,0.003928117,0.703389831,41,0,2,0,0,0,0,0,0,0,0,0,0,,,22,2,44,1,1,1,1,1,0,1.441312234,0.445970991,0.006047064,0.472881356,27,17,1,17,2,1,1,1,1,1,1.709609889,26.71429797,0.905569423,2.245762712,51,
225,ok,214,9,5,5,2.076389878,0.656130232,1.833050837,1.627891484,0.8303178,0.426189388,17,3,51,2,1,1,1,1,1,1.467979863,5.72523148,0.38087345,0.174788136,1,17,3,51,2,1,1,1,1,1,1.337694804,0.18988896,0.006275991,1.686016949,49,17,3,51,2,1,1,1,1,1,1.341586675,0.193399739,0.003277962,0.36440678,21,0,2,0,0,0,0,0,0,0,0,0,0,,,22,2,44,1,1,1,1,1,0,1.396889319,0.165252854,0.002240717,0.649152542,40,17,1,17,2,1,1,1,1,1,1.481312818,24.11106391,0.8173242,1.805084746,38,
616,ok,214,9,5,5,2.206295341,0.479276991,1.455412331,1.137202439,0.356637204,0.525460701,17,3,51,2,1,1,1,1,1,1.4991517,0.222721853,0.014816666,0.640466102,8,17,3,51,2,1,1,1,1,1,1.40770792,0.300787612,0.009941285,1.322457627,38,17,3,51,2,1,1,1,1,1,1.515789508,0.158139934,0.002680338,0.262711864,15,0,2,0,0,0,0,0,0,0,0,0,0,,,22,2,44,1,1,1,1,1,0,1.437859364,0.258731998,0.00350823,0.269491525,12,17,1,17,2,1,1,1,1,1,1.563889044,33.81181669,1.146163278,1.262711864,22,
788,ok,214,9,5,5,2.472838696,0.73714099,1.475546789,1.901512678,0.826917797,0.291045403,12,3,36,3,1,1,1,1,2,2.19654789,4.198283108,0.279292563,0.241313559,2,22,3,66,1,1,1,1,1,0,0.808866739,0.001865121,6.16E-05,1.15720339,33,17,3,51,2,1,1,1,1,1,1.351226121,0.507661033,0.008604424,0.686440678,40,0,2,0,0,0,0,0,0,0,0,0,0,,,22,2,44,1,1,1,1,1,0,0.997410853,0.009895712,0.000134179,0.5,29,17,1,17,2,1,1,1,1,1,0.945488463,23.40571577,0.793414094,1.127118644,18,
806,ok,214,9,5,5,1.507284419,0.88805385,1.554921172,1.943123344,0.544526877,0.863164801,17,3,51,2,1,1,1,1,1,1.495139294,10.71181864,0.712608274,0.706991525,9,17,3,51,2,1,1,1,1,1,1.392689977,0.782927744,0.025876425,1.686016949,49,17,3,51,2,1,1,1,1,1,1.387620104,0.984571327,0.01668765,0.974576271,57,0,2,0,0,0,0,0,0,0,0,0,0,,,22,2,44,1,1,1,1,1,0,1.391322195,0.442896231,0.006005373,0.649152542,40,17,1,17,2,1,1,1,1,1,1.291291223,30.58245601,1.036693424,1.737288136,36,
836,ok,214,9,5,5,1.051567692,2.688807013,1.518731102,0.969752032,0.771809875,0.462343792,17,3,51,2,1,1,1,1,1,1.438386026,1.716261168,0.114175001,2.436652542,35,17,3,51,2,1,1,1,1,1,1.427899786,0.024991047,0.000825975,1.553813559,45,17,3,51,2,1,1,1,1,1,1.444384254,0.013717547,0.000232501,0.415254237,24,0,2,0,0,0,0,0,0,0,0,0,0,,,22,2,44,1,1,1,1,1,0,1.45291052,0.001812754,2.46E-05,0.391525424,21,17,1,17,2,1,1,1,1,1,1.460565543,22.6208505,0.766808492,0.957627119,13,
1279,ok,214,9,5,5,1.890800856,2.442688801,1.077593727,1.116571118,0.493651894,0.585792466,12,3,36,3,1,1,1,1,2,3.18068741,17.19864973,1.144147461,0.108262712,0,17,3,51,2,1,1,1,1,1,1.476969675,0.117303175,0.003876969,1.752118644,51,22,3,66,1,1,1,1,1,0,1.089074485,0.010283709,0.0001743,0.56779661,33,0,2,0,0,0,0,0,0,0,0,0,0,,,22,2,44,1,1,1,1,1,0,1.08458216,0.003282744,4.45E-05,0.405084746,22,17,1,17,2,1,1,1,1,1,1.097562616,0.066141936,0.0022421,0.686440678,5,
1422,ok,214,9,5,5,1.297788223,0.514590259,1.508538459,1.717736623,0.747933064,0.244526326,12,3,36,3,1,1,1,1,2,3.140818212,2.110499858,0.140401897,0.174788136,1,22,3,66,1,1,1,1,1,0,0.915299944,0.001828014,6.04E-05,1.256355932,36,17,3,51,2,1,1,1,1,1,1.320188399,0.338110378,0.005730684,0.5,29,0,2,0,0,0,0,0,0,0,0,0,0,,,22,2,44,1,1,1,1,1,0,1.079228351,0.007104916,9.63E-05,0.527118644,31,17,1,17,2,1,1,1,1,1,1.015597384,20.43302749,0.692645,1.161016949,19,
1567,ok,214,9,5,5,1.796681132,1.354887571,1.717334695,1.608161309,0.858521005,0.381165798,12,3,36,3,1,1,1,1,2,1.972611068,3.033214521,0.201785881,0.174788136,1,22,3,66,1,1,1,1,1,0,0.915890873,0.000973112,3.22E-05,1.223305085,35,17,3,51,2,1,1,1,1,1,1.374300957,0.220053246,0.003729716,0.652542373,38,0,2,0,0,0,0,0,0,0,0,0,0,,,22,2,44,1,1,1,1,1,0,1.160655761,0.005713334,7.75E-05,0.296610169,14,17,1,17,2,1,1,1,1,1,1.169372646,24.16351788,0.819102301,1.228813559,21,
1603,ok,214,9,5,5,1.144655987,0.495480587,1.349455577,0.973904821,0.168608691,0.493229847,17,3,51,2,1,1,1,1,1,1.563787158,0.151684104,0.010090849,0.374364407,4,17,3,51,2,1,1,1,1,1,1.470057182,0.129286444,0.004273027,1.454661017,42,17,3,51,2,1,1,1,1,1,1.510652509,0.121533443,0.002059889,0.381355932,22,0,2,0,0,0,0,0,0,0,0,0,0,,,22,2,44,1,1,1,1,1,0,1.463604542,0.105900547,0.00143594,0.228813559,9,17,1,17,2,1,1,1,1,1,1.47339734,27.17698398,0.921253694,0.923728814,12,
1928,ok,214,9,5,5,1.213034558,0.840851758,1.700319536,1.226290141,0.561132656,0.589210606,17,3,51,2,1,1,1,1,1,1.449786106,11.80578383,0.785384772,1.571822034,22,17,3,51,2,1,1,1,1,1,1.398066393,0.196723103,0.006501865,1.388559322,40,17,3,51,2,1,1,1,1,1,1.466597592,0.073872561,0.001252077,0.262711864,15,0,2,0,0,0,0,0,0,0,0,0,0,,,22,2,44,1,1,1,1,1,0,1.456338408,0.164863525,0.002235438,0.296610169,14,17,1,17,2,1,1,1,1,1,1.690750367,28.09792817,0.952472141,1.533898305,30,
530,ok,214,8,5,5,1.697024544,1.827649332,0.716176996,1.052226432,0.697387947,0.799086767,12,3,36,3,1,1,1,1,2,1.54559136,12.61021474,0.838899879,0.440889831,5,17,3,51,2,1,1,1,1,1,1.400153669,0.214272956,0.007081903,1.28940678,37,22,3,66,1,1,1,1,1,0,0.870704348,0.005770603,9.78E-05,0.618644068,36,0,2,0,0,0,0,0,0,0,0,0,0,,,22,2,44,1,1,1,1,1,0,0.897102802,0.004740766,6.43E-05,0.283050847,13,17,1,17,1,1,1,0,1,0,0.911441816,0.163064705,0.005527617,0.550847458,1,
647,ok,214,8,5,5,2.381068922,0.084406928,0.814107871,1.041085348,0.365298667,0.232839611,17,3,51,1,1,1,0,1,0,1.596084845,0.128892952,0.008574658,0.241313559,2,22,3,66,1,1,1,1,1,0,1.2681609,0.145068504,0.004794637,0.89279661,25,17,3,51,2,1,1,1,1,1,1.237970032,0.261531001,0.004432729,0.279661017,16,0,2,0,0,0,0,0,0,0,0,0,0,,,12,2,24,3,1,1,1,1,2,1.240192294,0.994194066,0.013480598,0.459322034,26,22,1,22,1,1,1,1,1,0,1.163127327,0.159631352,0.005411232,0.923728814,12,
701,ok,214,8,5,5,1.766981255,0.47510566,0.606706347,0.576453779,0.38407706,0.771768573,17,3,51,2,1,1,1,1,1,1.438390499,0.336031089,0.022354611,0.507415254,6,17,3,51,2,1,1,1,1,1,1.369237123,37.01803044,1.223477277,1.520762712,44,17,3,51,2,1,1,1,1,1,1.37417434,0.145708197,0.00246963,0.398305085,23,0,2,0,0,0,0,0,0,0,0,0,0,,,22,2,44,1,1,1,1,1,0,1.366276808,0.19334997,0.002621695,0.350847458,18,17,1,17,1,1,1,0,1,0,1.404036154,0.499945279,0.016947298,0.584745763,2,
725,ok,214,8,5,5,1.925234986,3.661640793,1.821892317,1.136118096,0.611997585,0.95528939,17,3,51,1,1,1,0,1,0,1.038873461,11.32984414,0.753722683,0.174788136,1,17,3,51,2,1,1,1,1,1,1.461686127,0.200115528,0.006613988,1.586864407,46,17,3,51,2,1,1,1,1,1,1.473012917,0.048046031,0.00081434,0.63559322,37,0,2,0,0,0,0,0,0,0,0,0,0,,,22,2,44,1,1,1,1,1,0,1.49226115,0.101544088,0.001376869,0.323728814,16,17,1,17,2,1,1,1,1,1,1.677114231,32.5448914,1.103216658,1.330508475,24,
1391,ok,214,8,5,5,1.424180001,0.149209131,0.400258127,0.855982683,0.750042849,0.494877651,22,3,66,1,1,1,1,1,0,0.721670393,0.002255012,0.000150016,0.773516949,10,17,3,51,2,1,1,1,1,1,1.122045086,0.163636677,0.005408331,0.430084746,11,17,3,51,2,1,1,1,1,1,1.141014175,0.151302453,0.002564448,0.533898305,31,0,2,0,0,0,0,0,0,0,0,0,0,,,12,2,24,2,1,1,0,1,1,1.147377707,0.065861642,0.000893039,0.825423729,53,22,1,22,1,1,1,1,1,0,1.092112822,0.124777954,0.004229761,0.788135593,8,
1416,ok,214,8,5,5,2.236431053,2.770116398,0.86959529,0.653980918,0.411188726,0.982291033,17,3,51,2,1,1,1,1,1,2.815285066,30.83582884,2.051366579,0.108262712,0,12,3,36,3,1,1,1,1,2,1.459228106,45.23197035,1.494954952,0.991949153,28,22,3,66,1,1,1,1,1,0,1.372574669,0.01373291,0.000232761,0.686440678,40,0,2,0,0,0,0,0,0,0,0,0,0,,,22,2,44,1,1,1,1,1,0,1.427600597,0.049052346,0.000665117,0.716949153,45,17,1,17,1,1,1,0,1,0,1.431264344,0.223689832,0.007582706,0.584745763,2,
1848,ok,214,8,5,5,2.038063487,0.240664769,1.379462406,1.813799566,0.477614266,0.241036112,12,3,36,2,1,1,0,1,1,4.639121223,6.975487676,0.464047273,0.108262712,0,22,3,66,1,1,1,1,1,0,0.493578998,0.001724048,5.70E-05,0.529237288,14,17,3,51,2,1,1,1,1,1,1.319469206,0.657823574,0.011149552,0.483050847,28,0,2,0,0,0,0,0,0,0,0,0,0,,,22,2,44,1,1,1,1,1,0,1.045221143,0.030405809,0.000412282,0.242372881,10,17,1,17,2,1,1,1,1,1,0.993613863,23.04024877,0.781025382,1.194915254,20,
1859,ok,214,8,5,5,1.088543534,0.97520739,0.688240814,0.710813815,0.413024221,0.717624066,17,3,51,2,1,1,1,1,1,1.475537695,0.350779884,0.02333578,0.440889831,5,12,3,36,3,1,1,1,1,2,1.395537406,41.32022521,1.36566846,0.925847458,26,22,3,66,1,1,1,1,1,0,1.165816252,0.016242584,0.000275298,0.550847458,32,0,2,0,0,0,0,0,0,0,0,0,0,,,22,2,44,1,1,1,1,1,0,1.15959631,0.01104753,0.000149797,0.201694915,7,17,1,17,1,1,1,0,1,0,1.147343189,0.23268929,0.007887773,0.516949153,0,
1736,ok,214,7,5,5,1.961077898,0.347663125,0.536987702,1.976651113,0.89560698,0.307275225,12,3,36,2,1,1,0,1,1,2.830030189,0.062914011,0.004185381,0.108262712,0,17,3,51,2,1,1,1,1,1,1.290344728,0.08920165,0.00294819,1.752118644,51,22,3,66,1,1,1,1,1,0,0.400941101,0.001861178,3.15E-05,0.245762712,14,0,2,0,0,0,0,0,0,0,0,0,0,,,22,2,44,1,1,1,1,1,0,0.477994437,0.004638258,6.29E-05,0.5,29,17,1,17,1,1,1,0,1,0,0.421570757,0.073846687,0.002503278,0.516949153,0,
1759,ok,214,7,5,5,2.080583661,0.172016097,0.528994466,1.106182433,0.846395972,0.281551291,12,3,36,2,1,1,0,1,1,3.289930408,0.191988697,0.012772129,0.108262712,0,22,3,66,1,1,1,1,1,0,1.195497069,0.070812772,0.002340422,0.793644068,22,17,3,51,2,1,1,1,1,1,1.169602705,0.16062582,0.002722472,0.5,29,0,2,0,0,0,0,0,0,0,0,0,0,,,22,2,44,1,1,1,1,1,0,0.759761779,0.020140219,0.000273088,0.255932203,11,17,1,17,1,1,1,0,1,0,0.783896818,0.084491564,0.002864121,0.686440678,5,
327,ok,213,7,5,5,2.175423897,3.380385374,0.603517118,2.009815925,0.602005165,0.898559822,12,3,36,3,1,1,1,1,2,3.673480912,5.615359655,0.37356418,0.108262712,0,22,3,66,1,1,1,1,1,0,0.611087016,0.001342346,4.44E-05,0.628389831,17,17,3,51,1,1,1,0,1,0,0.586615984,0.001546697,2.62E-05,0.923728814,54,0,2,0,0,0,0,0,0,0,0,0,0,,,20,2,40,1,1,1,1,0,0,0.582240128,0.000292234,3.96E-06,0.703389831,44,20,1,20,1,1,1,1,0,0,0.584169823,0.000197486,6.69E-06,1.025423729,15,
112,ok,212,6,4,4,1.620490533,0.567455217,0.356350882,1.074279028,0.394182846,0.785338627,17,3,51,2,1,1,1,1,1,3.840067201,3.055435327,0.20326413,0.108262712,0,17,3,51,2,1,1,1,1,1,1.370570665,0.400881449,0.013249472,1.058050847,30,22,3,66,1,1,1,1,1,0,0.548670935,0.007807187,0.000132325,0.56779661,33,0,2,0,0,0,0,0,0,0,0,0,0,,,22,2,44,1,1,1,1,1,0,0.598095057,0.010045969,0.000136217,0.228813559,9,0,1,0,0,0,0,0,0,0,0,0,0,,,
252,ok,212,6,4,4,1.641236373,0.428142521,0.218390754,0.758891996,0.75749161,0.586509827,17,3,51,2,1,1,1,1,1,4.011168728,0.294447662,0.019588255,0.108262712,0,17,3,51,2,1,1,1,1,1,1.461197299,43.33971485,1.432414304,1.983474576,58,22,3,66,1,1,1,1,1,0,0.41298768,0.002278211,3.86E-05,0.36440678,21,0,2,0,0,0,0,0,0,0,0,0,0,,,22,2,44,1,1,1,1,1,0,0.49352276,0.005801473,7.87E-05,0.337288136,17,0,1,0,0,0,0,0,0,0,0,0,0,,,
367,ok,212,6,4,4,1.186271157,0.555300945,0.427741502,1.063697735,0.372161799,0.729291953,17,3,51,2,1,1,1,1,1,3.913240925,5.068432061,0.337179591,0.108262712,0,17,3,51,2,1,1,1,1,1,1.363909607,0.36272671,0.011988425,1.124152542,32,22,3,66,1,1,1,1,1,0,0.629982655,0.008541469,0.000144771,0.550847458,32,0,2,0,0,0,0,0,0,0,0,0,0,,,22,2,44,1,1,1,1,1,0,0.67173037,0.009253663,0.000125473,0.215254237,8,0,1,0,0,0,0,0,0,0,0,0,0,,,
378,ok,212,6,4,4,2.452499629,0.711678589,0.323975567,0.865447893,0.777393141,0.718078679,12,3,36,3,1,1,1,1,2,3.282772703,1.860974021,0.123802085,0.108262712,0,22,3,66,1,1,1,1,1,0,1.308697064,0.174324301,0.005761566,0.76059322,21,22,3,66,1,1,1,1,1,0,0.545014207,0.00453708,7.69E-05,0.466101695,27,0,2,0,0,0,0,0,0,0,0,0,0,,,22,2,44,1,1,1,1,1,0,0.628918932,0.010498936,0.000142358,0.350847458,18,0,1,0,0,0,0,0,0,0,0,0,0,,,
463,ok,212,6,4,4,1.408924591,0.470084539,0.40926597,0.764540477,0.708747678,0.685327827,12,3,36,3,1,1,1,1,2,3.256222717,3.046718671,0.202684251,0.108262712,0,22,3,66,1,1,1,1,1,0,1.219414215,0.203057173,0.006711212,0.628389831,17,22,3,66,1,1,1,1,1,0,0.71546207,0.007231389,0.000122566,0.347457627,20,0,2,0,0,0,0,0,0,0,0,0,0,,,22,2,44,1,1,1,1,1,0,0.816523313,0.016005003,0.000217017,0.201694915,7,0,1,0,0,0,0,0,0,0,0,0,0,,,
488,ok,212,6,4,4,1.877954664,0.424556887,0.333447287,0.694838783,0.573319496,0.629732685,17,3,51,2,1,1,1,1,1,4.970517172,7.712681799,0.513089425,0.108262712,0,17,3,51,2,1,1,1,1,1,1.422453079,43.99565667,1.454093737,1.818220339,53,22,3,66,1,1,1,1,1,0,0.689441258,0.011693467,0.000198194,0.36440678,21,0,2,0,0,0,0,0,0,0,0,0,0,,,22,2,44,1,1,1,1,1,0,0.757810002,0.016890556,0.000229024,0.242372881,10,0,1,0,0,0,0,0,0,0,0,0,0,,,
481,ok,212,6,4,4,1.876229437,0.158853275,1.238241539,1.288746115,0.531598192,0.90420174,17,3,51,2,1,1,1,1,1,1.435057532,22.80041006,1.51680694,0.97309322,13,22,3,66,1,1,1,1,1,0,1.190578592,0.385790498,0.012750703,0.496186441,13,17,3,51,2,1,1,1,1,1,1.333074965,0.170349683,0.002887283,0.127118644,7,0,2,0,0,0,0,0,0,0,0,0,0,,,22,2,44,1,1,1,1,1,0,1.057444998,0.652259887,0.008844202,0.744067797,47,0,1,0,0,0,0,0,0,0,0,0,0,,,
698,ok,212,6,4,4,1.719412615,0.119595269,1.949553725,1.381151985,0.642384352,0.457825232,17,3,51,2,1,1,1,1,1,1.458630139,8.13287138,0.541042715,1.438771186,20,17,3,51,2,1,1,1,1,1,1.157097587,0.23530433,0.007777008,0.661440678,18,22,3,66,1,1,1,1,1,0,1.067239434,0.046031043,0.000780187,0.449152542,26,0,2,0,0,0,0,0,0,0,0,0,0,,,22,2,44,1,1,1,1,1,0,1.066162663,0.238743515,0.0032372,0.63559322,39,0,1,0,0,0,0,0,0,0,0,0,0,,,
721,ok,212,6,4,4,2.030569211,0.955219455,0.127559807,0.712654819,0.712476736,0.990477123,17,3,51,2,1,1,1,1,1,4.322176893,0.514045181,0.034197074,0.108262712,0,17,3,51,2,1,1,1,1,1,1.460774928,49.99702945,1.652444194,1.851271186,54,22,3,66,1,1,1,1,1,0,0.30409107,0.000870733,1.48E-05,0.788135593,46,0,2,0,0,0,0,0,0,0,0,0,0,,,22,2,44,1,1,1,1,1,0,0.346265754,0.001906902,2.59E-05,0.472881356,27,0,1,0,0,0,0,0,0,0,0,0,0,,,
766,ok,212,6,4,4,1.139580683,1.038729813,0.41374118,0.797473121,0.416738926,0.901072718,17,3,51,2,1,1,1,1,1,2.396724547,3.607963975,0.240021332,0.174788136,1,17,3,51,2,1,1,1,1,1,1.408781979,0.189507299,0.006263377,0.925847458,26,22,3,66,1,1,1,1,1,0,0.747572753,0.005812314,9.85E-05,0.754237288,44,0,2,0,0,0,0,0,0,0,0,0,0,,,22,2,44,1,1,1,1,1,0,0.777519894,0.006421808,8.71E-05,0.283050847,13,0,1,0,0,0,0,0,0,0,0,0,0,,,
800,ok,212,6,4,4,1.505000798,1.27986047,0.293579334,1.764887232,0.66730201,0.945335129,17,3,51,2,1,1,1,1,1,4.232168695,0.904457068,0.06016939,0.108262712,0,17,3,51,2,1,1,1,1,1,1.387134758,0.619817103,0.020485481,1.586864407,46,22,3,66,1,1,1,1,1,0,0.362970626,0.001005271,1.70E-05,0.822033898,48,0,2,0,0,0,0,0,0,0,0,0,0,,,22,2,44,1,1,1,1,1,0,0.398422876,0.001271224,1.72E-05,0.486440678,28,0,1,0,0,0,0,0,0,0,0,0,0,,,
826,ok,212,6,4,4,1.974173837,0.443622042,0.246451207,0.686594967,0.647600502,0.603790336,17,3,51,2,1,1,1,1,1,4.621823573,1.564052959,0.104049286,0.108262712,0,17,3,51,2,1,1,1,1,1,1.412408257,41.10903278,1.358688372,1.785169492,52,22,3,66,1,1,1,1,1,0,0.527422615,0.00585239,9.92E-05,0.381355932,22,0,2,0,0,0,0,0,0,0,0,0,0,,,22,2,44,1,1,1,1,1,0,0.592142633,0.009564417,0.000129687,0.310169492,15,0,1,0,0,0,0,0,0,0,0,0,0,,,
864,ok,212,6,4,4,1.64753869,0.483667738,0.125706265,0.516803224,0.625367698,0.852493865,17,3,51,2,1,1,1,1,1,4.460075471,1.081844785,0.071970183,0.108262712,0,17,3,51,2,1,1,1,1,1,1.385414587,30.82169915,1.018683277,1.355508475,39,22,3,66,1,1,1,1,1,0,0.36681629,0.001862098,3.16E-05,0.483050847,28,0,2,0,0,0,0,0,0,0,0,0,0,,,22,2,44,1,1,1,1,1,0,0.43290541,0.004969342,6.74E-05,0.269491525,12,0,1,0,0,0,0,0,0,0,0,0,0,,,
878,ok,212,6,4,4,1.750521959,0.523575918,0.204976592,0.600657349,0.36471278,0.969411428,17,3,51,2,1,1,1,1,1,3.515093979,3.88033803,0.258141132,0.108262712,0,17,3,51,2,1,1,1,1,1,1.398892971,42.99345394,1.420970088,1.586864407,46,22,3,66,1,1,1,1,1,0,0.543433612,0.005840079,9.90E-05,0.652542373,38,0,2,0,0,0,0,0,0,0,0,0,0,,,22,2,44,1,1,1,1,1,0,0.594566673,0.011158345,0.0001513,0.201694915,7,0,1,0,0,0,0,0,0,0,0,0,0,,,
868,ok,212,6,4,4,1.372622001,0.092393309,0.930922522,0.849441964,0.653381681,0.760230399,17,3,51,2,1,1,1,1,1,1.388490851,11.32887537,0.753658234,1.039618644,14,17,3,51,2,1,1,1,1,1,1.109685452,0.221986444,0.00733684,0.231779661,5,22,3,66,1,1,1,1,1,0,1.056504127,0.082445077,0.001397374,0.449152542,26,0,2,0,0,0,0,0,0,0,0,0,0,,,22,2,44,1,1,1,1,1,0,1.047170069,0.692487738,0.009389664,0.540677966,32,0,1,0,0,0,0,0,0,0,0,0,0,,,
1051,ok,212,6,4,4,2.250759247,1.402394681,0.664335359,0.930219806,0.409454597,0.580101073,17,3,51,2,1,1,1,1,1,2.400128186,5.52176158,0.367337529,0.174788136,1,17,3,51,2,1,1,1,1,1,1.456970064,0.17624712,0.005825117,1.388559322,40,22,3,66,1,1,1,1,1,0,0.934613463,0.014271412,0.000241888,0.652542373,38,0,2,0,0,0,0,0,0,0,0,0,0,,,22,2,44,1,1,1,1,1,0,0.935007487,0.004873448,6.61E-05,0.581355932,35,0,1,0,0,0,0,0,0,0,0,0,0,,,
1058,ok,212,6,4,4,2.415123226,2.080993973,0.638189545,0.843289724,0.483289535,0.704576674,17,3,51,2,1,1,1,1,1,1.634289752,1.825480313,0.121440851,0.307838983,3,17,3,51,2,1,1,1,1,1,1.457006057,0.166753127,0.005511332,1.256355932,36,22,3,66,1,1,1,1,1,0,0.962940213,0.010751886,0.000182235,0.754237288,44,0,2,0,0,0,0,0,0,0,0,0,0,,,22,2,44,1,1,1,1,1,0,0.960596767,0.003802389,5.16E-05,0.581355932,35,0,1,0,0,0,0,0,0,0,0,0,0,,,
1196,ok,212,6,4,4,1.254706804,0.449929558,0.334033786,0.612448871,0.395759179,0.699648958,17,3,51,2,1,1,1,1,1,4.042953841,6.366082296,0.423506322,0.108262712,0,17,3,51,2,1,1,1,1,1,1.375995497,36.93961938,1.220885725,1.619915254,47,22,3,66,1,1,1,1,1,0,0.778292312,0.011713053,0.000198526,0.483050847,28,0,2,0,0,0,0,0,0,0,0,0,0,,,22,2,44,1,1,1,1,1,0,0.826097511,0.014741207,0.000199881,0.215254237,8,0,1,0,0,0,0,0,0,0,0,0,0,,,
1210,ok,212,6,4,4,1.122867483,1.055534454,0.532618484,1.07146527,0.454363288,0.851201416,17,3,51,2,1,1,1,1,1,2.646626401,4.852217005,0.322795792,0.174788136,1,17,3,51,2,1,1,1,1,1,1.390463349,0.324615984,0.010728833,1.223305085,35,22,3,66,1,1,1,1,1,0,0.72381791,0.006051412,0.000102566,0.652542373,38,0,2,0,0,0,0,0,0,0,0,0,0,,,22,2,44,1,1,1,1,1,0,0.761549539,0.005776331,7.83E-05,0.242372881,10,0,1,0,0,0,0,0,0,0,0,0,0,,,
1501,ok,212,6,4,4,2.062276555,0.684082142,0.348612024,1.151931799,0.596763514,0.597208934,17,3,51,2,1,1,1,1,1,4.66941385,1.693741447,0.112676867,0.108262712,0,17,3,51,2,1,1,1,1,1,1.368738467,0.284083746,0.009389209,1.190254237,34,22,3,66,1,1,1,1,1,0,0.498273489,0.006153045,0.000104289,0.516949153,30,0,2,0,0,0,0,0,0,0,0,0,0,,,22,2,44,1,1,1,1,1,0,0.529562521,0.005360966,7.27E-05,0.445762712,25,0,1,0,0,0,0,0,0,0,0,0,0,,,
1564,ok,212,6,4,4,1.760512029,0.235144546,0.260317492,0.514782395,0.261718926,0.980705922,17,3,51,2,1,1,1,1,1,3.156379579,7.183861035,0.477909399,0.108262712,0,17,3,51,2,1,1,1,1,1,1.397589621,35.25241014,1.16512203,1.355508475,39,22,3,66,1,1,1,1,1,0,0.764300974,0.016426228,0.000278411,0.415254237,24,0,2,0,0,0,0,0,0,0,0,0,0,,,22,2,44,1,1,1,1,1,0,1.200924132,0.198314154,0.002689005,0.554237288,33,0,1,0,0,0,0,0,0,0,0,0,0,,,
1591,ok,212,6,4,4,1.986820297,0.096701951,0.917809708,0.796105232,0.69447209,0.765097108,17,3,51,2,1,1,1,1,1,1.405430119,10.78817855,0.717688149,1.305720339,18,17,3,51,2,1,1,1,1,1,1.123278935,0.14648609,0.004841489,0.198728814,4,22,3,66,1,1,1,1,1,0,1.053766073,0.0827123,0.001401903,0.43220339,25,0,2,0,0,0,0,0,0,0,0,0,0,,,22,2,44,1,1,1,1,1,0,1.044376156,0.733573228,0.009946756,0.56779661,34,0,1,0,0,0,0,0,0,0,0,0,0,,,
1633,ok,212,6,4,4,1.416337733,1.544480738,0.713852874,1.021683384,0.349829377,0.56877851,17,3,51,2,1,1,1,1,1,2.179723449,2.149721208,0.143011114,0.174788136,1,17,3,51,2,1,1,1,1,1,1.478254966,0.109457112,0.00361765,1.586864407,46,22,3,66,1,1,1,1,1,0,0.905237338,0.007835635,0.000132807,0.703389831,41,0,2,0,0,0,0,0,0,0,0,0,0,,,22,2,44,1,1,1,1,1,0,0.876450087,0.000943199,1.28E-05,0.716949153,45,0,1,0,0,0,0,0,0,0,0,0,0,,,
1762,ok,212,6,4,4,1.156233355,0.324360102,1.117256855,1.893386279,0.834356355,0.762195213,17,3,51,2,1,1,1,1,1,1.66097958,2.840164256,0.188943131,0.174788136,1,22,3,66,1,1,1,1,1,0,1.252300693,0.243284347,0.008040754,0.89279661,25,17,3,51,2,1,1,1,1,1,1.25581435,0.301268097,0.005106239,0.56779661,33,0,2,0,0,0,0,0,0,0,0,0,0,,,22,2,44,1,1,1,1,1,0,1.327693815,0.55236125,0.007489644,0.540677966,32,0,1,0,0,0,0,0,0,0,0,0,0,,,
1785,ok,212,6,4,4,1.824940123,0.501053768,0.222173437,0.639780446,0.45840031,0.751759142,17,3,51,2,1,1,1,1,1,3.891013836,2.837743757,0.188782106,0.108262712,0,17,3,51,2,1,1,1,1,1,1.398666882,42.84876522,1.416188003,1.686016949,49,22,3,66,1,1,1,1,1,0,0.540765385,0.006450764,0.000109335,0.533898305,31,0,2,0,0,0,0,0,0,0,0,0,0,,,22,2,44,1,1,1,1,1,0,0.585650518,0.009585019,0.000129966,0.269491525,12,0,1,0,0,0,0,0,0,0,0,0,0,,,
1816,ok,212,6,4,4,2.330235966,0.62965251,0.288748168,2.031806371,0.867453323,0.555417626,17,3,51,2,1,1,1,1,1,2.974992321,0.121659983,0.008093482,0.108262712,0,17,3,51,2,1,1,1,1,1,1.328086182,0.316057121,0.010445956,1.652966102,48,22,3,66,1,1,1,1,1,0,0.267114217,0.000793412,1.34E-05,0.449152542,26,0,2,0,0,0,0,0,0,0,0,0,0,,,22,2,44,1,1,1,1,1,0,0.322589369,0.002111534,2.86E-05,0.513559322,30,0,1,0,0,0,0,0,0,0,0,0,0,,,
1829,ok,212,6,4,4,1.074551651,1.143034133,0.351164358,0.794324496,0.495636057,0.718667301,17,3,51,2,1,1,1,1,1,4.733852531,6.291283107,0.418530274,0.108262712,0,17,3,51,2,1,1,1,1,1,1.383347019,0.172162579,0.005690119,1.025,29,22,3,66,1,1,1,1,1,0,0.658487341,0.003510658,5.95E-05,0.805084746,47,0,2,0,0,0,0,0,0,0,0,0,0,,,22,2,44,1,1,1,1,1,0,0.63775644,0.000939006,1.27E-05,0.662711864,41,0,1,0,0,0,0,0,0,0,0,0,0,,,
1947,ok,212,6,4,4,1.402676157,1.029531873,0.210207362,0.825179265,0.57986822,0.927043108,17,3,51,2,1,1,1,1,1,4.685944817,3.725007939,0.247807732,0.108262712,0,17,3,51,2,1,1,1,1,1,1.375308958,0.188106945,0.006217094,0.826694915,23,22,3,66,1,1,1,1,1,0,0.432509259,0.001737237,2.94E-05,0.838983051,49,0,2,0,0,0,0,0,0,0,0,0,0,,,22,2,44,1,1,1,1,1,0,0.45896339,0.002099132,2.85E-05,0.472881356,27,0,1,0,0,0,0,0,0,0,0,0,0,,,
1953,ok,212,6,4,4,2.098668894,0.45938964,0.424562254,0.609039977,0.387210768,0.963413836,17,3,51,2,1,1,1,1,1,1.564995076,1.180987714,0.078565708,0.307838983,3,17,3,51,2,1,1,1,1,1,1.413880593,44.30799732,1.464416861,1.586864407,46,22,3,66,1,1,1,1,1,0,0.984423136,0.027010046,0.000457797,0.449152542,26,0,2,0,0,0,0,0,0,0,0,0,0,,,22,2,44,1,1,1,1,1,0,1.267215286,0.21323833,0.002891367,0.622033898,38,0,1,0,0,0,0,0,0,0,0,0,0,,,
74,ok,212,5,4,4,1.272072029,0.182902539,0.312832212,1.106505521,0.837890385,0.21507299,12,3,36,2,1,1,0,1,1,3.266514315,0.011874756,0.000789973,0.108262712,0,22,3,66,1,1,1,1,1,0,1.189973147,0.048235575,0.001594227,0.991949153,28,22,3,66,1,1,1,1,1,0,0.375631341,0.00158249,2.68E-05,0.161016949,9,0,2,0,0,0,0,0,0,0,0,0,0,,,22,2,44,1,1,1,1,1,0,0.443862215,0.002278572,3.09E-05,0.5,29,0,1,0,0,0,0,0,0,0,0,0,0,,,
102,ok,212,5,4,4,1.658995498,0.229116042,0.355569818,1.159801388,0.341086033,0.286734134,17,3,51,1,1,1,0,1,0,1.294763025,0.069602852,0.004630359,0.174788136,1,17,3,51,2,1,1,1,1,1,1.382225694,0.160964904,0.005320026,1.388559322,40,22,3,66,1,1,1,1,1,0,0.495037113,0.012193498,0.000206669,0.313559322,18,0,2,0,0,0,0,0,0,0,0,0,0,,,22,2,44,1,1,1,1,1,0,0.506388246,0.005561312,7.54E-05,0.405084746,22,0,1,0,0,0,0,0,0,0,0,0,0,,,
118,ok,212,5,4,4,1.314382658,0.289665558,0.100988901,0.56175648,0.360311353,0.678436659,17,3,51,1,1,1,0,1,0,0.428359827,0.003021388,0.000200999,0.440889831,5,17,3,51,2,1,1,1,1,1,1.367019217,32.44027535,1.072178592,1.454661017,42,22,3,66,1,1,1,1,1,0,0.291663229,0.001799261,3.05E-05,0.466101695,27,0,2,0,0,0,0,0,0,0,0,0,0,,,22,2,44,1,1,1,1,1,0,0.334680707,0.00316,4.28E-05,0.228813559,9,0,1,0,0,0,0,0,0,0,0,0,0,,,
154,ok,212,5,4,4,1.321238862,0.126959105,0.379600829,1.480114056,0.684556132,0.204503384,17,3,51,1,1,1,0,1,0,1.018363597,0.00812576,0.00054057,0.241313559,2,22,3,66,1,1,1,1,1,0,1.220741565,0.10148454,0.00335415,1.223305085,35,17,3,51,2,1,1,1,1,1,1.168187631,0.267879583,0.004540332,0.923728814,54,0,2,0,0,0,0,0,0,0,0,0,0,,,22,2,44,1,1,1,1,1,0,0.434482693,0.004796658,6.50E-05,0.323728814,16,0,1,0,0,0,0,0,0,0,0,0,0,,,
159,ok,212,5,4,4,1.998622375,0.266722131,0.370890423,1.128847309,0.298378664,0.316740861,17,3,51,1,1,1,0,1,0,1.281623929,0.099590849,0.006625323,0.174788136,1,17,3,51,2,1,1,1,1,1,1.409774249,0.176029627,0.005817928,1.421610169,41,22,3,66,1,1,1,1,1,0,0.538643678,0.014197939,0.000240643,0.381355932,22,0,2,0,0,0,0,0,0,0,0,0,0,,,22,2,44,1,1,1,1,1,0,0.543366143,0.007302389,9.90E-05,0.405084746,22,0,1,0,0,0,0,0,0,0,0,0,0,,,
176,ok,212,5,4,4,1.182825358,0.480100308,0.233639398,2.211640566,0.221951311,0.970313295,22,3,66,1,1,1,1,1,0,0.359008017,0.001607931,0.000106968,0.573940678,7,12,3,36,2,1,1,0,1,1,1.422701411,1.18109244,0.039036106,1.917372881,56,22,3,66,1,1,1,1,1,0,0.293999205,0.001335521,2.26E-05,0.855932203,50,0,2,0,0,0,0,0,0,0,0,0,0,,,22,2,44,1,1,1,1,1,0,0.327998213,0.002958103,4.01E-05,0.188135593,6,0,1,0,0,0,0,0,0,0,0,0,0,,,
187,ok,212,5,4,4,2.358952582,0.802045762,0.203192448,1.492308466,0.333833972,0.900569466,22,3,66,1,1,1,1,1,0,0.369668258,0.003054279,0.000203187,0.706991525,9,17,3,51,2,1,1,1,1,1,1.419764273,0.801652464,0.026495293,1.553813559,45,17,3,51,1,1,1,0,1,0,0.327109219,0.002044137,3.46E-05,0.957627119,56,0,2,0,0,0,0,0,0,0,0,0,0,,,22,2,44,1,1,1,1,1,0,0.332892953,0.003082958,4.18E-05,0.36440678,19,0,1,0,0,0,0,0,0,0,0,0,0,,,
292,ok,212,5,4,4,2.396490445,0.142511351,0.099878782,0.562222597,0.495290024,0.399477748,17,3,51,1,1,1,0,1,0,0.608520641,0.007543213,0.000501815,0.307838983,3,17,3,51,2,1,1,1,1,1,1.326887991,28.47614837,0.941160836,1.487711864,43,22,3,66,1,1,1,1,1,0,0.277581325,0.002720072,4.61E-05,0.177966102,10,0,2,0,0,0,0,0,0,0,0,0,0,,,22,2,44,1,1,1,1,1,0,0.320226871,0.003737311,5.07E-05,0.188135593,6,0,1,0,0,0,0,0,0,0,0,0,0,,,
304,ok,212,5,4,4,1.312065089,0.241945841,0.422434607,1.268304695,0.204686132,0.354665409,17,3,51,1,1,1,0,1,0,1.070050548,0.051979377,0.00345795,0.174788136,1,17,3,51,2,1,1,1,1,1,1.429257103,0.192435388,0.006360153,1.652966102,48,22,3,66,1,1,1,1,1,0,0.558131432,0.012247131,0.000207578,0.449152542,26,0,2,0,0,0,0,0,0,0,0,0,0,,,22,2,44,1,1,1,1,1,0,0.559735583,0.008414814,0.000114099,0.296610169,14,0,1,0,0,0,0,0,0,0,0,0,0,,,
369,ok,212,5,4,4,2.159517975,0.221400853,0.253494959,1.04625012,0.417660313,0.253601606,17,3,51,1,1,1,0,1,0,1.281136621,0.048723981,0.003241383,0.174788136,1,17,3,51,2,1,1,1,1,1,1.360117348,0.138574613,0.004580008,1.223305085,35,22,3,66,1,1,1,1,1,0,0.395588087,0.008159281,0.000138293,0.279661017,16,0,2,0,0,0,0,0,0,0,0,0,0,,,22,2,44,1,1,1,1,1,0,0.403010837,0.003025349,4.10E-05,0.486440678,28,0,1,0,0,0,0,0,0,0,0,0,0,,,
403,ok,212,5,4,4,1.842823864,0.402580146,0.172671487,1.136943858,0.377752252,0.437999046,17,3,51,1,1,1,0,1,0,0.527970204,0.008143734,0.000541765,0.307838983,3,17,3,51,2,1,1,1,1,1,1.400288131,0.225731899,0.007460631,1.322457627,38,22,3,66,1,1,1,1,1,0,0.288273242,0.002690975,4.56E-05,0.550847458,32,0,2,0,0,0,0,0,0,0,0,0,0,,,22,2,44,1,1,1,1,1,0,0.282893495,0.001367089,1.85E-05,0.513559322,30,0,1,0,0,0,0,0,0,0,0,0,0,,,
392,ok,212,5,4,4,2.099336474,0.083800776,1.883768196,0.779409413,0.686145254,0.792083606,17,3,51,1,1,1,0,1,0,1.029077272,7.731070957,0.514312771,0.174788136,1,17,3,51,2,1,1,1,1,1,1.110795345,0.313359706,0.010356804,0.198728814,4,22,3,66,1,1,1,1,1,0,1.05648115,0.456263938,0.007733287,0.110169492,6,0,2,0,0,0,0,0,0,0,0,0,0,,,22,2,44,1,1,1,1,1,0,1.029077284,1.247557215,0.01691603,0.337288136,17,0,1,0,0,0,0,0,0,0,0,0,0,,,
440,ok,212,5,4,4,1.274801821,0.34683168,0.851725793,1.266025445,0.260559057,0.304560545,17,3,51,1,1,1,0,1,0,1.363471801,0.077018538,0.005123691,0.241313559,2,17,3,51,2,1,1,1,1,1,1.450517356,0.123233817,0.004072982,1.785169492,52,22,3,66,1,1,1,1,1,0,0.934934486,0.032123574,0.000544467,0.36440678,21,0,2,0,0,0,0,0,0,0,0,0,0,,,22,2,44,1,1,1,1,1,0,0.939686051,0.013258078,0.000179771,0.377966102,20,0,1,0,0,0,0,0,0,0,0,0,0,,,
543,ok,212,5,4,4,1.960081552,0.113511714,0.436780257,1.262073166,0.722767172,0.148735367,17,3,51,1,1,1,0,1,0,1.806561703,0.029294928,0.001948857,0.174788136,1,22,3,66,1,1,1,1,1,0,1.224446944,0.069723771,0.00230443,1.15720339,33,17,3,51,2,1,1,1,1,1,1.132804354,0.288189126,0.004884561,0.601694915,35,0,2,0,0,0,0,0,0,0,0,0,0,,,22,2,44,1,1,1,1,1,0,0.551561152,0.005798262,7.86E-05,0.418644068,23,0,1,0,0,0,0,0,0,0,0,0,0,,,
614,ok,212,5,4,4,1.691705014,0.27054349,0.382059733,1.327991759,0.339568008,0.454091705,17,3,51,1,1,1,0,1,0,0.667421152,0.015316232,0.001018919,0.374364407,4,17,3,51,2,1,1,1,1,1,1.361278977,0.339371851,0.011216527,1.355508475,39,22,3,66,1,1,1,1,1,0,0.487041045,0.011827896,0.000200473,0.36440678,21,0,2,0,0,0,0,0,0,0,0,0,0,,,22,2,44,1,1,1,1,1,0,0.523305242,0.010394271,0.000140939,0.242372881,10,0,1,0,0,0,0,0,0,0,0,0,0,,,
635,ok,212,5,4,4,1.53029346,0.445926278,0.247220105,0.790959549,0.302080893,0.412776837,17,3,51,1,1,1,0,1,0,0.888598961,0.029710669,0.001976515,0.241313559,2,17,3,51,2,1,1,1,1,1,1.433647018,0.108136652,0.003574008,1.058050847,30,22,3,66,1,1,1,1,1,0,0.519603006,0.006231767,0.000105623,0.63559322,37,0,2,0,0,0,0,0,0,0,0,0,0,,,22,2,44,1,1,1,1,1,0,0.482391373,0.001862375,2.53E-05,0.594915254,36,0,1,0,0,0,0,0,0,0,0,0,0,,,
813,ok,212,5,4,4,1.788206348,0.180838574,0.070398028,0.549674441,0.367453771,0.50062089,17,3,51,1,1,1,0,1,0,0.458649834,0.00358831,0.000238714,0.307838983,3,17,3,51,2,1,1,1,1,1,1.343695181,30.35572503,1.003282437,1.454661017,42,22,3,66,1,1,1,1,1,0,0.206269855,0.001311508,2.22E-05,0.296610169,17,0,2,0,0,0,0,0,0,0,0,0,0,,,22,2,44,1,1,1,1,1,0,0.244307043,0.001922863,2.61E-05,0.201694915,7,0,1,0,0,0,0,0,0,0,0,0,0,,,
858,ok,212,5,4,4,1.400814579,0.281174525,0.060624198,0.536371111,0.332481929,0.595467858,17,3,51,1,1,1,0,1,0,0.42289188,0.002694405,0.000179246,0.307838983,3,17,3,51,2,1,1,1,1,1,1.33756012,29.05110229,0.96016355,1.388559322,40,22,3,66,1,1,1,1,1,0,0.189021184,0.00074304,1.26E-05,0.5,29,0,2,0,0,0,0,0,0,0,0,0,0,,,22,2,44,1,1,1,1,1,0,0.214642317,0.001097334,1.49E-05,0.269491525,12,0,1,0,0,0,0,0,0,0,0,0,0,,,
876,ok,212,5,4,4,1.991363331,0.082326929,0.093149795,0.648457681,0.332146402,0.62824786,17,3,51,1,1,1,0,1,0,0.412739418,0.004599333,0.000305973,0.374364407,4,17,3,51,2,1,1,1,1,1,1.202818877,34.76218723,1.148919747,1.686016949,49,22,3,66,1,1,1,1,1,0,0.227787022,0.00237969,4.03E-05,0.144067797,8,0,2,0,0,0,0,0,0,0,0,0,0,,,22,2,44,1,1,1,1,1,0,0.865313245,0.164300244,0.0022278,0.798305085,51,0,1,0,0,0,0,0,0,0,0,0,0,,,
886,ok,212,5,4,4,2.361537136,0.927039811,0.351875905,2.316243239,0.490798578,0.930581697,22,3,66,1,1,1,1,1,0,0.415301201,0.000717767,4.77E-05,1.50529661,21,12,3,36,2,1,1,0,1,1,1.405643926,1.4972941,0.049486839,1.950423729,57,22,3,66,1,1,1,1,1,0,0.366046049,0.003088065,5.23E-05,0.703389831,41,0,2,0,0,0,0,0,0,0,0,0,0,,,22,2,44,1,1,1,1,1,0,0.418469167,0.004049821,5.49E-05,0.283050847,13,0,1,0,0,0,0,0,0,0,0,0,0,,,
892,ok,212,5,4,4,2.232661606,0.177333157,0.272733128,1.368893408,0.810581635,0.350644275,12,3,36,2,1,1,0,1,1,3.399307002,0.08549823,0.005687806,0.108262712,0,22,3,66,1,1,1,1,1,0,1.178385913,0.17499099,0.005783601,0.89279661,25,22,3,66,1,1,1,1,1,0,0.299599151,0.002786539,4.72E-05,0.161016949,9,0,2,0,0,0,0,0,0,0,0,0,0,,,22,2,44,1,1,1,1,1,0,0.380517839,0.006975484,9.46E-05,0.242372881,10,0,1,0,0,0,0,0,0,0,0,0,0,,,
931,ok,212,5,4,4,2.11488169,0.123316751,0.136736255,1.431782961,0.21229903,0.313284955,17,3,51,1,1,1,0,1,0,1.460300763,0.033823765,0.00225014,0.108262712,0,17,3,51,2,1,1,1,1,1,1.362116905,0.295069651,0.009752302,1.553813559,45,22,3,66,1,1,1,1,1,0,0.180905396,0.002307134,3.91E-05,0.313559322,18,0,2,0,0,0,0,0,0,0,0,0,0,,,22,2,44,1,1,1,1,1,0,0.204463929,0.001989766,2.70E-05,0.215254237,8,0,1,0,0,0,0,0,0,0,0,0,0,,,
956,ok,212,5,4,4,2.330656743,0.34431118,0.345422309,1.214238333,0.177579989,0.312351184,17,3,51,1,1,1,0,1,0,1.724876903,0.207147696,0.013780588,0.108262712,0,17,3,51,2,1,1,1,1,1,1.492956822,0.112033182,0.003702792,1.818220339,53,22,3,66,1,1,1,1,1,0,0.519798692,0.009422715,0.000159707,0.669491525,39,0,2,0,0,0,0,0,0,0,0,0,0,,,22,2,44,1,1,1,1,1,0,0.468813473,0.00343702,4.66E-05,0.56779661,34,0,1,0,0,0,0,0,0,0,0,0,0,,,
1080,ok,212,5,4,4,1.873190211,0.11094715,0.348841273,0.791960858,0.170334068,0.227393703,17,3,51,1,1,1,0,1,0,1.791549941,0.113812597,0.007571431,0.108262712,0,17,3,51,2,1,1,1,1,1,1.446088484,0.042855032,0.001416395,0.958898305,27,22,3,66,1,1,1,1,1,0,0.690803124,0.023435881,0.000397218,0.296610169,17,0,2,0,0,0,0,0,0,0,0,0,0,,,22,2,44,1,1,1,1,1,0,0.703627621,0.013108362,0.00017774,0.242372881,10,0,1,0,0,0,0,0,0,0,0,0,0,,,
1083,ok,212,5,4,4,2.136810127,0.160137393,0.083097669,1.783830654,0.145832723,0.452731419,17,3,51,1,1,1,0,1,0,0.996015396,0.011791679,0.000784446,0.108262712,0,17,3,51,2,1,1,1,1,1,1.40446044,0.564590292,0.018660188,1.983474576,58,22,3,66,1,1,1,1,1,0,0.115736973,0.000608991,1.03E-05,0.584745763,34,0,2,0,0,0,0,0,0,0,0,0,0,,,22,2,44,1,1,1,1,1,0,0.127689867,0.00085414,1.16E-05,0.188135593,6,0,1,0,0,0,0,0,0,0,0,0,0,,,
1088,ok,212,5,4,4,1.525293738,0.105556483,1.104049188,0.612997539,0.709060143,0.489122102,17,3,51,1,1,1,0,1,0,1.037142071,7.934377803,0.527837845,0.108262712,0,17,3,51,2,1,1,1,1,1,1.086551737,0.155121099,0.005126884,0.264830508,6,22,3,66,1,1,1,1,1,0,1.038385907,0.039622072,0.000671561,0.449152542,26,0,2,0,0,0,0,0,0,0,0,0,0,,,22,2,44,1,1,1,1,1,0,1.037141937,0.140614114,0.001906632,0.689830508,43,0,1,0,0,0,0,0,0,0,0,0,0,,,
1107,ok,212,5,4,4,1.230716108,0.080310758,1.273719419,0.737630933,0.507547085,0.478961631,17,3,51,1,1,1,0,1,0,2.697011268,11.09322611,0.737981567,0.108262712,0,17,3,51,2,1,1,1,1,1,1.099035835,0.200219977,0.00661744,0.330932203,8,22,3,66,1,1,1,1,1,0,1.043681188,0.4667037,0.007910232,0.449152542,26,0,2,0,0,0,0,0,0,0,0,0,0,,,22,2,44,1,1,1,1,1,0,1.042455211,0.56325732,0.007637387,0.5,29,0,1,0,0,0,0,0,0,0,0,0,0,,,
1136,ok,212,5,4,4,2.018243999,0.257263696,0.056068112,0.673636555,0.40231591,0.604185061,17,3,51,1,1,1,0,1,0,0.272073633,0.001104843,7.35E-05,0.440889831,5,17,3,51,2,1,1,1,1,1,1.408380971,43.59582244,1.440878877,1.752118644,51,22,3,66,1,1,1,1,1,0,0.140376306,0.000628804,1.07E-05,0.381355932,22,0,2,0,0,0,0,0,0,0,0,0,0,,,22,2,44,1,1,1,1,1,0,0.174793822,0.001105929,1.50E-05,0.242372881,10,0,1,0,0,0,0,0,0,0,0,0,0,,,
1190,ok,212,5,4,4,2.340660982,0.429494301,0.16750098,1.433640682,0.246686518,0.753796645,17,3,51,1,1,1,0,1,0,0.354403792,0.004272328,0.000284218,0.440889831,5,17,3,51,2,1,1,1,1,1,1.399151925,0.741535547,0.024508378,1.487711864,43,22,3,66,1,1,1,1,1,0,0.270600205,0.002138301,3.62E-05,0.788135593,46,0,2,0,0,0,0,0,0,0,0,0,0,,,22,2,44,1,1,1,1,1,0,0.284185389,0.0037595,5.10E-05,0.255932203,11,0,1,0,0,0,0,0,0,0,0,0,0,,,
1218,ok,212,5,4,4,1.792184096,0.332831536,0.394798905,0.924699622,0.583172366,0.320264531,17,3,51,1,1,1,0,1,0,0.891381472,0.016844377,0.001120579,0.374364407,4,17,3,51,2,1,1,1,1,1,1.320744673,0.132252532,0.004371058,1.025,29,22,3,66,1,1,1,1,1,0,0.630553419,0.012756126,0.000216206,0.296610169,17,0,2,0,0,0,0,0,0,0,0,0,0,,,22,2,44,1,1,1,1,1,0,0.648427746,0.005943714,8.06E-05,0.5,29,0,1,0,0,0,0,0,0,0,0,0,0,,,
1263,ok,212,5,4,4,1.990722905,0.07835987,0.095338315,1.044474721,0.448066964,0.455911887,17,3,51,1,1,1,0,1,0,0.352655987,0.002014704,0.000134029,0.374364407,4,17,3,51,2,1,1,1,1,1,1.14252715,0.236141563,0.007804679,0.496186441,13,22,3,66,1,1,1,1,1,0,0.148998255,0.001428031,2.42E-05,0.110169492,6,0,2,0,0,0,0,0,0,0,0,0,0,,,22,2,44,1,1,1,1,1,0,0.445178753,0.066069251,0.000895854,0.771186441,49,0,1,0,0,0,0,0,0,0,0,0,0,,,
1274,ok,212,5,4,4,1.803054074,0.313523917,0.277025377,1.006182835,0.303441632,0.344801262,17,3,51,1,1,1,0,1,0,0.795986008,0.02262885,0.001505394,0.241313559,2,17,3,51,2,1,1,1,1,1,1.414748071,0.155734571,0.00514716,1.28940678,37,22,3,66,1,1,1,1,1,0,0.466137781,0.008240984,0.000139678,0.466101695,27,0,2,0,0,0,0,0,0,0,0,0,0,,,22,2,44,1,1,1,1,1,0,0.45528207,0.003684059,5.00E-05,0.472881356,27,0,1,0,0,0,0,0,0,0,0,0,0,,,
1282,ok,212,5,4,4,1.607050965,0.143371548,1.424676699,0.884749614,0.698342142,0.92579012,17,3,51,1,1,1,0,1,0,1.035944994,8.845811784,0.588471377,0.174788136,1,17,3,51,2,1,1,1,1,1,1.131551831,0.231843396,0.007662621,0.264830508,6,22,3,66,1,1,1,1,1,0,1.040570184,0.282000424,0.004779668,0.737288136,43,0,2,0,0,0,0,0,0,0,0,0,0,,,22,2,44,1,1,1,1,1,0,1.03594471,0.234902204,0.003185115,0.622033898,38,0,1,0,0,0,0,0,0,0,0,0,0,,,
1368,ok,212,5,4,4,1.378652348,0.14578606,0.483059975,1.464605025,0.242735639,0.207064771,17,3,51,1,1,1,0,1,0,2.091524641,0.132846455,0.008837667,0.108262712,0,17,3,51,2,1,1,1,1,1,1.421894086,0.108737222,0.003593857,1.851271186,54,22,3,66,1,1,1,1,1,0,0.536055866,0.018386696,0.000311639,0.262711864,15,0,2,0,0,0,0,0,0,0,0,0,0,,,22,2,44,1,1,1,1,1,0,0.537031708,0.006799019,9.22E-05,0.350847458,18,0,1,0,0,0,0,0,0,0,0,0,0,,,
1396,ok,212,5,4,4,2.382600747,0.312452432,0.089377952,0.789759028,0.231535442,0.556261742,17,3,51,1,1,1,0,1,0,0.477463287,0.007863185,0.000523102,0.241313559,2,17,3,51,2,1,1,1,1,1,1.400670964,0.222854937,0.007365545,0.925847458,26,22,3,66,1,1,1,1,1,0,0.21974813,0.00139101,2.36E-05,0.703389831,41,0,2,0,0,0,0,0,0,0,0,0,0,,,22,2,44,1,1,1,1,1,0,0.227408997,0.001900827,2.58E-05,0.310169492,15,0,1,0,0,0,0,0,0,0,0,0,0,,,
1494,ok,212,5,4,4,1.499574273,0.308201066,0.080822324,0.598586526,0.216646795,0.859328194,17,3,51,1,1,1,0,1,0,0.360408142,0.002965042,0.000197251,0.374364407,4,17,3,51,2,1,1,1,1,1,1.378083413,40.09532503,1.325184471,1.553813559,45,22,3,66,1,1,1,1,1,0,0.246413767,0.001138819,1.93E-05,0.754237288,44,0,2,0,0,0,0,0,0,0,0,0,0,,,22,2,44,1,1,1,1,1,0,0.276297709,0.002819224,3.82E-05,0.188135593,6,0,1,0,0,0,0,0,0,0,0,0,0,,,
1569,ok,212,5,4,4,1.638492192,0.384900517,0.407999531,1.240131362,0.38655478,0.472443557,17,3,51,1,1,1,0,1,0,0.692491146,0.013628374,0.000906633,0.440889831,5,17,3,51,2,1,1,1,1,1,1.382661693,0.282650903,0.009341852,1.355508475,39,22,3,66,1,1,1,1,1,0,0.536854924,0.01106148,0.000187483,0.415254237,24,0,2,0,0,0,0,0,0,0,0,0,0,,,22,2,44,1,1,1,1,1,0,0.567668078,0.008698229,0.000117942,0.323728814,16,0,1,0,0,0,0,0,0,0,0,0,0,,,
1617,ok,212,5,4,4,1.487582348,0.159330378,0.280233913,1.143338227,0.743431534,0.229380508,12,3,36,2,1,1,0,1,1,3.830440356,0.02647528,0.001761279,0.108262712,0,22,3,66,1,1,1,1,1,0,1.220799691,0.075759005,0.002503899,0.958898305,27,22,3,66,1,1,1,1,1,0,0.344053398,0.003075955,5.21E-05,0.144067797,8,0,2,0,0,0,0,0,0,0,0,0,0,,,22,2,44,1,1,1,1,1,0,0.41171079,0.003390729,4.60E-05,0.391525424,21,0,1,0,0,0,0,0,0,0,0,0,0,,,
1621,ok,212,5,4,4,1.397910163,0.083525965,0.082682955,0.512241858,0.202770109,0.576140158,17,3,51,1,1,1,0,1,0,0.509516978,0.005313846,0.000353506,0.241313559,2,17,3,51,2,1,1,1,1,1,1.352880103,29.42030875,0.972366137,1.355508475,39,22,3,66,1,1,1,1,1,0,0.264485524,0.00234774,3.98E-05,0.245762712,14,0,2,0,0,0,0,0,0,0,0,0,0,,,22,2,44,1,1,1,1,1,0,0.808693735,0.08097566,0.001097975,0.811864407,52,0,1,0,0,0,0,0,0,0,0,0,0,,,
1693,ok,212,5,4,4,1.061733655,0.3694474,0.204379863,1.045099514,0.288291459,0.632620318,17,3,51,1,1,1,0,1,0,0.508293624,0.00567062,0.00037724,0.374364407,4,17,3,51,2,1,1,1,1,1,1.36445881,0.320113988,0.010580039,1.124152542,32,22,3,66,1,1,1,1,1,0,0.359115977,0.00278575,4.72E-05,0.618644068,36,0,2,0,0,0,0,0,0,0,0,0,0,,,22,2,44,1,1,1,1,1,0,0.380357134,0.003471497,4.71E-05,0.283050847,13,0,1,0,0,0,0,0,0,0,0,0,0,,,
1741,ok,212,5,4,4,2.203170259,0.422034575,0.385124635,1.261386574,0.21833899,0.494307587,17,3,51,1,1,1,0,1,0,0.704194743,0.024410977,0.001623951,0.307838983,3,17,3,51,2,1,1,1,1,1,1.436934507,0.340150689,0.011242269,1.686016949,49,22,3,66,1,1,1,1,1,0,0.542985485,0.009927353,0.00016826,0.63559322,37,0,2,0,0,0,0,0,0,0,0,0,0,,,22,2,44,1,1,1,1,1,0,0.541975964,0.00958545,0.000129972,0.337288136,17,0,1,0,0,0,0,0,0,0,0,0,0,,,
1791,ok,212,5,4,4,2.018861086,0.115810209,1.896813142,0.921115581,0.685309165,0.942176826,17,3,51,1,1,1,0,1,0,1.030943061,3.845721119,0.255838227,0.174788136,1,17,3,51,2,1,1,1,1,1,1.124697769,0.245945712,0.008128714,0.231779661,5,22,3,66,1,1,1,1,1,0,1.049394406,0.245549217,0.004161851,0.36440678,21,0,2,0,0,0,0,0,0,0,0,0,0,,,22,2,44,1,1,1,1,1,0,1.030943015,0.595705904,0.008077368,0.418644068,23,0,1,0,0,0,0,0,0,0,0,0,0,,,
1823,ok,212,5,4,4,1.979343253,0.565363435,0.331346917,0.814320085,0.348722819,0.439855739,17,3,51,1,1,1,0,1,0,0.809935309,0.021647531,0.001440111,0.374364407,4,17,3,51,2,1,1,1,1,1,1.439588384,0.122352495,0.004043854,1.091101695,31,22,3,66,1,1,1,1,1,0,0.645122098,0.010839626,0.000183722,0.618644068,36,0,2,0,0,0,0,0,0,0,0,0,0,,,22,2,44,1,1,1,1,1,0,0.61066854,0.003033728,4.11E-05,0.622033898,38,0,1,0,0,0,0,0,0,0,0,0,0,,,
1880,ok,212,5,4,4,1.337917048,0.322341015,0.901196037,1.257837157,0.213132415,0.349748284,17,3,51,1,1,1,0,1,0,1.178863583,0.035662078,0.002372435,0.307838983,3,17,3,51,2,1,1,1,1,1,1.453754796,0.153713393,0.005080358,1.752118644,51,22,3,66,1,1,1,1,1,0,0.987630254,0.036621053,0.000620696,0.381355932,22,0,2,0,0,0,0,0,0,0,0,0,0,,,22,2,44,1,1,1,1,1,0,0.994865468,0.020791124,0.000281914,0.242372881,10,0,1,0,0,0,0,0,0,0,0,0,0,,,
1999,ok,212,5,4,4,2.494308883,0.261181759,0.157542611,1.205487384,0.300895687,0.482594873,17,3,51,1,1,1,0,1,0,0.454678165,0.008016658,0.000533312,0.307838983,3,17,3,51,2,1,1,1,1,1,1.359200834,0.390243827,0.012897889,1.256355932,36,22,3,66,1,1,1,1,1,0,0.248921527,0.003085372,5.23E-05,0.449152542,26,0,2,0,0,0,0,0,0,0,0,0,0,,,22,2,44,1,1,1,1,1,0,0.271769855,0.003566916,4.84E-05,0.269491525,12,0,1,0,0,0,0,0,0,0,0,0,0,,,
744,ok,212,4,4,4,2.42800424,0.099200966,0.206514864,2.078270193,0.658751208,0.165833269,17,3,51,1,1,1,0,1,0,1.322546267,0.008001544,0.000532306,0.174788136,1,22,3,66,1,1,1,1,1,0,1.250124693,0.13379002,0.004421874,1.686016949,49,17,3,51,1,1,1,0,1,0,0.15918808,0.002224849,3.77E-05,0.093220339,5,0,2,0,0,0,0,0,0,0,0,0,0,,,22,2,44,1,1,1,1,1,0,0.199597966,0.001445398,1.96E-05,0.337288136,17,0,1,0,0,0,0,0,0,0,0,0,0,,,
832,ok,212,4,4,4,2.107677411,0.241268984,0.382550413,1.992188353,0.607527226,0.296217981,17,3,51,1,1,1,0,1,0,0.715863921,0.01390309,0.000924909,0.307838983,3,17,3,51,1,1,1,0,1,0,1.327402397,0.258457436,0.008542237,1.818220339,53,22,3,66,1,1,1,1,1,0,0.330601009,0.006983123,0.000118358,0.228813559,13,0,2,0,0,0,0,0,0,0,0,0,0,,,22,2,44,1,1,1,1,1,0,0.369055599,0.004651875,6.31E-05,0.391525424,21,0,1,0,0,0,0,0,0,0,0,0,0,,,
946,ok,212,4,4,4,1.458780194,1.069103627,0.684653991,1.561815148,0.115325461,0.623706772,17,3,51,1,1,1,0,1,0,0.786586935,0.010464418,0.00069615,0.374364407,4,22,3,66,1,1,1,1,1,0,0.93033291,0.002293551,7.58E-05,1.15720339,33,17,3,51,1,1,1,0,1,0,0.7093764,0.002505193,4.25E-05,0.940677966,55,0,2,0,0,0,0,0,0,0,0,0,0,,,22,2,44,1,1,1,1,1,0,0.700368309,0.004594404,6.23E-05,0.377966102,20,0,1,0,0,0,0,0,0,0,0,0,0,,,
1622,ok,212,4,4,4,2.088374458,0.273277845,0.15425636,0.513561005,0.118536128,0.382671894,17,3,51,1,1,1,0,1,0,1.297127556,0.065526002,0.004359145,0.108262712,0,22,3,66,1,1,1,1,1,0,1.305373539,26.14320416,0.864055053,1.355508475,39,17,3,51,1,1,1,0,1,0,0.514619085,0.004780978,8.10E-05,0.957627119,56,0,2,0,0,0,0,0,0,0,0,0,0,,,22,2,44,1,1,1,1,1,0,0.486173116,0.004395161,5.96E-05,0.391525424,21,0,1,0,0,0,0,0,0,0,0,0,0,,,
681,ok,211,5,4,4,1.430646733,0.085568203,0.054020317,0.699010751,0.524913392,0.797102153,22,3,66,1,1,1,1,1,0,0.218714972,0.000416665,2.77E-05,0.640466102,8,17,3,51,2,1,1,1,1,1,1.099526652,0.198092194,0.006547115,0.198728814,4,20,3,60,1,1,1,1,0,0,0.118891796,0.000490079,8.31E-06,0.110169492,6,0,2,0,0,0,0,0,0,0,0,0,0,,,17,2,34,1,1,1,0,1,0,0.514701695,0.038249642,0.000518639,0.838983051,54,0,1,0,0,0,0,0,0,0,0,0,0,,,
708,ok,211,5,4,4,1.528104939,0.124276187,0.07443622,1.746320325,0.693598431,0.540938613,22,3,66,1,1,1,1,1,0,0.200722068,0.000167873,1.12E-05,0.573940678,7,17,3,51,2,1,1,1,1,1,1.174456584,0.281237307,0.009295131,0.694491525,19,20,3,60,1,1,1,1,0,0,0.066630732,0.00021513,3.65E-06,0.127118644,7,0,2,0,0,0,0,0,0,0,0,0,0,,,17,2,34,1,1,1,0,1,0,0.127352043,0.000813336,1.10E-05,0.120338983,1,0,1,0,0,0,0,0,0,0,0,0,0,,,
1091,ok,211,5,4,4,2.364307543,0.220887471,0.075110153,0.899968321,0.772170417,0.653713065,17,3,51,2,1,1,1,1,1,3.583617225,0.048520895,0.003227873,0.108262712,0,22,3,66,1,1,1,1,1,0,1.156178197,0.222958112,0.007368955,0.463135593,12,20,3,60,1,1,1,1,0,0,0.127588085,0.000429902,7.29E-06,0.211864407,12,0,2,0,0,0,0,0,0,0,0,0,0,,,17,2,34,1,1,1,0,1,0,0.18986659,0.001945722,2.64E-05,0.174576271,5,0,1,0,0,0,0,0,0,0,0,0,0,,,
1587,ok,211,5,4,4,1.178395259,0.084019321,0.059262084,0.778049544,0.445314659,0.27070506,17,3,51,1,1,1,0,1,0,0.974100255,0.002131908,0.000141826,0.174788136,1,22,3,66,1,1,1,1,1,0,1.194937818,0.109218475,0.003609763,0.562288136,15,20,3,60,1,1,1,1,0,0,0.119281206,0.0005563,9.43E-06,0.127118644,7,0,2,0,0,0,0,0,0,0,0,0,0,,,17,2,34,2,1,1,1,1,1,0.199802021,0.003439348,4.66E-05,0.838983051,54,0,1,0,0,0,0,0,0,0,0,0,0,,,
204,ok,211,4,4,4,1.894533546,0.08312489,0.078122354,2.290099141,0.222277505,0.479968543,17,3,51,1,1,1,0,1,0,0.555214267,0.003243911,0.000215803,0.174788136,1,22,3,66,1,1,1,1,1,0,1.311293707,0.618348849,0.020436953,1.421610169,41,20,3,60,1,1,1,1,0,0,0.067958524,0.000500694,8.49E-06,0.211864407,12,0,2,0,0,0,0,0,0,0,0,0,0,,,17,2,34,1,1,1,0,1,0,0.182070609,0.01372288,0.000186073,0.825423729,53,0,1,0,0,0,0,0,0,0,0,0,0,,,
334,ok,211,4,4,4,2.451069424,0.098531616,0.058278465,1.308816557,0.131410175,0.532754273,17,3,51,1,1,1,0,1,0,0.908613057,0.010565391,0.000702867,0.108262712,0,22,3,66,1,1,1,1,1,0,1.34716636,0.48177825,0.015923179,1.190254237,34,20,3,60,1,1,1,1,0,0,0.091301418,0.000501548,8.50E-06,0.415254237,24,0,2,0,0,0,0,0,0,0,0,0,0,,,17,2,34,1,1,1,0,1,0,0.125596061,0.000999436,1.36E-05,0.106779661,0,0,1,0,0,0,0,0,0,0,0,0,0,,,
480,ok,211,4,4,4,1.290267519,0.149970549,0.0707516,1.781413879,0.145529653,0.774802678,17,3,51,1,1,1,0,1,0,0.279730008,0.00108915,7.25E-05,0.241313559,2,22,3,66,1,1,1,1,1,0,1.359985098,0.890741064,0.029439747,1.388559322,40,20,3,60,1,1,1,1,0,0,0.09771418,0.000356203,6.04E-06,0.56779661,33,0,2,0,0,0,0,0,0,0,0,0,0,,,17,2,34,1,1,1,0,1,0,0.136632264,0.000963831,1.31E-05,0.106779661,0,0,1,0,0,0,0,0,0,0,0,0,0,,,
575,ok,211,4,4,4,1.52314031,0.108453847,0.071507645,1.478715458,0.417390448,0.524874175,17,3,51,1,1,1,0,1,0,0.27606457,0.000760053,5.06E-05,0.374364407,4,22,3,66,1,1,1,1,1,0,1.222587139,0.310302334,0.010255755,0.76059322,21,20,3,60,1,1,1,1,0,0,0.081696748,0.000481535,8.16E-06,0.161016949,9,0,2,0,0,0,0,0,0,0,0,0,0,,,17,2,34,1,1,1,0,1,0,0.134246513,0.000897096,1.22E-05,0.106779661,0,0,1,0,0,0,0,0,0,0,0,0,0,,,
1033,ok,211,4,4,4,2.111951971,0.088545146,0.080587002,2.383652677,0.248755406,0.485986113,17,3,51,1,1,1,0,1,0,0.354813933,0.001577517,0.000104945,0.241313559,2,22,3,66,1,1,1,1,1,0,1.303052548,0.66705345,0.022046682,1.421610169,41,20,3,60,1,1,1,1,0,0,0.068959172,0.000546116,9.26E-06,0.211864407,12,0,2,0,0,0,0,0,0,0,0,0,0,,,17,2,34,1,1,1,0,1,0,0.172781476,0.008855913,0.00012008,0.879661017,57,0,1,0,0,0,0,0,0,0,0,0,0,,,
1404,ok,211,4,4,4,2.470694508,0.095700553,0.063277757,1.198721389,0.455844666,0.375396757,17,3,51,1,1,1,0,1,0,0.370068304,0.001235104,8.22E-05,0.307838983,3,22,3,66,1,1,1,1,1,0,1.194011258,0.24706449,0.008165691,0.727542373,20,20,3,60,1,1,1,1,0,0,0.087198877,0.000573216,9.72E-06,0.127118644,7,0,2,0,0,0,0,0,0,0,0,0,0,,,17,2,34,1,1,1,0,1,0,0.129599148,0.000854839,1.16E-05,0.147457627,3,0,1,0,0,0,0,0,0,0,0,0,0,,,
1399,ok,210,8,5,5,1.112571042,0.075724589,0.651997726,1.013509675,0.80150979,0.563058379,12,3,36,3,1,1,1,1,2,1.846102489,2.665677228,0.177335307,0.108262712,0,20,3,60,1,1,1,1,0,0,1.158268677,4.60E-09,1.52E-10,0.297881356,7,20,3,60,1,1,1,1,0,0,1.10670755,3.03E-08,5.13E-10,0.211864407,12,0,2,0,0,0,0,0,0,0,0,0,0,,,17,2,34,2,1,1,1,1,1,1.253752526,0.546140426,0.007405294,0.201694915,7,20,1,20,1,1,1,1,0,0,2.283664199,6.35E-11,2.15E-12,2.177966102,49,
265,ok,209,9,5,5,1.547160181,0.100975253,0.336377571,0.608097025,0.504413309,0.789548364,17,3,51,2,1,1,1,1,1,2.444181513,3.231426823,0.214972039,0.174788136,1,17,3,51,2,1,1,1,1,1,1.1087919,0.268929148,0.008888336,0.231779661,5,17,3,51,2,1,1,1,1,1,1.146912437,0.165858653,0.002811164,0.449152542,26,0,2,0,0,0,0,0,0,0,0,0,0,,,17,2,34,2,1,1,1,1,1,1.219652866,0.318560542,0.004319465,0.255932203,11,22,1,22,1,1,1,1,1,0,1.950625998,0.186652832,0.006327215,1.025423729,15,
519,ok,209,9,5,5,1.665987202,0.284577953,0.937103251,1.125839706,0.555457046,0.422157717,12,3,36,3,1,1,1,1,2,4.038372628,5.779281149,0.384469127,0.108262712,0,22,3,66,1,1,1,1,1,0,1.286496073,0.241782327,0.007991111,1.025,29,17,3,51,2,1,1,1,1,1,1.288770772,0.326708395,0.00553743,0.483050847,28,0,2,0,0,0,0,0,0,0,0,0,0,,,17,2,34,2,1,1,1,1,1,1.286099327,0.150996773,0.002047414,0.662711864,41,22,1,22,1,1,1,1,1,0,1.230315612,0.20681579,0.007010705,1.025423729,15,
564,ok,209,9,5,5,1.135629458,0.459885085,1.572081471,1.714355255,0.289587033,0.382100525,17,3,51,2,1,1,1,1,1,2.228778569,1.961300724,0.130476362,0.174788136,1,22,3,66,1,1,1,1,1,0,0.839512994,0.005065038,0.000167404,0.991949153,28,17,3,51,2,1,1,1,1,1,1.404507363,0.694494484,0.011771093,0.805084746,47,0,2,0,0,0,0,0,0,0,0,0,0,,,12,2,24,2,1,1,0,1,1,1.303950259,0.052302216,0.000709183,0.879661017,57,17,1,17,2,1,1,1,1,1,1.075801255,27.04618887,0.916819962,1.127118644,18,
573,ok,209,9,5,5,2.053612378,0.0859712,0.384371191,0.895756494,0.588665498,0.504790656,17,3,51,2,1,1,1,1,1,4.734447999,5.270564877,0.350626562,0.108262712,0,17,3,51,2,1,1,1,1,1,1.110820524,0.267149427,0.008829515,0.363983051,9,17,3,51,2,1,1,1,1,1,1.1377774,0.216863495,0.003675652,0.449152542,26,0,2,0,0,0,0,0,0,0,0,0,0,,,17,2,34,2,1,1,1,1,1,1.173303003,0.704983302,0.009559096,0.513559322,30,22,1,22,1,1,1,1,1,0,1.295110227,0.145368257,0.004927738,0.991525424,14,
983,ok,209,9,5,5,1.854217099,0.083419504,0.527072241,1.384188353,0.444750746,0.565255952,17,3,51,2,1,1,1,1,1,4.136737778,2.687117831,0.178761652,0.108262712,0,17,3,51,2,1,1,1,1,1,1.156165094,0.325351027,0.010753127,0.562288136,15,17,3,51,2,1,1,1,1,1,1.178001113,0.445693835,0.007554133,0.601694915,35,0,2,0,0,0,0,0,0,0,0,0,0,,,17,2,34,2,1,1,1,1,1,1.180389995,0.416906926,0.005652975,0.486440678,28,22,1,22,1,1,1,1,1,0,1.138243801,0.185380303,0.006284078,1.296610169,23,
1285,ok,209,9,5,5,2.050375862,0.082147322,0.690232873,0.960667234,0.451084365,0.476246215,17,3,51,2,1,1,1,1,1,2.332377958,2.996211783,0.199324258,0.174788136,1,17,3,51,2,1,1,1,1,1,1.12436041,0.246339719,0.008141736,0.463135593,12,17,3,51,2,1,1,1,1,1,1.205093609,0.222288938,0.003767609,0.262711864,15,0,2,0,0,0,0,0,0,0,0,0,0,,,17,2,34,2,1,1,1,1,1,1.248641602,0.472059711,0.00640081,0.228813559,9,22,1,22,1,1,1,1,1,0,1.916270467,0.157058567,0.005324019,1.56779661,31,
1726,ok,209,9,5,5,2.375543645,0.100586514,0.545409931,0.958879709,0.425452636,0.919079269,17,3,51,2,1,1,1,1,1,1.880878208,4.17722803,0.277891865,0.241313559,2,17,3,51,2,1,1,1,1,1,1.149491716,0.36512993,0.012067854,0.330932203,8,17,3,51,2,1,1,1,1,1,1.19701196,0.331174352,0.005613125,0.466101695,27,0,2,0,0,0,0,0,0,0,0,0,0,,,17,2,34,2,1,1,1,1,1,1.219160268,0.961458472,0.013036725,0.188135593,6,22,1,22,1,1,1,1,1,0,2.237045316,0.205908864,0.006979961,1.872881356,40,
1750,ok,209,9,5,5,1.775407637,0.202923032,1.467298925,2.418856833,0.547709497,0.491689578,12,3,36,3,1,1,1,1,2,3.47696038,11.45254741,0.761885569,0.174788136,1,22,3,66,1,1,1,1,1,0,1.303699348,0.531929942,0.017580735,1.454661017,42,17,3,51,2,1,1,1,1,1,1.308858156,0.756535483,0.012822635,0.483050847,28,0,2,0,0,0,0,0,0,0,0,0,0,,,22,2,44,1,1,1,1,1,0,1.319308426,0.570667959,0.007737871,0.540677966,32,12,1,12,2,1,1,0,1,1,1.30761486,24.8683382,0.842994515,2.415254237,56,
1876,ok,209,9,5,5,1.742252198,0.07698454,0.304222675,0.642465511,0.235258604,0.985197932,17,3,51,2,1,1,1,1,1,2.997571771,6.276122836,0.417521731,0.108262712,0,17,3,51,2,1,1,1,1,1,1.215880065,40.22279913,1.329397598,1.686016949,49,17,3,51,2,1,1,1,1,1,1.175649417,0.264768901,0.004487608,0.838983051,49,0,2,0,0,0,0,0,0,0,0,0,0,,,17,2,34,2,1,1,1,1,1,1.20818061,0.49909967,0.006767453,0.188135593,6,22,1,22,1,1,1,1,1,0,1.426839476,0.37684051,0.012774255,0.754237288,7,
1302,ok,209,8,5,5,1.198711697,0.668206548,0.687377864,0.966620047,0.886186423,0.686890214,12,3,36,3,1,1,1,1,2,1.448607086,1.148135823,0.076380222,0.507415254,6,22,3,66,1,1,1,1,1,0,1.259188671,0.072493782,0.002395981,0.793644068,22,17,3,51,2,1,1,1,1,1,1.259570062,0.099249698,0.001682198,0.855932203,50,0,2,0,0,0,0,0,0,0,0,0,0,,,17,2,34,1,1,1,0,1,0,0.958977771,0.012632948,0.000171294,0.161016949,4,22,1,22,1,1,1,1,1,0,1.148244091,0.0608622,0.002063125,0.822033898,9,
1429,ok,209,8,5,5,2.32061088,0.119936034,0.840443275,0.833019578,0.460716905,0.267243166,12,3,36,2,1,1,0,1,1,2.272033386,1.185784165,0.078884794,0.174788136,1,22,3,66,1,1,1,1,1,0,1.236608874,0.147884347,0.004887703,0.727542373,20,17,3,51,2,1,1,1,1,1,1.480312078,0.119446158,0.002024511,0.127118644,7,0,2,0,0,0,0,0,0,0,0,0,0,,,17,2,34,2,1,1,1,1,1,1.40013446,0.139412203,0.001890335,0.133898305,2,22,1,22,1,1,1,1,1,0,1.531547698,0.152136039,0.005157154,0.991525424,14,
1578,ok,209,8,5,5,1.41727002,0.760460346,0.905841505,1.22256432,0.480691726,0.648612985,12,3,36,3,1,1,1,1,2,3.805294318,11.45631733,0.762136365,0.108262712,0,17,3,51,2,1,1,1,1,1,1.394977351,0.306980836,0.010145977,1.355508475,39,22,3,66,1,1,1,1,1,0,0.959312117,0.020814291,0.000352785,0.398305085,23,0,2,0,0,0,0,0,0,0,0,0,0,,,17,2,34,1,1,1,0,1,0,0.963238722,0.010397121,0.000140978,0.133898305,2,22,1,22,1,1,1,1,1,0,0.983179969,0.312539411,0.010594556,0.754237288,7,
1929,ok,209,8,5,5,2.102861844,0.425532117,0.898052623,1.319109127,0.450166314,0.493808778,17,3,51,2,1,1,1,1,1,2.514510492,5.115278075,0.340296041,0.174788136,1,17,3,51,2,1,1,1,1,1,1.364381901,0.376133859,0.012431543,1.388559322,40,17,3,51,2,1,1,1,1,1,1.327420098,0.817487221,0.013855716,0.974576271,57,0,2,0,0,0,0,0,0,0,0,0,0,,,17,2,34,1,1,1,0,1,0,0.943661812,0.021391275,0.000290051,0.147457627,3,22,1,22,1,1,1,1,1,0,0.968195292,0.275580392,0.009341708,0.822033898,9,
1158,ok,209,7,5,5,1.779847959,0.474521421,1.492236643,1.518611373,0.136330037,0.361187593,12,3,36,2,1,1,0,1,1,2.564226409,1.169371375,0.077792926,0.108262712,0,22,3,66,1,1,1,1,1,0,1.210170479,0.008231345,0.000272053,1.619915254,47,22,3,66,1,1,1,1,1,0,1.137459338,0.029851247,0.000505953,0.381355932,22,0,2,0,0,0,0,0,0,0,0,0,0,,,12,2,24,2,1,1,0,1,1,1.315000679,0.053258446,0.000722148,0.866101695,56,17,1,17,1,1,1,0,1,0,0.732993008,29.87962032,1.012868485,0.584745763,2,
226,ok,208,5,4,4,1.45893093,0.186981942,0.182537822,1.451810157,0.748115328,0.193330001,12,3,36,2,1,1,0,1,1,3.632678999,0.004529996,0.00030136,0.108262712,0,22,3,66,1,1,1,1,1,0,1.259564582,0.073698005,0.002435782,1.421610169,41,22,3,66,1,1,1,1,1,0,0.189084622,0.001019703,1.73E-05,0.177966102,10,0,2,0,0,0,0,0,0,0,0,0,0,,,20,2,40,1,1,1,1,0,0,0.212693008,0.000306144,4.15E-06,0.649152542,40,0,1,0,0,0,0,0,0,0,0,0,0,,,
267,ok,208,5,4,4,1.814094139,0.271054227,0.288205483,1.103789942,0.390916209,0.234698324,17,3,51,1,1,1,0,1,0,1.23724926,0.039084531,0.002600115,0.174788136,1,17,3,51,2,1,1,1,1,1,1.425805204,0.07231485,0.002390067,1.388559322,40,22,3,66,1,1,1,1,1,0,0.43322932,0.008545749,0.000144843,0.347457627,20,0,2,0,0,0,0,0,0,0,0,0,0,,,20,2,40,1,1,1,1,0,0,0.391653038,0.000530394,7.19E-06,0.744067797,47,0,1,0,0,0,0,0,0,0,0,0,0,,,
1130,ok,208,5,4,4,2.347675477,0.151283429,0.139859721,1.134859595,0.309002016,0.169014527,17,3,51,1,1,1,0,1,0,1.933948989,0.02331801,0.00155124,0.108262712,0,17,3,51,2,1,1,1,1,1,1.443086132,0.041672927,0.001377326,1.388559322,40,22,3,66,1,1,1,1,1,0,0.21903814,0.003063642,5.19E-05,0.279661017,16,0,2,0,0,0,0,0,0,0,0,0,0,,,20,2,40,1,1,1,1,0,0,0.213604892,0.000581031,7.88E-06,0.554237288,33,0,1,0,0,0,0,0,0,0,0,0,0,,,
1203,ok,208,5,4,4,1.329993076,0.255466778,0.073918687,0.554338058,0.564634185,0.380150219,17,3,51,1,1,1,0,1,0,0.54276033,0.001849975,0.00012307,0.307838983,3,17,3,51,2,1,1,1,1,1,1.310606759,24.54838939,0.811345073,1.454661017,42,22,3,66,1,1,1,1,1,0,0.198406437,0.00073907,1.25E-05,0.296610169,17,0,2,0,0,0,0,0,0,0,0,0,0,,,20,2,40,1,1,1,1,0,0,0.229583749,0.000657141,8.91E-06,0.418644068,23,0,1,0,0,0,0,0,0,0,0,0,0,,,
1521,ok,208,5,4,4,1.846569805,0.411161746,0.094222776,0.777530965,0.428412333,0.377832457,17,3,51,1,1,1,0,1,0,0.65485293,0.006424947,0.000427422,0.241313559,2,17,3,51,2,1,1,1,1,1,1.382864068,0.125063941,0.004133469,0.958898305,27,22,3,66,1,1,1,1,1,0,0.215606879,0.001169732,1.98E-05,0.550847458,32,0,2,0,0,0,0,0,0,0,0,0,0,,,20,2,40,1,1,1,1,0,0,0.196892273,9.18E-05,1.24E-06,0.771186441,49,0,1,0,0,0,0,0,0,0,0,0,0,,,
1894,ok,208,5,4,4,1.727002885,0.10186088,0.170428692,1.377165819,0.412374679,0.12053355,17,3,51,1,1,1,0,1,0,2.381027947,0.013833125,0.000920254,0.108262712,0,17,3,51,2,1,1,1,1,1,1.361841582,0.054128742,0.001789001,1.586864407,46,22,3,66,1,1,1,1,1,0,0.201950078,0.003051237,5.17E-05,0.144067797,8,0,2,0,0,0,0,0,0,0,0,0,0,,,20,2,40,1,1,1,1,0,0,0.211102636,0.000405038,5.49E-06,0.554237288,33,0,1,0,0,0,0,0,0,0,0,0,0,,,
439,ok,208,4,4,4,2.181933589,0.094248502,0.094036672,1.551459234,0.662726381,0.181875832,17,3,51,1,1,1,0,1,0,1.248839874,0.002363502,0.000157233,0.174788136,1,22,3,66,1,1,1,1,1,0,1.213587669,0.121106109,0.00400266,1.190254237,34,17,3,51,1,1,1,0,1,0,0.095003496,0.000598541,1.01E-05,0.093220339,5,0,2,0,0,0,0,0,0,0,0,0,0,,,20,2,40,1,1,1,1,0,0,0.130280283,0.000475142,6.44E-06,0.310169492,15,0,1,0,0,0,0,0,0,0,0,0,0,,,
818,ok,208,4,4,4,1.625513653,0.6702585,0.225853008,1.729021596,0.287388141,0.571081423,17,3,51,1,1,1,0,1,0,0.419821425,0.005179893,0.000344595,0.374364407,4,22,3,66,1,1,1,1,1,0,0.658875958,0.004325163,0.00014295,0.661440678,18,17,3,51,1,1,1,0,1,0,0.32502179,0.001745111,2.96E-05,0.906779661,53,0,2,0,0,0,0,0,0,0,0,0,0,,,20,2,40,1,1,1,1,0,0,0.278666397,0.000596205,8.08E-06,0.63559322,39,0,1,0,0,0,0,0,0,0,0,0,0,,,
472,ok,207,10,5,5,1.098452006,1.857000543,0.736631295,0.577931513,0.629388843,0.582040216,12,3,36,3,1,1,1,1,2,2.507662378,6.802535794,0.452541576,0.108262712,0,12,3,36,3,1,1,1,1,2,1.430100389,24.9679731,0.82521267,0.76059322,21,17,3,51,2,1,1,1,1,1,1.390927137,0.047808373,0.000810311,0.940677966,55,20,2,40,1,1,1,1,0,0,1.372064295,0.000306915,7.54E-06,1.824152542,31,22,2,44,1,1,1,1,1,0,1.324176422,0.001124608,1.52E-05,0.716949153,45,0,1,0,0,0,0,0,0,0,0,0,0,,,
83,ok,207,9,5,5,1.595212646,0.085476968,0.43518531,1.907625463,0.706879494,0.938565208,22,3,66,1,1,1,1,1,0,0.491530836,0.000166715,1.11E-05,2.303601695,33,17,3,51,2,1,1,1,1,1,1.186755855,0.0574501,0.001898775,0.363983051,9,12,3,36,3,1,1,1,1,2,1.152430461,0.156010005,0.002644237,0.771186441,45,0,2,0,0,0,0,0,0,0,0,0,0,,,17,2,34,2,1,1,1,1,1,1.194694509,0.602190263,0.008165292,0.5,29,20,1,20,1,1,1,1,0,0,1.34027577,4.85E-10,1.64E-11,2.245762712,51,
911,ok,207,9,5,5,1.646011848,1.583541161,0.672914893,0.525761468,0.204332752,0.914830742,17,3,51,2,1,1,1,1,1,1.451915731,0.181890198,0.012100323,0.573940678,7,12,3,36,3,1,1,1,1,2,1.489795976,28.65416761,0.947044523,0.826694915,23,22,3,66,1,1,1,1,1,0,1.362363144,0.01201094,0.000203575,0.838983051,49,0,2,0,0,0,0,0,0,0,0,0,0,,,17,2,34,2,1,1,1,1,1,1.410450575,0.064830063,0.000879052,0.554237288,33,20,1,20,1,1,1,1,0,0,1.319873988,3.81E-05,1.29E-06,1.974576271,43,
967,ok,207,5,4,4,1.886764344,0.087401165,0.10899703,2.439065286,0.487544918,0.368206144,17,3,51,1,1,1,0,1,0,0.388312191,0.001311729,8.73E-05,0.307838983,3,22,3,66,1,1,1,1,1,0,1.227362898,0.393233334,0.012996695,1.223305085,35,22,3,66,1,1,1,1,1,0,0.077497848,0.000696384,1.18E-05,0.110169492,6,0,2,0,0,0,0,0,0,0,0,0,0,,,12,2,24,2,1,1,0,1,1,0.183027575,0.00923711,0.000125249,0.866101695,56,0,1,0,0,0,0,0,0,0,0,0,0,,,
1799,ok,207,5,4,4,1.752260177,0.084261098,0.07684871,1.153756019,0.271525226,0.285547463,17,3,51,1,1,1,0,1,0,1.679913886,0.012981345,0.000863589,0.108262712,0,22,3,66,1,1,1,1,1,0,1.281025463,0.210544033,0.006958659,1.025,29,22,3,66,1,1,1,1,1,0,0.112730264,0.000908063,1.54E-05,0.177966102,10,0,2,0,0,0,0,0,0,0,0,0,0,,,12,2,24,2,1,1,0,1,1,0.203298639,0.007030331,9.53E-05,0.838983051,54,0,1,0,0,0,0,0,0,0,0,0,0,,,
490,ok,207,4,4,4,1.078189305,0.168154551,0.050864286,1.196923569,0.2544327,0.59207572,17,3,51,1,1,1,0,1,0,0.365722944,0.000967472,6.44E-05,0.241313559,2,22,3,66,1,1,1,1,1,0,1.297491423,0.408300953,0.013494693,0.991949153,28,20,3,60,1,1,1,1,0,0,0.081739113,0.000255069,4.32E-06,0.398305085,23,0,2,0,0,0,0,0,0,0,0,0,0,,,15,2,30,1,1,1,0,0,0,0.114432343,0.000451149,6.12E-06,0.161016949,4,0,1,0,0,0,0,0,0,0,0,0,0,,,
1020,ok,207,4,4,4,1.38537938,0.122166958,0.0650222,1.497410675,0.189351323,0.522916233,17,3,51,1,1,1,0,1,0,0.504623383,0.002331048,0.000155074,0.174788136,1,22,3,66,1,1,1,1,1,0,1.337445498,0.461913984,0.015266649,1.256355932,36,20,3,60,1,1,1,1,0,0,0.087583244,0.000421563,7.15E-06,0.36440678,21,0,2,0,0,0,0,0,0,0,0,0,0,,,15,2,30,1,1,1,0,0,0,0.123206276,0.000709694,9.62E-06,0.133898305,2,0,1,0,0,0,0,0,0,0,0,0,0,,,
816,ok,206,6,4,4,1.754432032,1.017162549,0.245572521,2.314735274,0.767704553,0.916067058,17,3,51,2,1,1,1,1,1,3.554433271,0.322474229,0.021452735,0.108262712,0,17,3,51,2,1,1,1,1,1,1.373925494,0.771885349,0.025511465,1.686016949,49,20,3,60,1,1,1,1,0,0,0.259635886,0.000536742,9.10E-06,0.703389831,41,0,2,0,0,0,0,0,0,0,0,0,0,,,22,2,44,1,1,1,1,1,0,0.315082993,0.001332265,1.81E-05,0.43220339,24,0,1,0,0,0,0,0,0,0,0,0,0,,,
1157,ok,206,6,4,4,2.029486149,0.317985607,0.060022041,0.721401034,0.736250118,0.836414582,17,3,51,2,1,1,1,1,1,3.878779448,0.060816878,0.004045869,0.108262712,0,17,3,51,2,1,1,1,1,1,1.515704341,50.16428501,1.657972132,1.884322034,55,20,3,60,1,1,1,1,0,0,0.128271478,0.000311211,5.27E-06,0.313559322,18,0,2,0,0,0,0,0,0,0,0,0,0,,,22,2,44,1,1,1,1,1,0,0.187331591,0.001555636,2.11E-05,0.201694915,7,0,1,0,0,0,0,0,0,0,0,0,0,,,
1948,ok,206,6,4,4,1.109828788,0.365599791,0.080374223,0.675330379,0.883298189,0.695463389,17,3,51,2,1,1,1,1,1,3.034595499,0.009098029,0.00060525,0.108262712,0,17,3,51,2,1,1,1,1,1,1.17077126,37.0676075,1.225115841,1.752118644,51,20,3,60,1,1,1,1,0,0,0.159336218,6.95E-05,1.18E-06,0.347457627,20,0,2,0,0,0,0,0,0,0,0,0,0,,,22,2,44,1,1,1,1,1,0,0.233186306,0.001152876,1.56E-05,0.296610169,14,0,1,0,0,0,0,0,0,0,0,0,0,,,
887,ok,206,5,4,4,2.346361301,0.209552027,0.10755655,1.388450432,0.802229025,0.387186536,12,3,36,2,1,1,0,1,1,3.292262519,0.017307332,0.001151378,0.108262712,0,22,3,66,1,1,1,1,1,0,1.203979905,0.195193505,0.006451311,0.925847458,26,20,3,60,1,1,1,1,0,0,0.121931292,0.000476715,8.08E-06,0.194915254,11,0,2,0,0,0,0,0,0,0,0,0,0,,,22,2,44,1,1,1,1,1,0,0.171910973,0.001257504,1.71E-05,0.296610169,14,0,1,0,0,0,0,0,0,0,0,0,0,,,
460,ok,205,5,4,4,1.479989726,0.264034583,0.559092569,2.456335338,0.660411285,0.673014407,17,3,51,2,1,1,1,1,1,3.988743727,1.355296172,0.090161652,0.108262712,0,22,3,66,1,1,1,1,1,0,1.282041909,0.647449907,0.021398768,1.223305085,35,22,3,66,1,1,1,1,1,0,0.384216457,0.006917231,0.000117241,0.228813559,13,0,2,0,0,0,0,0,0,0,0,0,0,,,0,2,0,0,0,0,0,0,0,0,0,0,,,22,1,22,1,1,1,1,1,0,0.580383455,0.228471527,0.007744798,0.923728814,12,
662,ok,205,5,4,4,2.245888192,0.228205951,0.614118493,2.052557268,0.416868687,0.764552068,17,3,51,2,1,1,1,1,1,4.544289828,11.35424891,0.75534622,0.108262712,0,22,3,66,1,1,1,1,1,0,1.315782775,0.780876251,0.025808622,1.124152542,32,22,3,66,1,1,1,1,1,0,0.509942894,0.021388413,0.000362515,0.245762712,14,0,2,0,0,0,0,0,0,0,0,0,0,,,0,2,0,0,0,0,0,0,0,0,0,0,,,22,1,22,1,1,1,1,1,0,0.717643698,0.374113498,0.012681814,0.957627119,13,
920,ok,205,5,4,4,2.4136549,0.117096564,0.314049254,2.017829016,0.557977712,0.646216645,22,3,66,1,1,1,1,1,0,0.396306253,0.002287971,0.000152208,0.840042373,11,17,3,51,2,1,1,1,1,1,1.199114593,0.41437828,0.013695553,0.727542373,20,22,3,66,1,1,1,1,1,0,0.261843055,0.006592061,0.00011173,0.127118644,7,0,2,0,0,0,0,0,0,0,0,0,0,,,0,2,0,0,0,0,0,0,0,0,0,0,,,22,1,22,1,1,1,1,1,0,0.515633495,0.208517751,0.007068398,0.754237288,7,
1304,ok,205,5,4,4,1.604570842,0.168026054,0.420256281,1.086918365,0.751491452,0.575780895,22,3,66,1,1,1,1,1,0,0.627863612,0.001534657,0.000102094,0.97309322,13,22,3,66,1,1,1,1,1,0,1.157397847,0.159282409,0.005264419,0.496186441,13,17,3,51,2,1,1,1,1,1,1.154979984,0.232338652,0.003937943,0.720338983,42,0,2,0,0,0,0,0,0,0,0,0,0,,,0,2,0,0,0,0,0,0,0,0,0,0,,,22,1,22,1,1,1,1,1,0,1.007226271,0.130034656,0.004407954,0.889830508,11,
1796,ok,205,5,4,4,1.65335848,0.116483839,0.207370431,0.977328023,0.753667102,0.896123037,22,3,66,1,1,1,1,1,0,0.405196395,0.000434595,2.89E-05,1.305720339,18,17,3,51,2,1,1,1,1,1,1.120031984,0.18284825,0.00604329,0.231779661,5,22,3,66,1,1,1,1,1,0,0.301285213,0.002331467,3.95E-05,0.110169492,6,0,2,0,0,0,0,0,0,0,0,0,0,,,0,2,0,0,0,0,0,0,0,0,0,0,,,22,1,22,1,1,1,1,1,0,0.987432518,0.117007995,0.003966373,0.822033898,9,
1883,ok,205,5,4,4,1.161521133,0.216146718,0.491815875,2.026129622,0.860065344,0.674341646,17,3,51,2,1,1,1,1,1,2.588632397,0.281406611,0.018720694,0.108262712,0,22,3,66,1,1,1,1,1,0,1.214912763,0.171573967,0.005670665,0.793644068,22,22,3,66,1,1,1,1,1,0,0.345325788,0.001336468,2.27E-05,0.177966102,10,0,2,0,0,0,0,0,0,0,0,0,0,,,0,2,0,0,0,0,0,0,0,0,0,0,,,22,1,22,1,1,1,1,1,0,0.73442652,0.073674237,0.002497432,1.127118644,18,
36,ok,205,4,4,4,1.97354486,2.641442586,1.225758974,1.688187115,0.232636266,0.935986142,17,3,51,1,1,1,0,1,0,2.016133204,9.483703773,0.630907412,0.241313559,2,22,3,66,1,1,1,1,1,0,0.734898835,0.001744785,5.77E-05,0.76059322,21,22,3,66,1,1,1,1,1,0,0.892938989,0.00346126,5.87E-05,0.618644068,36,0,2,0,0,0,0,0,0,0,0,0,0,,,0,2,0,0,0,0,0,0,0,0,0,0,,,22,1,22,1,1,1,1,1,0,0.927912339,0.166606213,0.005647668,0.754237288,7,
586,ok,205,4,4,4,1.073102024,0.929397524,1.25587317,1.734520329,0.249157543,0.800654531,17,3,51,1,1,1,0,1,0,1.87369497,3.776274928,0.25121829,0.241313559,2,22,3,66,1,1,1,1,1,0,0.589628279,0.002217243,7.33E-05,0.529237288,14,22,3,66,1,1,1,1,1,0,0.923310434,0.011602603,0.000196654,0.466101695,27,0,2,0,0,0,0,0,0,0,0,0,0,,,0,2,0,0,0,0,0,0,0,0,0,0,,,22,1,22,1,1,1,1,1,0,0.964212063,0.255301944,0.008654303,0.923728814,12,
699,ok,205,4,4,4,1.654721621,0.84824108,1.281640322,1.874288478,0.293313285,0.687732906,17,3,51,1,1,1,0,1,0,2.733460896,12.63103106,0.840284693,0.174788136,1,22,3,66,1,1,1,1,1,0,0.578999991,0.00318351,0.000105218,0.562288136,15,22,3,66,1,1,1,1,1,0,0.902143889,0.019268189,0.000326579,0.415254237,24,0,2,0,0,0,0,0,0,0,0,0,0,,,0,2,0,0,0,0,0,0,0,0,0,0,,,22,1,22,1,1,1,1,1,0,0.928745778,0.288087583,0.009765681,0.957627119,13,
851,ok,205,4,4,4,1.144976865,1.872863575,1.307289456,1.732808656,0.336676438,0.779585683,17,3,51,1,1,1,0,1,0,1.814945963,3.623633824,0.241063776,0.307838983,3,22,3,66,1,1,1,1,1,0,0.716937599,0.001878155,6.21E-05,0.76059322,21,22,3,66,1,1,1,1,1,0,0.923561851,0.005868758,9.95E-05,0.516949153,30,0,2,0,0,0,0,0,0,0,0,0,0,,,0,2,0,0,0,0,0,0,0,0,0,0,,,22,1,22,1,1,1,1,1,0,0.942074271,0.1887469,0.0063982,0.855932203,10,
1815,ok,205,4,4,4,2.355010983,2.295730911,1.213861968,2.179402958,0.308773468,0.996317879,17,3,51,1,1,1,0,1,0,2.273459566,15.61773064,1.038976149,0.241313559,2,22,3,66,1,1,1,1,1,0,0.592795617,0.002078757,6.87E-05,0.595338983,16,22,3,66,1,1,1,1,1,0,0.79004015,0.005277042,8.94E-05,0.584745763,34,0,2,0,0,0,0,0,0,0,0,0,0,,,0,2,0,0,0,0,0,0,0,0,0,0,,,22,1,22,1,1,1,1,1,0,0.798007219,0.417342443,0.014147201,0.788135593,8,
1348,ok,204,10,5,5,2.436375178,0.80465038,1.249433016,0.969045571,0.205471111,0.447186282,17,3,51,2,1,1,1,1,1,1.614830348,0.406726361,0.027057643,0.307838983,3,17,3,51,2,1,1,1,1,1,1.494783826,0.114301219,0.003777752,1.553813559,45,17,3,51,2,1,1,1,1,1,1.451187703,0.249804467,0.004233974,0.940677966,55,0,2,0,0,0,0,0,0,0,0,0,0,,,17,2,34,2,1,1,1,1,1,1.425366504,0.083752901,0.001135633,0.56779661,34,17,1,17,2,1,1,1,1,1,1.372497111,0.11790024,0.003996618,1.194915254,20,
16,ok,204,9,5,5,2.070690134,0.709455195,1.474743737,1.719566181,0.5993763,0.567285597,17,3,51,2,1,1,1,1,1,1.550568758,21.42971243,1.425620699,0.507415254,6,17,3,51,2,1,1,1,1,1,1.382170103,0.474960545,0.015697849,1.752118644,51,17,3,51,2,1,1,1,1,1,1.379509553,0.667857845,0.011319624,0.737288136,43,0,2,0,0,0,0,0,0,0,0,0,0,,,17,2,34,1,1,1,0,1,0,1.340434212,0.091448481,0.001239979,0.893220339,58,17,1,17,2,1,1,1,1,1,1.197434993,31.09503303,1.054068916,1.398305085,26,
40,ok,204,9,5,5,1.61059359,0.151921686,0.259577544,0.767729858,0.691538668,0.914209559,12,3,36,3,1,1,1,1,2,3.895431022,1.720478175,0.11445554,0.108262712,0,17,3,51,2,1,1,1,1,1,1.129987255,0.232997916,0.007700779,0.264830508,6,17,3,51,2,1,1,1,1,1,1.138834515,0.150316658,0.00254774,0.872881356,51,0,2,0,0,0,0,0,0,0,0,0,0,,,22,2,44,1,1,1,1,1,0,1.152320201,0.184091283,0.002496153,0.662711864,41,22,1,22,1,1,1,1,1,0,1.206670638,0.19078613,0.006467326,0.788135593,8,
109,ok,204,9,5,5,2.116401053,0.140726936,0.601866705,1.476833323,0.719749691,0.580527208,12,3,36,3,1,1,1,1,2,3.391522624,1.632617157,0.108610548,0.108262712,0,17,3,51,2,1,1,1,1,1,1.164254474,0.26199315,0.008659096,0.595338983,16,17,3,51,2,1,1,1,1,1,1.179191093,0.374197094,0.006342324,0.56779661,33,0,2,0,0,0,0,0,0,0,0,0,0,,,22,2,44,1,1,1,1,1,0,1.200532023,0.262659328,0.003561482,0.703389831,44,22,1,22,1,1,1,1,1,0,1.219608646,0.141560992,0.004798678,1.5,29,
123,ok,204,9,5,5,1.391674562,0.570714682,0.92337785,1.184718027,0.61005967,0.507424477,12,3,36,3,1,1,1,1,2,2.985231691,7.456085795,0.496019267,0.108262712,0,17,3,51,2,1,1,1,1,1,1.35833244,0.188472236,0.006229167,1.223305085,35,17,3,51,2,1,1,1,1,1,1.324610026,0.39144415,0.006634647,0.822033898,48,0,2,0,0,0,0,0,0,0,0,0,0,,,22,2,44,1,1,1,1,1,0,1.020636984,0.016198193,0.000219637,0.188135593,6,22,1,22,1,1,1,1,1,0,1.069456959,0.180793288,0.006128586,0.855932203,10,
138,ok,204,9,5,5,2.076835491,0.174398785,0.492703628,0.578265371,0.766445126,0.814441822,12,3,36,3,1,1,1,1,2,1.509929029,8.944233739,0.595018939,0.108262712,0,17,3,51,2,1,1,1,1,1,1.10954283,32.49639109,1.074033265,0.231779661,5,17,3,51,2,1,1,1,1,1,1.171699423,0.096480085,0.001635256,0.262711864,15,0,2,0,0,0,0,0,0,0,0,0,0,,,22,2,44,1,1,1,1,1,0,1.289751807,0.405090449,0.005492752,0.201694915,7,22,1,22,1,1,1,1,1,0,2.914776396,0.136754047,0.00463573,1.5,29,
352,ok,204,9,5,5,2.098198747,0.634709841,0.715139571,0.690047316,0.321779537,0.517686027,17,3,51,2,1,1,1,1,1,1.68933004,1.57697031,0.104908618,0.241313559,2,12,3,36,3,1,1,1,1,2,1.447188631,44.83323879,1.481776536,0.925847458,26,22,3,66,1,1,1,1,1,0,1.298490157,0.042988212,0.000728614,0.466101695,27,0,2,0,0,0,0,0,0,0,0,0,0,,,17,2,34,2,1,1,1,1,1,1.314161346,0.047633743,0.000645881,0.784745763,50,17,1,17,1,1,1,0,1,0,1.193252016,0.258231693,0.008753617,0.516949153,0,
346,ok,204,9,5,5,1.896234722,0.089932087,0.144343276,1.348959569,0.86851189,0.709859275,17,3,51,2,1,1,1,1,1,3.033883124,0.050094876,0.003332583,0.108262712,0,17,3,51,2,1,1,1,1,1,1.157690789,0.01377454,0.00045526,0.330932203,8,17,3,51,2,1,1,1,1,1,0.44658141,0.00395765,6.71E-05,0.63559322,37,0,2,0,0,0,0,0,0,0,0,0,0,,,17,2,34,1,1,1,0,1,0,0.527600522,0.048189394,0.000653416,0.866101695,56,17,1,17,2,1,1,1,1,1,0.502077467,0.005638314,0.000191129,1.703389831,35,
923,ok,204,9,5,5,1.461118025,0.21571858,0.544846657,0.539793566,0.40635613,0.441588656,17,3,51,2,1,1,1,1,1,1.715336041,0.612891125,0.040772842,0.241313559,2,17,3,51,2,1,1,1,1,1,1.320812149,26.81145301,0.886141244,1.421610169,41,17,3,51,2,1,1,1,1,1,1.364834417,0.088927681,0.001507249,0.228813559,13,0,2,0,0,0,0,0,0,0,0,0,0,,,17,2,34,2,1,1,1,1,1,1.393180061,0.107496264,0.001457576,0.147457627,3,17,1,17,1,1,1,0,1,0,1.460648738,0.220260065,0.007466443,0.584745763,2,
1145,ok,204,9,5,5,2.329313387,0.143738653,1.655078853,1.831217735,0.589925401,0.613160739,17,3,51,2,1,1,1,1,1,1.505422826,17.68819285,1.176714524,0.640466102,8,22,3,66,1,1,1,1,1,0,1.232190414,0.341611896,0.011290563,0.76059322,21,12,3,36,3,1,1,1,1,2,1.270475816,0.286790515,0.004860856,0.211864407,12,0,2,0,0,0,0,0,0,0,0,0,0,,,17,2,34,2,1,1,1,1,1,1.389671538,0.852691578,0.01156192,0.133898305,2,17,1,17,1,1,1,0,1,0,0.53358728,24.14523988,0.818482708,0.618644068,3,
1471,ok,204,9,5,5,1.432872606,1.011599364,0.862566391,0.775855981,0.473732411,0.596494367,17,3,51,2,1,1,1,1,1,1.457015467,0.206149935,0.013714212,0.573940678,7,17,3,51,2,1,1,1,1,1,1.421039725,0.121145866,0.004003974,1.025,29,17,3,51,2,1,1,1,1,1,1.395140987,0.162780687,0.002758995,0.906779661,53,0,2,0,0,0,0,0,0,0,0,0,0,,,17,2,34,2,1,1,1,1,1,1.321890633,0.023654781,0.000320743,0.866101695,56,17,1,17,1,1,1,0,1,0,1.299452614,0.163914445,0.005556422,0.652542373,4,
1546,ok,204,9,5,5,1.057231873,0.150264924,0.305906588,0.510985667,0.849289986,0.709176708,12,3,36,3,1,1,1,1,2,2.392048009,1.189544419,0.079134947,0.108262712,0,17,3,51,2,1,1,1,1,1,1.092537779,0.084232606,0.002783959,0.198728814,4,17,3,51,2,1,1,1,1,1,1.102203996,0.039486719,0.000669266,0.36440678,21,0,2,0,0,0,0,0,0,0,0,0,0,,,22,2,44,1,1,1,1,1,0,1.192043617,0.181725507,0.002464075,0.405084746,22,22,1,22,1,1,1,1,1,0,1.947494562,0.068799736,0.002332194,0.889830508,11,
1614,ok,204,9,5,5,1.508513994,0.14830181,0.524972068,0.735279264,0.638607464,0.795035099,12,3,36,3,1,1,1,1,2,2.758571485,8.724256101,0.580384834,0.108262712,0,17,3,51,2,1,1,1,1,1,1.127261649,0.231180941,0.007640726,0.297881356,7,17,3,51,2,1,1,1,1,1,1.176397298,0.15913551,0.002697212,0.347457627,20,0,2,0,0,0,0,0,0,0,0,0,0,,,22,2,44,1,1,1,1,1,0,1.283177615,0.392212483,0.005318135,0.228813559,9,22,1,22,1,1,1,1,1,0,2.352955703,0.164163415,0.005564862,1.533898305,30,
1667,ok,204,9,5,5,1.971031319,0.23072938,0.777862604,0.710564345,0.724607883,0.500319495,12,3,36,3,1,1,1,1,2,1.998669397,8.302653098,0.552337515,0.108262712,0,17,3,51,2,1,1,1,1,1,1.420426513,38.8551907,1.284196981,1.851271186,54,17,3,51,2,1,1,1,1,1,1.383886078,0.040083998,0.00067939,0.161016949,9,0,2,0,0,0,0,0,0,0,0,0,0,,,22,2,44,1,1,1,1,1,0,1.383358947,0.182400231,0.002473223,0.242372881,10,22,1,22,1,1,1,1,1,0,2.124798137,0.147437142,0.004997869,1.262711864,22,
1792,ok,204,9,5,5,1.356695953,0.227193747,0.756549504,0.757148108,0.583966846,0.491193215,12,3,36,3,1,1,1,1,2,3.552842457,6.587572621,0.43824106,0.108262712,0,17,3,51,2,1,1,1,1,1,1.442095024,42.81441898,1.415052831,1.983474576,58,17,3,51,2,1,1,1,1,1,1.292561663,0.113158818,0.001917946,0.177966102,10,0,2,0,0,0,0,0,0,0,0,0,0,,,22,2,44,1,1,1,1,1,0,1.346392717,0.174974869,0.002372541,0.310169492,15,22,1,22,1,1,1,1,1,0,1.741774282,0.175272679,0.005941447,1.059322034,16,
1846,ok,204,9,5,5,1.515554901,0.214486018,0.443233862,0.663327027,0.884956557,0.824432758,12,3,36,3,1,1,1,1,2,1.400347223,2.063058486,0.13724584,0.507415254,6,17,3,51,2,1,1,1,1,1,1.1223797,0.099835502,0.003299648,0.264830508,6,17,3,51,2,1,1,1,1,1,1.147611297,0.052007341,0.00088148,0.398305085,23,0,2,0,0,0,0,0,0,0,0,0,0,,,22,2,44,1,1,1,1,1,0,1.247070118,0.326192916,0.004422955,0.377966102,20,22,1,22,1,1,1,1,1,0,2.156473016,0.072144767,0.002445585,1.262711864,22,
1855,ok,204,9,5,5,2.478347958,0.490987166,0.892809809,0.928274499,0.307895375,0.509765997,17,3,51,2,1,1,1,1,1,1.758444862,1.328953298,0.088409181,0.241313559,2,17,3,51,2,1,1,1,1,1,1.414319863,0.252400222,0.008342041,1.190254237,34,17,3,51,2,1,1,1,1,1,1.37280226,0.467345441,0.007921109,0.923728814,54,0,2,0,0,0,0,0,0,0,0,0,0,,,17,2,34,2,1,1,1,1,1,1.326598319,0.134874447,0.001828806,0.689830508,43,17,1,17,1,1,1,0,1,0,1.159715178,0.323931936,0.010980744,0.686440678,5,
1861,ok,204,9,5,5,1.712223287,0.529667644,0.974755644,1.11226814,0.549198885,0.456513706,12,3,36,3,1,1,1,1,2,3.729106597,8.252130693,0.548976491,0.108262712,0,17,3,51,2,1,1,1,1,1,1.357735373,0.22876506,0.007560879,1.256355932,36,17,3,51,2,1,1,1,1,1,1.331380551,0.412562165,0.006992579,0.720338983,42,0,2,0,0,0,0,0,0,0,0,0,0,,,22,2,44,1,1,1,1,1,0,1.11618351,0.021914327,0.000297143,0.201694915,7,22,1,22,1,1,1,1,1,0,1.141910396,0.196818198,0.006671803,0.855932203,10,
747,ok,204,8,5,5,1.959585934,0.175571441,0.695776454,1.776619017,0.601970772,0.871006981,7,3,21,3,1,1,0,1,2,3.472181302,11.62594594,0.77342098,0.174788136,1,22,3,66,1,1,1,1,1,0,1.2140647,0.405668764,0.013407696,0.628389831,17,17,3,51,2,1,1,1,1,1,1.235996997,0.652009996,0.011051017,0.771186441,45,0,2,0,0,0,0,0,0,0,0,0,0,,,22,2,44,1,1,1,1,1,0,1.259612207,0.71197666,0.009653921,0.513559322,30,22,1,22,1,1,1,1,1,0,1.384808943,0.185945666,0.006303243,2.008474576,44,
1425,ok,204,8,5,5,2.019932548,0.09653976,0.251213525,2.171318138,0.829299905,0.778919355,17,3,51,2,1,1,1,1,1,3.179808568,0.207913853,0.013831557,0.108262712,0,17,3,51,2,1,1,1,1,1,1.177478994,0.053873225,0.001780556,0.496186441,13,17,3,51,1,1,1,0,1,0,0.179319257,0.001318718,2.24E-05,0.093220339,5,0,2,0,0,0,0,0,0,0,0,0,0,,,17,2,34,1,1,1,0,1,0,0.665313763,0.13673231,0.001853997,0.879661017,57,17,1,17,2,1,1,1,1,1,0.62293157,0.045237936,0.001533489,1.330508475,24,
1844,ok,204,8,5,5,1.839786184,0.107497993,1.437909915,2.216439819,0.40034819,0.713152856,12,3,36,2,1,1,0,1,1,3.223021787,27.46455871,1.827091405,0.108262712,0,22,3,66,1,1,1,1,1,0,1.254950345,0.486266848,0.016071531,0.826694915,23,17,3,51,2,1,1,1,1,1,1.265574997,0.643531714,0.010907317,0.36440678,21,0,2,0,0,0,0,0,0,0,0,0,0,,,17,2,34,2,1,1,1,1,1,1.3653954,1.286692038,0.017446672,0.147457627,3,17,1,17,1,1,1,0,1,0,0.50569016,24.59970312,0.833888241,0.550847458,1,
1916,ok,204,8,5,5,1.814423732,1.133654675,1.486254057,2.127242681,0.434541451,0.990962661,17,3,51,2,1,1,1,1,1,1.538950214,40.28873722,2.680225315,0.573940678,7,12,3,36,2,1,1,0,1,1,1.428852435,1.108864109,0.036648899,1.983474576,58,22,3,66,1,1,1,1,1,0,0.901641335,0.017658662,0.000299299,0.36440678,21,0,2,0,0,0,0,0,0,0,0,0,0,,,17,2,34,1,1,1,0,1,0,1.379938687,0.269492901,0.003654141,0.852542373,55,17,1,17,2,1,1,1,1,1,1.110716282,36.97723298,1.253465525,1.466101695,28,
1838,ok,204,7,5,5,1.359600625,1.895456529,0.831353576,1.468853241,0.7251112,0.862896969,12,3,36,2,1,1,0,1,1,1.573787507,6.51441938,0.43337451,0.440889831,5,17,3,51,2,1,1,1,1,1,1.412132149,0.253132689,0.00836625,1.619915254,47,22,3,66,1,1,1,1,1,0,0.766080524,0.003063488,5.19E-05,0.584745763,34,0,2,0,0,0,0,0,0,0,0,0,0,,,17,2,34,1,1,1,0,1,0,0.806631856,0.002092244,2.84E-05,0.161016949,4,17,1,17,1,1,1,0,1,0,0.812701251,0.205205532,0.00695612,0.652542373,4,
1363,ok,203,8,5,5,2.151933251,1.417736345,0.398873197,0.868463763,0.882884846,0.680740661,12,3,36,3,1,1,1,1,2,2.083749037,2.041199011,0.135791629,0.241313559,2,17,3,51,2,1,1,1,1,1,1.351538089,0.071984132,0.002379137,0.991949153,28,22,3,66,1,1,1,1,1,0,0.629157126,0.001338356,2.27E-05,0.686440678,40,15,2,30,1,1,1,0,0,0,0.627991298,3.72E-05,9.14E-07,2.487711864,58,0,2,0,0,0,0,0,0,0,0,0,0,,,20,1,20,1,1,1,1,0,0,0.626481536,0.000101372,3.44E-06,0.720338983,6,
630,ok,202,7,4,4,2.154825962,0.603509143,0.42484725,0.598230242,0.493056548,0.964214315,17,3,51,2,1,1,1,1,1,1.478344386,1.117793218,0.074361667,0.374364407,4,17,3,51,2,1,1,1,1,1,1.406830339,41.7759907,1.380731896,1.553813559,45,22,3,66,1,1,1,1,1,0,0.978443509,0.022390224,0.000379495,0.466101695,27,0,2,0,0,0,0,0,0,0,0,0,0,,,17,2,34,2,1,1,1,1,1,1.253230738,0.105473266,0.001430146,0.798305085,51,0,1,0,0,0,0,0,0,0,0,0,0,,,
48,ok,202,6,4,4,2.174562779,0.088690545,0.292415979,1.062852136,0.461755333,0.122659139,17,3,51,1,1,1,0,1,0,2.910282541,0.075003457,0.004989637,0.108262712,0,22,3,66,1,1,1,1,1,0,1.315205669,0.057732976,0.001908124,1.124152542,32,17,3,51,2,1,1,1,1,1,1.149394255,0.307174055,0.00520634,0.940677966,55,0,2,0,0,0,0,0,0,0,0,0,0,,,17,2,34,2,1,1,1,1,1,0.443090867,0.010607875,0.000143836,0.418644068,23,0,1,0,0,0,0,0,0,0,0,0,0,,,
86,ok,202,6,4,4,1.425612559,0.125273023,0.159851345,0.586182922,0.500613679,0.844843055,17,3,51,2,1,1,1,1,1,3.948222225,0.708476936,0.047131728,0.108262712,0,17,3,51,2,1,1,1,1,1,1.112949414,32.24468054,1.065714018,0.231779661,5,22,3,66,1,1,1,1,1,0,0.410153324,0.004828795,8.18E-05,0.161016949,9,0,2,0,0,0,0,0,0,0,0,0,0,,,17,2,34,1,1,1,0,1,0,1.1037728,0.053022167,0.000718945,0.825423729,53,0,1,0,0,0,0,0,0,0,0,0,0,,,
450,ok,202,6,4,4,2.126114182,0.297667131,0.077604971,0.605197108,0.729114614,0.860122474,17,3,51,2,1,1,1,1,1,4.090576076,0.146331774,0.009734783,0.108262712,0,17,3,51,2,1,1,1,1,1,1.468012355,39.92678036,1.319613927,1.586864407,46,22,3,66,1,1,1,1,1,0,0.188553743,0.000656624,1.11E-05,0.279661017,16,0,2,0,0,0,0,0,0,0,0,0,0,,,17,2,34,1,1,1,0,1,0,0.265709964,0.003333442,4.52E-05,0.174576271,5,0,1,0,0,0,0,0,0,0,0,0,0,,,
535,ok,202,6,4,4,1.67393766,0.082647367,0.080953845,0.518549175,0.538707198,0.413950629,17,3,51,1,1,1,0,1,0,0.459312411,0.002094762,0.000139355,0.374364407,4,17,3,51,2,1,1,1,1,1,1.077022256,0.181562577,0.006000797,0.264830508,6,22,3,66,1,1,1,1,1,0,0.248096058,0.001714231,2.91E-05,0.110169492,6,0,2,0,0,0,0,0,0,0,0,0,0,,,17,2,34,2,1,1,1,1,1,0.613149939,0.046883607,0.00063571,0.811864407,52,0,1,0,0,0,0,0,0,0,0,0,0,,,
768,ok,202,6,4,4,1.668777771,0.17335063,0.198594833,0.788679879,0.89655075,0.535116763,17,3,51,2,1,1,1,1,1,3.080698892,0.052702709,0.00350607,0.108262712,0,17,3,51,2,1,1,1,1,1,1.114083748,0.073076453,0.002415239,0.363983051,9,22,3,66,1,1,1,1,1,0,0.329925026,0.000715127,1.21E-05,0.161016949,9,0,2,0,0,0,0,0,0,0,0,0,0,,,17,2,34,1,1,1,0,1,0,0.462553426,0.00934163,0.000126666,0.147457627,3,0,1,0,0,0,0,0,0,0,0,0,0,,,
797,ok,202,6,4,4,1.300513578,1.08464636,0.132603925,1.199181137,0.775623238,0.917222446,17,3,51,2,1,1,1,1,1,3.679715971,0.097630121,0.006494885,0.108262712,0,17,3,51,2,1,1,1,1,1,1.328095747,0.284022585,0.009387187,1.058050847,30,20,3,60,1,1,1,1,0,0,0.223299884,0.000197763,3.35E-06,0.872881356,51,0,2,0,0,0,0,0,0,0,0,0,0,,,20,2,40,1,1,1,1,0,0,0.241526666,0.000189893,2.57E-06,0.689830508,43,0,1,0,0,0,0,0,0,0,0,0,0,,,
1046,ok,202,6,4,4,1.902393845,0.489928041,0.34214706,0.959786795,0.759763353,0.91672949,12,3,36,3,1,1,1,1,2,3.09135219,3.633022767,0.241688379,0.174788136,1,22,3,66,1,1,1,1,1,0,1.240295349,0.238641894,0.007887317,0.595338983,16,22,3,66,1,1,1,1,1,0,0.5157748,0.004605435,7.81E-05,0.36440678,21,0,2,0,0,0,0,0,0,0,0,0,0,,,17,2,34,1,1,1,0,1,0,0.63981101,0.014468876,0.000196188,0.147457627,3,0,1,0,0,0,0,0,0,0,0,0,0,,,
1078,ok,202,6,4,4,1.797716216,0.382401888,0.158827942,0.653278,0.54801996,0.936151234,17,3,51,2,1,1,1,1,1,4.267295444,1.939840335,0.1290487,0.108262712,0,17,3,51,2,1,1,1,1,1,1.475922961,47.83203666,1.580889347,1.719067797,50,22,3,66,1,1,1,1,1,0,0.374799727,0.003239782,5.49E-05,0.398305085,23,0,2,0,0,0,0,0,0,0,0,0,0,,,17,2,34,1,1,1,0,1,0,0.464710439,0.008839701,0.00011986,0.174576271,5,0,1,0,0,0,0,0,0,0,0,0,0,,,
1090,ok,202,6,4,4,1.86544096,0.211231888,1.152202821,1.303045947,0.671478771,0.913808972,17,3,51,2,1,1,1,1,1,1.420508708,2.227413666,0.148179638,1.039618644,14,22,3,66,1,1,1,1,1,0,1.192996409,0.298941592,0.009880273,0.496186441,13,17,3,51,2,1,1,1,1,1,1.279150615,0.181669253,0.00307914,0.279661017,16,0,2,0,0,0,0,0,0,0,0,0,0,,,17,2,34,1,1,1,0,1,0,1.39423141,0.718921964,0.009748094,0.133898305,2,0,1,0,0,0,0,0,0,0,0,0,0,,,
1228,ok,202,6,4,4,2.253740914,0.174917197,0.100615231,1.091957431,0.745191023,0.758868519,17,3,51,2,1,1,1,1,1,3.803350815,0.105726927,0.007033529,0.108262712,0,17,3,51,2,1,1,1,1,1,1.156897337,0.263043128,0.008693798,0.430084746,11,22,3,66,1,1,1,1,1,0,0.138471812,0.00068005,1.15E-05,0.161016949,9,0,2,0,0,0,0,0,0,0,0,0,0,,,17,2,34,1,1,1,0,1,0,0.231465022,0.003723249,5.05E-05,0.120338983,1,0,1,0,0,0,0,0,0,0,0,0,0,,,
1336,ok,202,6,4,4,1.908160829,0.153719606,0.195076453,1.017658532,0.753042248,0.557195549,17,3,51,2,1,1,1,1,1,3.872808509,0.182133627,0.012116517,0.108262712,0,17,3,51,2,1,1,1,1,1,1.13721681,0.18818184,0.006219569,0.463135593,12,22,3,66,1,1,1,1,1,0,0.279285494,0.002276196,3.86E-05,0.144067797,8,0,2,0,0,0,0,0,0,0,0,0,0,,,17,2,34,1,1,1,0,1,0,0.385001234,0.008077776,0.000109529,0.120338983,1,0,1,0,0,0,0,0,0,0,0,0,0,,,
1864,ok,202,6,4,4,1.609637858,0.584582555,0.068402949,0.63742635,0.819194943,0.669169045,17,3,51,2,1,1,1,1,1,3.377537157,0.024484853,0.001628865,0.108262712,0,17,3,51,2,1,1,1,1,1,1.318043945,33.41213194,1.104299276,1.652966102,48,20,3,60,1,1,1,1,0,0,0.161498382,0.00015456,2.62E-06,0.533898305,31,0,2,0,0,0,0,0,0,0,0,0,0,,,20,2,40,1,1,1,1,0,0,0.198321847,0.000414993,5.63E-06,0.540677966,32,0,1,0,0,0,0,0,0,0,0,0,0,,,
1906,ok,202,6,4,4,2.308025169,0.79971139,0.066890704,0.523309524,0.743028538,0.805819794,17,3,51,2,1,1,1,1,1,3.986186984,0.11512489,0.007658732,0.108262712,0,17,3,51,2,1,1,1,1,1,1.35761836,29.22557469,0.965930011,1.355508475,39,20,3,60,1,1,1,1,0,0,0.205116857,0.000381774,6.47E-06,0.703389831,41,0,2,0,0,0,0,0,0,0,0,0,0,,,20,2,40,1,1,1,1,0,0,0.230836954,0.000552147,7.49E-06,0.594915254,36,0,1,0,0,0,0,0,0,0,0,0,0,,,
150,ok,202,5,4,4,1.421455777,0.127039428,0.109385937,0.60490223,0.478383806,0.51967757,17,3,51,1,1,1,0,1,0,0.438359135,0.002498489,0.000166213,0.440889831,5,17,3,51,2,1,1,1,1,1,1.389141595,33.70927469,1.114120096,1.586864407,46,22,3,66,1,1,1,1,1,0,0.281031085,0.002416394,4.10E-05,0.177966102,10,0,2,0,0,0,0,0,0,0,0,0,0,,,17,2,34,1,1,1,0,1,0,0.348286463,0.00463948,6.29E-05,0.133898305,2,0,1,0,0,0,0,0,0,0,0,0,0,,,
208,ok,202,5,4,4,1.924430125,0.159472127,0.082225954,0.53834783,0.198529414,0.784976567,17,3,51,1,1,1,0,1,0,0.426840227,0.005920606,0.000393871,0.307838983,3,17,3,51,2,1,1,1,1,1,1.382851504,35.8747203,1.185689908,1.421610169,41,22,3,66,1,1,1,1,1,0,0.260044041,0.002048759,3.47E-05,0.449152542,26,0,2,0,0,0,0,0,0,0,0,0,0,,,17,2,34,1,1,1,0,1,0,0.314024598,0.005054941,6.85E-05,0.106779661,0,0,1,0,0,0,0,0,0,0,0,0,0,,,
236,ok,202,5,4,4,2.130433799,0.130767027,0.077732418,1.102683002,0.874246969,0.230689123,12,3,36,2,1,1,0,1,1,2.79518892,0.001383616,9.20E-05,0.108262712,0,22,3,66,1,1,1,1,1,0,1.163571888,0.053103413,0.001755113,0.76059322,21,20,3,60,1,1,1,1,0,0,0.101236882,0.000171905,2.91E-06,0.127118644,7,0,2,0,0,0,0,0,0,0,0,0,0,,,20,2,40,1,1,1,1,0,0,0.142837831,0.000502459,6.81E-06,0.337288136,17,0,1,0,0,0,0,0,0,0,0,0,0,,,
253,ok,202,5,4,4,1.439776135,0.135274115,0.084679417,0.569546813,0.470998226,0.434421415,17,3,51,1,1,1,0,1,0,0.540512165,0.003458687,0.000230091,0.307838983,3,17,3,51,2,1,1,1,1,1,1.339695287,28.34302197,0.936760896,1.487711864,43,22,3,66,1,1,1,1,1,0,0.222673972,0.001444609,2.45E-05,0.177966102,10,0,2,0,0,0,0,0,0,0,0,0,0,,,17,2,34,1,1,1,0,1,0,0.278554533,0.002333373,3.16E-05,0.174576271,5,0,1,0,0,0,0,0,0,0,0,0,0,,,
280,ok,202,5,4,4,1.699001479,0.218337694,0.059738486,0.672946791,0.264572946,0.819613994,17,3,51,1,1,1,0,1,0,0.299898744,0.002028722,0.000134962,0.374364407,4,17,3,51,2,1,1,1,1,1,1.443889468,49.63666011,1.640533682,1.752118644,51,22,3,66,1,1,1,1,1,0,0.158114496,0.000747328,1.27E-05,0.483050847,28,0,2,0,0,0,0,0,0,0,0,0,0,,,17,2,34,1,1,1,0,1,0,0.201136871,0.001875263,2.54E-05,0.147457627,3,0,1,0,0,0,0,0,0,0,0,0,0,,,
279,ok,202,5,4,4,1.53360239,0.141428366,0.087554316,1.110633446,0.828456508,0.238376046,12,3,36,2,1,1,0,1,1,3.084400822,0.001704929,0.000113421,0.108262712,0,22,3,66,1,1,1,1,1,0,1.156697223,0.072860496,0.002408101,0.826694915,23,20,3,60,1,1,1,1,0,0,0.113929834,0.000219162,3.71E-06,0.144067797,8,0,2,0,0,0,0,0,0,0,0,0,0,,,20,2,40,1,1,1,1,0,0,0.154796761,0.00046721,6.34E-06,0.36440678,19,0,1,0,0,0,0,0,0,0,0,0,0,,,
313,ok,202,5,4,4,2.19295504,0.086929883,0.095366845,0.626297823,0.248296567,0.591651617,17,3,51,1,1,1,0,1,0,0.440273019,0.005999996,0.000399152,0.307838983,3,17,3,51,2,1,1,1,1,1,1.41571305,40.88279731,1.351211097,1.652966102,48,22,3,66,1,1,1,1,1,0,0.244580367,0.00276352,4.68E-05,0.194915254,11,0,2,0,0,0,0,0,0,0,0,0,0,,,17,2,34,1,1,1,0,1,0,0.835618564,0.121090137,0.0016419,0.838983051,54,0,1,0,0,0,0,0,0,0,0,0,0,,,
366,ok,202,5,4,4,1.491269313,0.206430042,0.059382887,1.655072882,0.806111561,0.330740823,12,3,36,2,1,1,0,1,1,3.168018417,0.001409338,9.38E-05,0.108262712,0,22,3,66,1,1,1,1,1,0,1.214976384,0.156806904,0.005182601,1.190254237,34,20,3,60,1,1,1,1,0,0,0.055534133,6.63E-05,1.12E-06,0.194915254,11,0,2,0,0,0,0,0,0,0,0,0,0,,,20,2,40,1,1,1,1,0,0,0.090165982,0.000163971,2.22E-06,0.391525424,21,0,1,0,0,0,0,0,0,0,0,0,0,,,
504,ok,202,5,4,4,1.705664354,0.756014691,0.064610614,1.08139586,0.470571168,0.878730981,22,3,66,1,1,1,1,1,0,0.190082235,0.00041671,2.77E-05,0.706991525,9,17,3,51,2,1,1,1,1,1,1.353867179,0.48107876,0.015900061,1.058050847,30,15,3,45,1,1,1,0,0,0,0.136728896,0.000254683,4.32E-06,0.923728814,54,0,2,0,0,0,0,0,0,0,0,0,0,,,20,2,40,1,1,1,1,0,0,0.144853155,0.000288116,3.91E-06,0.513559322,30,0,1,0,0,0,0,0,0,0,0,0,0,,,
540,ok,202,5,4,4,1.157773539,0.13320996,0.174577979,1.017117029,0.10943155,0.617909919,17,3,51,1,1,1,0,1,0,0.600060481,0.010236923,0.000681016,0.174788136,1,17,3,51,2,1,1,1,1,1,1.365558678,0.373988063,0.012360622,1.091101695,31,22,3,66,1,1,1,1,1,0,0.327334559,0.00325826,5.52E-05,0.584745763,34,0,2,0,0,0,0,0,0,0,0,0,0,,,17,2,34,1,1,1,0,1,0,0.367825233,0.006734073,9.13E-05,0.106779661,0,0,1,0,0,0,0,0,0,0,0,0,0,,,
607,ok,202,5,4,4,1.19959027,0.276979563,0.096738319,0.517866924,0.160322799,0.961662628,17,3,51,1,1,1,0,1,0,0.476047714,0.005644465,0.0003755,0.307838983,3,17,3,51,2,1,1,1,1,1,1.373008534,31.96076574,1.056330393,0.529237288,14,22,3,66,1,1,1,1,1,0,0.330720431,0.001534757,2.60E-05,0.855932203,50,0,2,0,0,0,0,0,0,0,0,0,0,,,17,2,34,1,1,1,0,1,0,0.362834229,0.004559431,6.18E-05,0.133898305,2,0,1,0,0,0,0,0,0,0,0,0,0,,,
742,ok,202,5,4,4,2.108445851,0.191445406,0.059621492,0.998608857,0.256377191,0.243564947,17,3,51,1,1,1,0,1,0,1.56506287,0.007305701,0.000486015,0.108262712,0,17,3,51,2,1,1,1,1,1,1.443179394,0.074758117,0.002470819,1.256355932,36,20,3,60,1,1,1,1,0,0,0.113970966,0.000582091,9.87E-06,0.43220339,25,0,2,0,0,0,0,0,0,0,0,0,0,,,20,2,40,1,1,1,1,0,0,0.118614058,0.000190706,2.59E-06,0.5,29,0,1,0,0,0,0,0,0,0,0,0,0,,,
751,ok,202,5,4,4,1.408138977,0.463242662,0.067168395,1.178032265,0.414648864,0.610421555,17,3,51,1,1,1,0,1,0,0.242416151,0.000626004,4.16E-05,0.440889831,5,17,3,51,2,1,1,1,1,1,1.36612828,0.330277483,0.010915951,1.190254237,34,20,3,60,1,1,1,1,0,0,0.121450276,0.00030657,5.20E-06,0.669491525,39,0,2,0,0,0,0,0,0,0,0,0,0,,,20,2,40,1,1,1,1,0,0,0.131157102,0.000279166,3.79E-06,0.459322034,26,0,1,0,0,0,0,0,0,0,0,0,0,,,
834,ok,202,5,4,4,1.440111292,0.090265162,0.059853026,0.761684633,0.373619621,0.665568222,17,3,51,1,1,1,0,1,0,0.263130015,0.000872258,5.80E-05,0.440889831,5,17,3,51,2,1,1,1,1,1,1.171497449,38.78887133,1.282005069,0.330932203,8,22,3,66,1,1,1,1,1,0,0.122435536,0.000675742,1.15E-05,0.144067797,8,0,2,0,0,0,0,0,0,0,0,0,0,,,17,2,34,1,1,1,0,1,0,0.408396316,0.014936915,0.000202534,0.893220339,58,0,1,0,0,0,0,0,0,0,0,0,0,,,
901,ok,202,5,4,4,1.778020854,0.154941165,0.189298216,0.761456993,0.394918719,0.426596307,17,3,51,1,1,1,0,1,0,0.685925794,0.014020352,0.00093271,0.307838983,3,17,3,51,2,1,1,1,1,1,1.417119941,44.156744,1.45941781,1.983474576,58,22,3,66,1,1,1,1,1,0,0.395294602,0.00668042,0.000113227,0.228813559,13,0,2,0,0,0,0,0,0,0,0,0,0,,,17,2,34,1,1,1,0,1,0,0.442402599,0.007671696,0.000104023,0.174576271,5,0,1,0,0,0,0,0,0,0,0,0,0,,,
953,ok,202,5,4,4,1.782309489,0.17756067,0.086317559,0.67807619,0.162780383,0.692474934,17,3,51,1,1,1,0,1,0,0.432641624,0.005688791,0.000378449,0.241313559,2,17,3,51,2,1,1,1,1,1,1.408105566,48.8981615,1.616125677,1.785169492,52,22,3,66,1,1,1,1,1,0,0.232157318,0.001574991,2.67E-05,0.584745763,34,0,2,0,0,0,0,0,0,0,0,0,0,,,17,2,34,1,1,1,0,1,0,0.266698646,0.003429622,4.65E-05,0.133898305,2,0,1,0,0,0,0,0,0,0,0,0,0,,,
958,ok,202,5,4,4,1.453512121,0.247163895,0.199267924,2.104411311,0.143969679,0.88085071,17,3,51,1,1,1,0,1,0,0.384191433,0.004581555,0.00030479,0.307838983,3,17,3,51,2,1,1,1,1,1,1.415060811,1.177773347,0.038926407,1.785169492,52,22,3,66,1,1,1,1,1,0,0.252452102,0.001696436,2.88E-05,0.737288136,43,0,2,0,0,0,0,0,0,0,0,0,0,,,17,2,34,1,1,1,0,1,0,0.298220845,0.0039597,5.37E-05,0.106779661,0,0,1,0,0,0,0,0,0,0,0,0,0,,,
966,ok,202,5,4,4,1.36382508,0.156076576,0.186462142,0.810331595,0.111809517,0.471662971,17,3,51,1,1,1,0,1,0,1.201682542,0.056674807,0.003770316,0.108262712,0,17,3,51,2,1,1,1,1,1,1.419203577,0.175733583,0.005808144,1.025,29,22,3,66,1,1,1,1,1,0,0.41332918,0.004677572,7.93E-05,0.63559322,37,0,2,0,0,0,0,0,0,0,0,0,0,,,17,2,34,1,1,1,0,1,0,0.423069024,0.006857685,9.30E-05,0.161016949,4,0,1,0,0,0,0,0,0,0,0,0,0,,,
971,ok,202,5,4,4,2.050652725,0.13580477,0.294563082,0.829290538,0.537720696,0.416716768,17,3,51,1,1,1,0,1,0,0.734597496,0.013162888,0.000875667,0.440889831,5,22,3,66,1,1,1,1,1,0,1.204618259,0.161302676,0.00533119,0.529237288,14,17,3,51,2,1,1,1,1,1,1.152264204,0.264453945,0.00448227,0.923728814,54,0,2,0,0,0,0,0,0,0,0,0,0,,,17,2,34,1,1,1,0,1,0,0.61914849,0.01781538,0.000241564,0.147457627,3,0,1,0,0,0,0,0,0,0,0,0,0,,,
998,ok,202,5,4,4,2.224538429,0.096195717,0.115195489,0.667121449,0.570291105,0.335966976,17,3,51,1,1,1,0,1,0,0.617071653,0.005517878,0.000367079,0.307838983,3,17,3,51,2,1,1,1,1,1,1.146700683,24.9347071,0.824113201,0.397033898,10,22,3,66,1,1,1,1,1,0,0.268211478,0.002727204,4.62E-05,0.110169492,6,0,2,0,0,0,0,0,0,0,0,0,0,,,17,2,34,1,1,1,0,1,0,0.323867478,0.004012168,5.44E-05,0.161016949,4,0,1,0,0,0,0,0,0,0,0,0,0,,,
1026,ok,202,5,4,4,1.271721043,0.305016691,0.429875045,0.804899491,0.18970751,0.622898777,17,3,51,1,1,1,0,1,0,0.937626309,0.021522367,0.001431785,0.374364407,4,17,3,51,2,1,1,1,1,1,1.400607645,0.220879304,0.007300248,0.958898305,27,22,3,66,1,1,1,1,1,0,0.793386658,0.016353609,0.00027718,0.533898305,31,0,2,0,0,0,0,0,0,0,0,0,0,,,17,2,34,1,1,1,0,1,0,0.829112827,0.019787759,0.000268309,0.147457627,3,0,1,0,0,0,0,0,0,0,0,0,0,,,
1065,ok,202,5,4,4,1.392771506,0.140539851,0.139503207,0.54331565,0.375024649,0.440852863,17,3,51,1,1,1,0,1,0,0.660135106,0.008288982,0.000551428,0.307838983,3,17,3,51,2,1,1,1,1,1,1.327165186,27.12646077,0.896552517,1.421610169,41,22,3,66,1,1,1,1,1,0,0.399027035,0.004755334,8.06E-05,0.228813559,13,0,2,0,0,0,0,0,0,0,0,0,0,,,17,2,34,1,1,1,0,1,0,0.444447683,0.005952317,8.07E-05,0.161016949,4,0,1,0,0,0,0,0,0,0,0,0,0,,,
1073,ok,202,5,4,4,1.162804976,0.33105999,0.284281,1.536877118,0.147483398,0.976739138,17,3,51,1,1,1,0,1,0,0.487386727,0.004038309,0.00026865,0.440889831,5,17,3,51,2,1,1,1,1,1,1.40245452,0.862625262,0.028510496,1.487711864,43,22,3,66,1,1,1,1,1,0,0.401842511,0.003021615,5.12E-05,0.805084746,47,0,2,0,0,0,0,0,0,0,0,0,0,,,17,2,34,1,1,1,0,1,0,0.451270125,0.007098359,9.62E-05,0.106779661,0,0,1,0,0,0,0,0,0,0,0,0,0,,,
1222,ok,202,5,4,4,1.149673663,1.060168091,0.085405827,2.459706991,0.890840746,0.987774543,17,3,51,2,1,1,1,1,1,2.755827215,0.005412451,0.000360066,0.108262712,0,22,3,66,1,1,1,1,1,0,1.374794675,0.335490674,0.011088251,1.586864407,46,15,3,45,1,1,1,0,0,0,0.107743223,1.08E-05,1.84E-07,0.906779661,53,0,2,0,0,0,0,0,0,0,0,0,0,,,20,2,40,1,1,1,1,0,0,0.127128556,3.53E-05,4.79E-07,0.703389831,44,0,1,0,0,0,0,0,0,0,0,0,0,,,
1330,ok,202,5,4,4,1.966727085,0.146175952,0.089113102,1.501947149,0.749845713,0.201864349,12,3,36,2,1,1,0,1,1,3.532757019,0.001823793,0.000121329,0.108262712,0,22,3,66,1,1,1,1,1,0,1.224877087,0.112837492,0.003729375,1.28940678,37,20,3,60,1,1,1,1,0,0,0.09291286,0.000361619,6.13E-06,0.144067797,8,0,2,0,0,0,0,0,0,0,0,0,0,,,20,2,40,1,1,1,1,0,0,0.123124146,0.000284376,3.86E-06,0.445762712,25,0,1,0,0,0,0,0,0,0,0,0,0,,,
1385,ok,202,5,4,4,1.774100924,0.136310261,0.188459479,0.621624182,0.308285501,0.512577915,17,3,51,1,1,1,0,1,0,0.736039283,0.019215519,0.001278321,0.307838983,3,17,3,51,2,1,1,1,1,1,1.376270904,36.26301681,1.198523437,1.619915254,47,22,3,66,1,1,1,1,1,0,0.478224337,0.008848849,0.00014998,0.245762712,14,0,2,0,0,0,0,0,0,0,0,0,0,,,17,2,34,1,1,1,0,1,0,0.532473439,0.011702131,0.000158673,0.120338983,1,0,1,0,0,0,0,0,0,0,0,0,0,,,
1397,ok,202,5,4,4,2.33235312,0.143428947,0.065813206,0.652972422,0.465961266,0.538038673,17,3,51,1,1,1,0,1,0,0.314298502,0.001603094,0.000106646,0.440889831,5,17,3,51,2,1,1,1,1,1,1.413014047,40.26742073,1.33087238,1.719067797,50,22,3,66,1,1,1,1,1,0,0.162785741,0.001074946,1.82E-05,0.194915254,11,0,2,0,0,0,0,0,0,0,0,0,0,,,17,2,34,1,1,1,0,1,0,0.21032209,0.002104543,2.85E-05,0.147457627,3,0,1,0,0,0,0,0,0,0,0,0,0,,,
1468,ok,202,5,4,4,1.919276717,0.188747578,0.081818662,0.606893698,0.401729314,0.635849656,17,3,51,1,1,1,0,1,0,0.367273781,0.002733785,0.000181866,0.440889831,5,17,3,51,2,1,1,1,1,1,1.404418364,38.26128308,1.26456783,1.586864407,46,22,3,66,1,1,1,1,1,0,0.215802362,0.001571112,2.66E-05,0.279661017,16,0,2,0,0,0,0,0,0,0,0,0,0,,,17,2,34,1,1,1,0,1,0,0.271179415,0.0032454,4.40E-05,0.161016949,4,0,1,0,0,0,0,0,0,0,0,0,0,,,
1488,ok,202,5,4,4,1.350095608,0.160332645,0.054961787,1.485327168,0.409876632,0.208648551,17,3,51,1,1,1,0,1,0,2.23480803,0.00311442,0.000207188,0.108262712,0,17,3,51,2,1,1,1,1,1,1.350205965,0.126911793,0.004194542,1.652966102,48,20,3,60,1,1,1,1,0,0,0.066225037,0.000244563,4.15E-06,0.245762712,14,0,2,0,0,0,0,0,0,0,0,0,0,,,20,2,40,1,1,1,1,0,0,0.082457934,6.27E-05,8.50E-07,0.513559322,30,0,1,0,0,0,0,0,0,0,0,0,0,,,
1524,ok,202,5,4,4,2.213124416,0.224277558,1.963024441,1.052638467,0.847377979,0.878290178,17,3,51,1,1,1,0,1,0,1.03604456,3.621959311,0.240952378,0.241313559,2,17,3,51,2,1,1,1,1,1,1.162139345,0.202179917,0.006682218,0.397033898,10,22,3,66,1,1,1,1,1,0,1.03724035,0.224797738,0.003810131,0.838983051,49,0,2,0,0,0,0,0,0,0,0,0,0,,,17,2,34,1,1,1,0,1,0,1.036044249,0.163270423,0.002213836,0.825423729,53,0,1,0,0,0,0,0,0,0,0,0,0,,,
1604,ok,202,5,4,4,1.443786888,0.115431447,0.12235588,0.598844861,0.366491209,0.352373639,17,3,51,1,1,1,0,1,0,0.714612238,0.00800625,0.000532619,0.241313559,2,17,3,51,2,1,1,1,1,1,1.31760754,27.69519449,0.915349648,1.553813559,45,22,3,66,1,1,1,1,1,0,0.322079455,0.003622587,6.14E-05,0.194915254,11,0,2,0,0,0,0,0,0,0,0,0,0,,,17,2,34,1,1,1,0,1,0,0.360144938,0.003687793,5.00E-05,0.174576271,5,0,1,0,0,0,0,0,0,0,0,0,0,,,
1724,ok,202,5,4,4,2.485937527,0.085079377,0.058146396,0.677324153,0.25823408,0.562303997,17,3,51,1,1,1,0,1,0,0.448697988,0.00490934,0.000326596,0.241313559,2,17,3,51,2,1,1,1,1,1,1.429465205,45.0980989,1.490530387,1.785169492,52,22,3,66,1,1,1,1,1,0,0.143428246,0.001044667,1.77E-05,0.194915254,11,0,2,0,0,0,0,0,0,0,0,0,0,,,17,2,34,1,1,1,0,1,0,0.47221429,0.042246125,0.000572829,0.838983051,54,0,1,0,0,0,0,0,0,0,0,0,0,,,
1775,ok,202,5,4,4,2.106734488,0.269590558,0.110252546,1.853239746,0.830493855,0.358074739,12,3,36,2,1,1,0,1,1,3.075296866,0.007829845,0.000520884,0.108262712,0,22,3,66,1,1,1,1,1,0,1.262874107,0.189183924,0.006252689,1.388559322,40,20,3,60,1,1,1,1,0,0,0.100277754,0.000249161,4.22E-06,0.245762712,14,0,2,0,0,0,0,0,0,0,0,0,0,,,20,2,40,1,1,1,1,0,0,0.139811981,0.000530852,7.20E-06,0.445762712,25,0,1,0,0,0,0,0,0,0,0,0,0,,,
1781,ok,202,5,4,4,2.207806816,0.293930269,0.058200673,0.902556205,0.667145051,0.274315866,17,3,51,1,1,1,0,1,0,0.707760124,0.001313049,8.74E-05,0.241313559,2,17,3,51,2,1,1,1,1,1,1.308908126,0.095167599,0.00314537,0.958898305,27,20,3,60,1,1,1,1,0,0,0.104657479,0.000327704,5.55E-06,0.296610169,17,0,2,0,0,0,0,0,0,0,0,0,0,,,20,2,40,1,1,1,1,0,0,0.113997497,2.60E-05,3.52E-07,0.784745763,50,0,1,0,0,0,0,0,0,0,0,0,0,,,
1787,ok,202,5,4,4,1.374148093,0.093198526,0.107058717,1.604707579,0.600804173,0.415307249,17,3,51,1,1,1,0,1,0,0.360626593,0.000866632,5.77E-05,0.374364407,4,17,3,51,2,1,1,1,1,1,1.153910362,0.251654286,0.008317387,0.727542373,20,22,3,66,1,1,1,1,1,0,0.106526393,0.000663448,1.12E-05,0.110169492,6,0,2,0,0,0,0,0,0,0,0,0,0,,,17,2,34,1,1,1,0,1,0,0.168205634,0.001427693,1.94E-05,0.120338983,1,0,1,0,0,0,0,0,0,0,0,0,0,,,
1835,ok,202,5,4,4,2.131198496,0.279370519,0.566283375,0.979409527,0.165250213,0.546540654,17,3,51,1,1,1,0,1,0,0.949599016,0.025387946,0.001688944,0.374364407,4,17,3,51,2,1,1,1,1,1,1.427570603,0.274965577,0.009087845,1.223305085,35,22,3,66,1,1,1,1,1,0,0.848968491,0.028451938,0.000482236,0.483050847,28,0,2,0,0,0,0,0,0,0,0,0,0,,,17,2,34,1,1,1,0,1,0,0.880953377,0.029212556,0.000396102,0.133898305,2,0,1,0,0,0,0,0,0,0,0,0,0,,,
1978,ok,202,5,4,4,2.007843724,0.290599328,0.056592531,0.927290883,0.796220582,0.394028065,12,3,36,2,1,1,0,1,1,3.296982089,0.005999477,0.000399118,0.108262712,0,22,3,66,1,1,1,1,1,0,1.221914183,0.120174429,0.003971867,0.76059322,21,20,3,60,1,1,1,1,0,0,0.093909508,0.000159172,2.70E-06,0.279661017,16,0,2,0,0,0,0,0,0,0,0,0,0,,,20,2,40,1,1,1,1,0,0,0.125433698,0.000305438,4.14E-06,0.445762712,25,0,1,0,0,0,0,0,0,0,0,0,0,,,
1841,ok,202,4,4,4,1.883441911,0.64920293,0.083706857,2.011123548,0.350695877,0.655070631,17,3,51,1,1,1,0,1,0,0.220000424,0.000773981,5.15E-05,0.440889831,5,22,3,66,1,1,1,1,1,0,0.410302449,0.002090369,6.91E-05,0.363983051,9,15,3,45,1,1,1,0,0,0,0.133562972,0.000288912,4.90E-06,0.974576271,57,0,2,0,0,0,0,0,0,0,0,0,0,,,20,2,40,1,1,1,1,0,0,0.118855405,0.000150795,2.04E-06,0.608474576,37,0,1,0,0,0,0,0,0,0,0,0,0,,,
872,ok,202,4,4,3,1.935973774,0.128105333,0.061630604,2.258830941,0.504816173,0.335242283,17,3,51,1,1,1,0,1,0,0.53866571,0.000847448,5.64E-05,0.241313559,2,22,3,66,1,1,1,1,1,0,1.27987294,0.346218424,0.011442812,1.487711864,43,15,3,45,1,1,0,1,0,0,0.049542815,0.000230755,3.91E-06,0.161016949,9,0,2,0,0,0,0,0,0,0,0,0,0,,,20,2,40,1,1,1,1,0,0,0.083817142,0.000273916,3.71E-06,0.215254237,8,0,1,0,0,0,0,0,0,0,0,0,0,,,
1936,ok,201,4,4,3,1.763746844,0.204213972,0.056722102,2.30299226,0.57646276,0.747993374,20,3,60,1,1,1,1,0,0,0.13649363,0.000114707,7.63E-06,0.706991525,9,22,3,66,1,1,1,1,1,0,1.262119717,0.667389727,0.022057796,0.991949153,28,15,3,45,1,1,0,1,0,0,0.046953882,0.000138727,2.35E-06,0.228813559,13,0,2,0,0,0,0,0,0,0,0,0,0,,,15,2,30,1,1,1,0,0,0,0.099898583,0.000462676,6.27E-06,0.147457627,3,0,1,0,0,0,0,0,0,0,0,0,0,,,
200,ok,200,6,4,4,1.910313662,2.868690081,1.389977832,1.105434455,0.35573933,0.701379971,22,3,66,1,1,1,1,1,0,1.475473551,0.145683109,0.009691631,0.906567797,12,17,3,51,2,1,1,1,1,1,1.481749143,0.149256389,0.00493305,1.818220339,53,22,3,66,1,1,1,1,1,0,1.25500723,0.009237059,0.00015656,0.516949153,30,0,2,0,0,0,0,0,0,0,0,0,0,,,0,2,0,0,0,0,0,0,0,0,0,0,,,17,1,17,2,1,1,1,1,1,1.237032611,32.44346757,1.099778562,0.822033898,9,
1294,ok,200,6,4,4,1.219245409,1.682517249,1.801278819,2.368105594,0.740777195,0.627833179,17,3,51,2,1,1,1,1,1,1.512383538,7.869229727,0.523503842,0.640466102,8,22,3,66,1,1,1,1,1,0,0.550385521,0.000569667,1.88E-05,0.694491525,19,22,3,66,1,1,1,1,1,0,0.904772835,0.004313167,7.31E-05,0.330508475,19,0,2,0,0,0,0,0,0,0,0,0,0,,,0,2,0,0,0,0,0,0,0,0,0,0,,,17,1,17,2,1,1,1,1,1,1.009072961,26.32109594,0.89224054,1.43220339,27,
1800,ok,200,6,4,4,1.928705484,3.346416343,1.631895833,2.108194428,0.549770426,0.783550806,17,3,51,2,1,1,1,1,1,1.507014243,14.38066349,0.956679732,0.640466102,8,22,3,66,1,1,1,1,1,0,0.66596869,0.001287656,4.26E-05,0.793644068,22,22,3,66,1,1,1,1,1,0,0.922285148,0.004766003,8.08E-05,0.449152542,26,0,2,0,0,0,0,0,0,0,0,0,0,,,0,2,0,0,0,0,0,0,0,0,0,0,,,17,1,17,2,1,1,1,1,1,0.952277066,32.44115788,1.099700267,1.059322034,16,
1977,ok,200,6,4,4,1.819361387,0.589996169,1.490102576,2.319866917,0.272758005,0.488135804,17,3,51,2,1,1,1,1,1,4.500656544,23.15640298,1.54048952,0.108262712,0,22,3,66,1,1,1,1,1,0,0.633973093,0.004110793,0.000135865,0.826694915,23,22,3,66,1,1,1,1,1,0,0.872299485,0.02697084,0.000457133,0.330508475,19,0,2,0,0,0,0,0,0,0,0,0,0,,,0,2,0,0,0,0,0,0,0,0,0,0,,,17,1,17,2,1,1,1,1,1,0.856796344,32.50407034,1.101832893,1.059322034,16,
290,ok,200,5,4,4,2.023457348,2.558796266,1.480306272,1.34268271,0.116396712,0.808353375,17,3,51,1,1,1,0,1,0,1.674486347,3.478389011,0.231401303,0.241313559,2,22,3,66,1,1,1,1,1,0,0.927485653,0.001027913,3.40E-05,1.025,29,22,3,66,1,1,1,1,1,0,1.099922911,0.00218651,3.71E-05,0.584745763,34,0,2,0,0,0,0,0,0,0,0,0,0,,,0,2,0,0,0,0,0,0,0,0,0,0,,,17,1,17,2,1,1,1,1,1,1.130133273,34.36259304,1.164833662,0.822033898,9,
396,ok,200,5,4,4,1.650024483,2.206436736,1.681493988,1.976224877,0.21728176,0.838861374,17,3,51,1,1,1,0,1,0,1.770925789,5.26451219,0.350223904,0.307838983,3,22,3,66,1,1,1,1,1,0,0.708594601,0.001381472,4.57E-05,0.826694915,23,22,3,66,1,1,1,1,1,0,0.966876703,0.004275162,7.25E-05,0.466101695,27,0,2,0,0,0,0,0,0,0,0,0,0,,,0,2,0,0,0,0,0,0,0,0,0,0,,,17,1,17,2,1,1,1,1,1,0.996877142,32.94624407,1.116821833,1.025423729,15,
542,ok,200,5,4,4,1.319357303,0.075403702,0.757917372,0.987382515,0.80002432,0.898213422,17,3,51,2,1,1,1,1,1,1.382000781,1.885153917,0.125410663,0.773516949,10,15,3,45,1,1,1,0,0,0,1.155934265,8.31E-09,2.75E-10,0.198728814,4,20,3,60,1,1,1,1,0,0,1.111066976,2.87E-08,4.86E-10,0.161016949,9,0,2,0,0,0,0,0,0,0,0,0,0,,,22,2,44,1,1,1,1,1,0,1.056211067,1.271504006,0.017240732,0.445762712,25,0,1,0,0,0,0,0,0,0,0,0,0,,,
786,ok,200,5,4,4,2.275091626,0.419614375,0.640180837,1.556932937,0.34540472,0.747308694,17,3,51,2,1,1,1,1,1,4.35524943,19.29350537,1.28350862,0.108262712,0,22,3,66,1,1,1,1,1,0,1.363031628,0.816370561,0.026981739,1.388559322,40,22,3,66,1,1,1,1,1,0,0.660277083,0.022388436,0.000379465,0.398305085,23,0,2,0,0,0,0,0,0,0,0,0,0,,,0,2,0,0,0,0,0,0,0,0,0,0,,,17,1,17,1,1,1,0,1,0,0.69699087,0.545940894,0.018506471,0.618644068,3,
905,ok,200,5,4,4,2.130158767,1.602628177,1.364780185,1.786145078,0.310919997,0.751090943,17,3,51,1,1,1,0,1,0,1.721677899,3.907192277,0.259927622,0.307838983,3,22,3,66,1,1,1,1,1,0,0.693759931,0.003204454,0.00010591,0.727542373,20,22,3,66,1,1,1,1,1,0,0.942949444,0.012153122,0.000205985,0.483050847,28,0,2,0,0,0,0,0,0,0,0,0,0,,,0,2,0,0,0,0,0,0,0,0,0,0,,,17,1,17,2,1,1,1,1,1,0.940249424,36.81949915,1.248118615,0.889830508,11,
1270,ok,200,5,4,4,1.956778844,0.079673156,1.636638714,1.049497959,0.869355474,0.498565913,17,3,51,2,1,1,1,1,1,1.434479574,2.933883938,0.195177872,2.968855932,43,20,3,60,1,1,1,1,0,0,1.095247545,3.66E-08,1.21E-09,0.363983051,9,15,3,45,1,1,1,0,0,0,1.168445614,1.15E-08,1.95E-10,0.025423729,1,0,2,0,0,0,0,0,0,0,0,0,0,,,22,2,44,1,1,1,1,1,0,1.053014704,2.036679269,0.02761599,0.43220339,24,0,1,0,0,0,0,0,0,0,0,0,0,,,
1379,ok,200,5,4,4,2.165645034,0.963354932,0.979383878,1.579710717,0.181593524,0.804427255,17,3,51,2,1,1,1,1,1,3.691735599,27.77414228,1.847686584,0.108262712,0,22,3,66,1,1,1,1,1,0,0.709626773,0.004357215,0.00014401,0.661440678,18,22,3,66,1,1,1,1,1,0,0.845746656,0.010940486,0.000185432,0.601694915,35,0,2,0,0,0,0,0,0,0,0,0,0,,,0,2,0,0,0,0,0,0,0,0,0,0,,,17,1,17,1,1,1,0,1,0,0.849414204,0.307600332,0.01042713,0.652542373,4,
1637,ok,200,5,4,4,2.246459686,0.529365265,0.670241883,2.054072395,0.378215535,0.857038106,17,3,51,2,1,1,1,1,1,4.965508369,27.17031167,1.807516497,0.108262712,0,22,3,66,1,1,1,1,1,0,1.388361789,1.242993702,0.041081995,1.652966102,48,22,3,66,1,1,1,1,1,0,0.571788762,0.015491409,0.000262566,0.43220339,25,0,2,0,0,0,0,0,0,0,0,0,0,,,0,2,0,0,0,0,0,0,0,0,0,0,,,17,1,17,1,1,1,0,1,0,0.641145337,0.484172626,0.016412631,0.686440678,5,
1646,ok,200,5,4,4,2.174132886,1.666344193,1.050313419,1.486410738,0.133307575,0.768946547,17,3,51,2,1,1,1,1,1,2.979377233,17.61802138,1.172046337,0.108262712,0,22,3,66,1,1,1,1,1,0,0.864200219,0.002060088,6.81E-05,0.958898305,27,22,3,66,1,1,1,1,1,0,0.885568949,0.003749518,6.36E-05,0.720338983,42,0,2,0,0,0,0,0,0,0,0,0,0,,,0,2,0,0,0,0,0,0,0,0,0,0,,,17,1,17,1,1,1,0,1,0,0.904567713,0.0792464,0.002686319,0.618644068,3,
248,ok,199,10,5,5,1.747651011,0.587512094,0.907576179,0.87392268,0.757735324,0.302725517,12,3,36,3,1,1,1,1,2,2.726122305,3.485164624,0.231852053,0.108262712,0,17,3,51,2,1,1,1,1,1,1.348616065,0.044593795,0.001473863,1.091101695,31,17,3,51,2,1,1,1,1,1,1.305405805,0.13575097,0.002300864,0.483050847,28,0,2,0,0,0,0,0,0,0,0,0,0,,,22,2,44,1,1,1,1,1,0,1.260480271,0.007380308,0.000100072,0.622033898,38,17,1,17,2,1,1,1,1,1,1.189086601,0.058173412,0.00197198,1.940677966,42,
516,ok,199,10,5,5,2.390996359,0.096060623,0.328186334,1.672682794,0.831058963,0.727449512,17,3,51,2,1,1,1,1,1,3.077634256,0.623175061,0.041456985,0.108262712,0,17,3,51,2,1,1,1,1,1,1.178571553,0.088813297,0.002935355,0.397033898,10,12,3,36,3,1,1,1,1,2,1.128977882,0.039662976,0.000672254,0.923728814,54,0,2,0,0,0,0,0,0,0,0,0,0,,,22,2,44,1,1,1,1,1,0,1.084556622,0.724881124,0.009828897,0.798305085,51,17,1,17,2,1,1,1,1,1,0.929235647,0.011251095,0.000381393,2.076271186,46,
1169,ok,199,9,5,5,1.400136844,0.340338364,0.723398858,0.916227088,0.616215568,0.353110688,12,3,36,3,1,1,1,1,2,4.311248817,1.909645611,0.127039983,0.108262712,0,17,3,51,2,1,1,1,1,1,1.299872723,0.120976995,0.003998392,0.958898305,27,17,3,51,2,1,1,1,1,1,1.26675321,0.244206896,0.0041391,0.584745763,34,0,2,0,0,0,0,0,0,0,0,0,0,,,22,2,44,1,1,1,1,1,0,1.077623728,0.020770777,0.000281638,0.296610169,14,17,1,17,1,1,1,0,1,0,1.060302367,0.124298593,0.004213512,0.686440678,5,
1955,ok,199,9,5,5,2.209707935,0.217984082,1.978142944,2.283459526,0.81270542,0.129538442,12,3,36,2,1,1,0,1,1,3.097949033,0.282052912,0.018763689,0.108262712,0,22,3,66,1,1,1,1,1,0,0.812811924,0.001271172,4.20E-05,1.421610169,41,12,3,36,3,1,1,1,1,2,1.286132105,0.202819131,0.003437612,0.228813559,13,0,2,0,0,0,0,0,0,0,0,0,0,,,22,2,44,1,1,1,1,1,0,1.134223836,0.016085722,0.000218111,0.540677966,32,17,1,17,2,1,1,1,1,1,1.028116855,16.81948449,0.570152017,1.669491525,34,
1414,ok,199,8,5,5,1.188813227,0.113717844,0.394168175,0.623232351,0.210255983,0.658735958,12,3,36,2,1,1,0,1,1,2.682583603,1.647014068,0.109568309,0.108262712,0,17,3,51,2,1,1,1,1,1,1.409993133,39.25718301,1.297483167,1.619915254,47,17,3,51,2,1,1,1,1,1,1.239313308,0.248343136,0.004209206,0.855932203,50,0,2,0,0,0,0,0,0,0,0,0,0,,,22,2,44,1,1,1,1,1,0,1.205903051,0.273497005,0.003708434,0.296610169,14,17,1,17,1,1,1,0,1,0,1.126876334,0.349528442,0.011848422,0.516949153,0,
1458,ok,199,8,5,5,2.210537765,0.359277895,0.744464332,0.801790242,0.482300125,0.314027737,12,3,36,2,1,1,0,1,1,2.286392714,1.691514787,0.112528738,0.174788136,1,17,3,51,2,1,1,1,1,1,1.383947088,0.095613731,0.003160115,0.958898305,27,17,3,51,2,1,1,1,1,1,1.324008499,0.233601972,0.003959355,0.56779661,33,0,2,0,0,0,0,0,0,0,0,0,0,,,22,2,44,1,1,1,1,1,0,1.246011779,0.02844944,0.000385755,0.36440678,19,17,1,17,1,1,1,0,1,0,1.155097746,0.138980606,0.004711207,0.618644068,3,
1879,ok,199,7,5,5,1.544930295,0.183308474,0.593335575,2.022279876,0.76461258,0.187884588,12,3,36,2,1,1,0,1,1,3.66269933,0.039582639,0.002633252,0.108262712,0,17,3,51,1,1,1,0,1,0,1.275475622,0.091151774,0.003012643,1.917372881,56,17,3,51,2,1,1,1,1,1,1.209606374,0.464854015,0.007878882,0.906779661,53,0,2,0,0,0,0,0,0,0,0,0,0,,,22,2,44,1,1,1,1,1,0,0.480667144,0.003992403,5.41E-05,0.5,29,17,1,17,1,1,1,0,1,0,0.436237335,0.0490729,0.001663488,0.584745763,2,
10,ok,198,3,3,3,2.039262872,0.153202482,0.077475019,1.285619698,0.463441538,0.996988882,22,3,66,1,1,1,1,1,0,0.192612441,0.000460989,3.07E-05,0.840042373,11,22,3,66,1,1,1,1,1,0,1.206348026,0.329294812,0.010883473,0.463135593,12,22,3,66,1,1,1,1,1,0,0.105100463,0.000703108,1.19E-05,0.211864407,12,0,2,0,0,0,0,0,0,0,0,0,0,,,0,2,0,0,0,0,0,0,0,0,0,0,,,0,1,0,0,0,0,0,0,0,0,0,0,,,
333,ok,198,3,3,3,1.719098211,1.680879682,0.760346841,1.638624872,0.566816425,0.531885264,22,3,66,1,1,1,1,1,0,0.723995952,0.001835673,0.000122119,1.239194915,17,22,3,66,1,1,1,1,1,0,0.820678474,0.002829538,9.35E-05,0.958898305,27,22,3,66,1,1,1,1,1,0,0.704776393,0.00564143,9.56E-05,0.618644068,36,0,2,0,0,0,0,0,0,0,0,0,0,,,0,2,0,0,0,0,0,0,0,0,0,0,,,0,1,0,0,0,0,0,0,0,0,0,0,,,
336,ok,198,3,3,3,1.053798405,0.11468253,0.261467283,1.589032288,0.299374209,0.807825538,22,3,66,1,1,1,1,1,0,0.415469949,0.001758522,0.000116986,0.640466102,8,22,3,66,1,1,1,1,1,0,1.238356695,0.457222652,0.015111596,0.727542373,20,22,3,66,1,1,1,1,1,0,0.279398339,0.005129219,8.69E-05,0.211864407,12,0,2,0,0,0,0,0,0,0,0,0,0,,,0,2,0,0,0,0,0,0,0,0,0,0,,,0,1,0,0,0,0,0,0,0,0,0,0,,,
351,ok,198,3,3,3,2.290460296,0.210650266,0.201618797,2.150456905,0.659533287,0.877070124,22,3,66,1,1,1,1,1,0,0.282798977,0.00042862,2.85E-05,1.239194915,17,22,3,66,1,1,1,1,1,0,1.245368195,0.478343383,0.015809654,0.76059322,21,22,3,66,1,1,1,1,1,0,0.162722587,0.001761562,2.99E-05,0.194915254,11,0,2,0,0,0,0,0,0,0,0,0,0,,,0,2,0,0,0,0,0,0,0,0,0,0,,,0,1,0,0,0,0,0,0,0,0,0,0,,,
819,ok,198,3,3,3,1.802380523,1.661114659,0.790199285,2.147425398,0.316696093,0.553502719,22,3,66,1,1,1,1,1,0,0.671537188,0.003784943,0.000251795,0.840042373,11,22,3,66,1,1,1,1,1,0,0.790401812,0.002554235,8.44E-05,1.15720339,33,22,3,66,1,1,1,1,1,0,0.648116965,0.004067149,6.89E-05,0.720338983,42,0,2,0,0,0,0,0,0,0,0,0,0,,,0,2,0,0,0,0,0,0,0,0,0,0,,,0,1,0,0,0,0,0,0,0,0,0,0,,,
1010,ok,198,3,3,3,1.514709381,0.172613658,0.130265817,1.807010945,0.370093942,0.813497275,22,3,66,1,1,1,1,1,0,0.261598626,0.001170427,7.79E-05,0.573940678,7,22,3,66,1,1,1,1,1,0,1.27787856,0.58974932,0.019491715,0.89279661,25,22,3,66,1,1,1,1,1,0,0.138240785,0.001245999,2.11E-05,0.279661017,16,0,2,0,0,0,0,0,0,0,0,0,0,,,0,2,0,0,0,0,0,0,0,0,0,0,,,0,1,0,0,0,0,0,0,0,0,0,0,,,
1028,ok,198,3,3,3,1.276873391,0.110676382,0.156746829,1.645198135,0.366832381,0.982988745,22,3,66,1,1,1,1,1,0,0.291579483,0.000853763,5.68E-05,0.773516949,10,22,3,66,1,1,1,1,1,0,1.213152485,0.478299846,0.015808215,0.562288136,15,22,3,66,1,1,1,1,1,0,0.162225532,0.001934633,3.28E-05,0.177966102,10,0,2,0,0,0,0,0,0,0,0,0,0,,,0,2,0,0,0,0,0,0,0,0,0,0,,,0,1,0,0,0,0,0,0,0,0,0,0,,,
1151,ok,198,3,3,3,2.094628857,0.119237314,0.094445404,1.334198446,0.253807798,0.957097531,22,3,66,1,1,1,1,1,0,0.247519818,0.001520992,0.000101185,0.507415254,6,22,3,66,1,1,1,1,1,0,1.233146795,0.51114418,0.016893748,0.628389831,17,22,3,66,1,1,1,1,1,0,0.128958009,0.001192225,2.02E-05,0.262711864,15,0,2,0,0,0,0,0,0,0,0,0,0,,,0,2,0,0,0,0,0,0,0,0,0,0,,,0,1,0,0,0,0,0,0,0,0,0,0,,,
1246,ok,198,3,3,3,1.810074467,1.208005267,0.410538729,1.909577305,0.642924146,0.488864012,22,3,66,1,1,1,1,1,0,0.477909389,0.002546914,0.000169435,0.706991525,9,22,3,66,1,1,1,1,1,0,0.681223519,0.002288024,7.56E-05,0.826694915,23,22,3,66,1,1,1,1,1,0,0.433444455,0.002326922,3.94E-05,0.686440678,40,0,2,0,0,0,0,0,0,0,0,0,0,,,0,2,0,0,0,0,0,0,0,0,0,0,,,0,1,0,0,0,0,0,0,0,0,0,0,,,
1257,ok,198,3,3,3,1.789410394,0.252145938,0.24398679,2.045872691,0.558628947,0.968385947,22,3,66,1,1,1,1,1,0,0.339715914,0.000454022,3.02E-05,1.372245763,19,22,3,66,1,1,1,1,1,0,1.280241192,0.561691986,0.018564396,0.826694915,23,22,3,66,1,1,1,1,1,0,0.217249604,0.002726441,4.62E-05,0.262711864,15,0,2,0,0,0,0,0,0,0,0,0,0,,,0,2,0,0,0,0,0,0,0,0,0,0,,,0,1,0,0,0,0,0,0,0,0,0,0,,,
1318,ok,198,3,3,3,2.073671726,0.176714996,0.068141703,0.963488907,0.404980768,0.963989532,22,3,66,1,1,1,1,1,0,0.209458923,0.000707173,4.70E-05,0.706991525,9,22,3,66,1,1,1,1,1,0,1.19666958,0.366609185,0.012116744,0.463135593,12,22,3,66,1,1,1,1,1,0,0.120651325,0.000732265,1.24E-05,0.262711864,15,0,2,0,0,0,0,0,0,0,0,0,0,,,0,2,0,0,0,0,0,0,0,0,0,0,,,0,1,0,0,0,0,0,0,0,0,0,0,,,
1346,ok,198,3,3,3,2.485334683,0.132352623,0.092557619,1.677308579,0.478838142,0.700614018,22,3,66,1,1,1,1,1,0,0.221906546,0.001004594,6.68E-05,0.573940678,7,22,3,66,1,1,1,1,1,0,1.22119165,0.407776027,0.013477343,0.694491525,19,22,3,66,1,1,1,1,1,0,0.099511208,0.000869327,1.47E-05,0.177966102,10,0,2,0,0,0,0,0,0,0,0,0,0,,,0,2,0,0,0,0,0,0,0,0,0,0,,,0,1,0,0,0,0,0,0,0,0,0,0,,,
1538,ok,198,3,3,3,2.125648137,0.201418837,0.155650229,1.835263968,0.334140453,0.988791635,22,3,66,1,1,1,1,1,0,0.280078308,0.001188024,7.90E-05,0.773516949,10,22,3,66,1,1,1,1,1,0,1.293808288,0.776804436,0.025674045,0.89279661,25,22,3,66,1,1,1,1,1,0,0.169896688,0.0019914,3.38E-05,0.330508475,19,0,2,0,0,0,0,0,0,0,0,0,0,,,0,2,0,0,0,0,0,0,0,0,0,0,,,0,1,0,0,0,0,0,0,0,0,0,0,,,
1543,ok,198,3,3,3,1.536216442,1.408122063,0.376419833,2.467576176,0.581737093,0.618029633,22,3,66,1,1,1,1,1,0,0.401578369,0.00135469,9.01E-05,0.840042373,11,22,3,66,1,1,1,1,1,0,0.553325262,0.001554716,5.14E-05,0.694491525,19,22,3,66,1,1,1,1,1,0,0.387861534,0.001253797,2.13E-05,0.838983051,49,0,2,0,0,0,0,0,0,0,0,0,0,,,0,2,0,0,0,0,0,0,0,0,0,0,,,0,1,0,0,0,0,0,0,0,0,0,0,,,
1586,ok,198,3,3,3,1.558588563,0.106549701,0.120459126,1.651029798,0.28289943,0.879407112,22,3,66,1,1,1,1,1,0,0.266850626,0.001427086,9.49E-05,0.507415254,6,22,3,66,1,1,1,1,1,0,1.232362787,0.530044242,0.017518411,0.694491525,19,22,3,66,1,1,1,1,1,0,0.136229101,0.001488067,2.52E-05,0.228813559,13,0,2,0,0,0,0,0,0,0,0,0,0,,,0,2,0,0,0,0,0,0,0,0,0,0,,,0,1,0,0,0,0,0,0,0,0,0,0,,,
1842,ok,198,3,3,3,1.59635936,0.138416942,0.371343097,1.856883046,0.20976373,0.823270571,22,3,66,1,1,1,1,1,0,0.499428023,0.004141068,0.000275486,0.573940678,7,22,3,66,1,1,1,1,1,0,1.321963094,0.833592877,0.027550951,1.091101695,31,22,3,66,1,1,1,1,1,0,0.373685188,0.010379092,0.000175917,0.313559322,18,0,2,0,0,0,0,0,0,0,0,0,0,,,0,2,0,0,0,0,0,0,0,0,0,0,,,0,1,0,0,0,0,0,0,0,0,0,0,,,
1970,ok,198,3,3,3,2.309378304,0.097460246,0.166854013,2.382119029,0.331879883,0.81924015,22,3,66,1,1,1,1,1,0,0.277971186,0.002006578,0.000133488,0.573940678,7,22,3,66,1,1,1,1,1,0,1.253939107,0.637024189,0.021054189,0.826694915,23,22,3,66,1,1,1,1,1,0,0.135871718,0.002287436,3.88E-05,0.177966102,10,0,2,0,0,0,0,0,0,0,0,0,0,,,0,2,0,0,0,0,0,0,0,0,0,0,,,0,1,0,0,0,0,0,0,0,0,0,0,,,
1990,ok,198,3,3,3,2.407345026,0.163174526,0.132216665,1.307126144,0.628058072,0.776489836,22,3,66,1,1,1,1,1,0,0.263555345,0.000740503,4.93E-05,0.906567797,12,22,3,66,1,1,1,1,1,0,1.19155103,0.274808471,0.009082653,0.496186441,13,22,3,66,1,1,1,1,1,0,0.160894571,0.001505191,2.55E-05,0.161016949,9,0,2,0,0,0,0,0,0,0,0,0,0,,,0,2,0,0,0,0,0,0,0,0,0,0,,,0,1,0,0,0,0,0,0,0,0,0,0,,,
0,ok,197,7,4,4,2.456005295,1.179844867,0.47081031,1.050703614,0.823129638,0.870093953,12,3,36,3,1,1,1,1,2,1.784703654,6.991850165,0.465135795,0.307838983,3,17,3,51,2,1,1,1,1,1,1.326765336,0.278725647,0.009212119,0.991949153,28,22,3,66,1,1,1,1,1,0,0.638138299,0.00373627,6.33E-05,0.56779661,33,0,2,0,0,0,0,0,0,0,0,0,0,,,22,2,44,1,1,1,1,1,0,0.718584293,0.009238827,0.000125272,0.283050847,13,0,1,0,0,0,0,0,0,0,0,0,0,,,
320,ok,197,7,4,4,2.072113374,2.684118382,0.584470614,0.681497948,0.688243714,0.959858537,17,3,51,2,1,1,1,1,1,1.358796851,16.46383589,1.095263658,0.773516949,10,12,3,36,3,1,1,1,1,2,1.398862673,42.74263333,1.412680254,0.925847458,26,22,3,66,1,1,1,1,1,0,1.01676778,0.005760498,9.76E-05,0.788135593,46,0,2,0,0,0,0,0,0,0,0,0,0,,,22,2,44,1,1,1,1,1,0,1.033361336,0.005173552,7.01E-05,0.350847458,18,0,1,0,0,0,0,0,0,0,0,0,0,,,
337,ok,197,7,4,4,1.410615641,0.808505757,0.369662248,0.741717193,0.436782331,0.777107266,17,3,51,2,1,1,1,1,1,2.214781305,1.403338003,0.093357655,0.174788136,1,12,3,36,3,1,1,1,1,2,1.4195466,51.47498917,1.701292015,1.950423729,57,22,3,66,1,1,1,1,1,0,0.733324865,0.008267016,0.000140119,0.669491525,39,0,2,0,0,0,0,0,0,0,0,0,0,,,22,2,44,1,1,1,1,1,0,0.760166664,0.008641823,0.000117177,0.323728814,16,0,1,0,0,0,0,0,0,0,0,0,0,,,
385,ok,197,7,4,4,2.23035679,2.090780479,0.478332954,1.504000625,0.765129534,0.909006175,12,3,36,3,1,1,1,1,2,3.371113904,6.193747031,0.412041646,0.174788136,1,17,3,51,2,1,1,1,1,1,1.422499842,0.330690424,0.010929599,1.619915254,47,22,3,66,1,1,1,1,1,0,0.55314573,0.001808343,3.06E-05,0.805084746,47,0,2,0,0,0,0,0,0,0,0,0,0,,,22,2,44,1,1,1,1,1,0,0.58874037,0.00201703,2.73E-05,0.513559322,30,0,1,0,0,0,0,0,0,0,0,0,0,,,
387,ok,197,7,4,4,1.115041332,0.641561224,0.343131375,0.567757962,0.842946205,0.757914246,12,3,36,3,1,1,1,1,2,2.101973941,1.634770099,0.108753774,0.108262712,0,17,3,51,2,1,1,1,1,1,1.236653454,29.13064911,0.96279264,0.463135593,12,22,3,66,1,1,1,1,1,0,0.73953437,0.001743146,2.95E-05,0.449152542,26,0,2,0,0,0,0,0,0,0,0,0,0,,,22,2,44,1,1,1,1,1,0,0.872785452,0.010863198,0.000147298,0.269491525,12,0,1,0,0,0,0,0,0,0,0,0,0,,,
406,ok,197,7,4,4,1.877043958,0.525933671,0.340647145,0.615618696,0.758037036,0.698667397,12,3,36,3,1,1,1,1,2,3.038851752,3.26347932,0.217104345,0.108262712,0,17,3,51,2,1,1,1,1,1,1.405683484,35.31051039,1.167042293,1.619915254,47,22,3,66,1,1,1,1,1,0,0.740621307,0.006921332,0.000117311,0.381355932,22,0,2,0,0,0,0,0,0,0,0,0,0,,,22,2,44,1,1,1,1,1,0,0.833629551,0.017505917,0.000237368,0.242372881,10,0,1,0,0,0,0,0,0,0,0,0,0,,,
514,ok,197,7,4,4,1.986699808,1.483172072,0.350305236,1.024032559,0.709728922,0.988141757,12,3,36,3,1,1,1,1,2,3.063039504,4.871216229,0.324059724,0.174788136,1,17,3,51,2,1,1,1,1,1,1.385819568,0.267655547,0.008846243,1.025,29,22,3,66,1,1,1,1,1,0,0.550829678,0.002596432,4.40E-05,0.788135593,46,0,2,0,0,0,0,0,0,0,0,0,0,,,22,2,44,1,1,1,1,1,0,0.60069222,0.004117089,5.58E-05,0.405084746,22,0,1,0,0,0,0,0,0,0,0,0,0,,,
645,ok,197,7,4,4,1.709717,1.033932225,0.513948368,0.606323593,0.240470111,0.654331807,17,3,51,2,1,1,1,1,1,1.878862161,1.701383053,0.113185229,0.174788136,1,12,3,36,3,1,1,1,1,2,1.473978821,34.94938071,1.15510665,0.925847458,26,22,3,66,1,1,1,1,1,0,1.072977223,0.01382095,0.000234253,0.822033898,48,0,2,0,0,0,0,0,0,0,0,0,0,,,22,2,44,1,1,1,1,1,0,1.095073991,0.011485666,0.000155738,0.405084746,22,0,1,0,0,0,0,0,0,0,0,0,0,,,
810,ok,197,7,4,4,1.539321656,0.414237992,0.239495427,0.57316017,0.638199037,0.795976436,12,3,36,3,1,1,1,1,2,4.479022284,1.366162273,0.090884524,0.108262712,0,17,3,51,2,1,1,1,1,1,1.408342736,34.23928109,1.131637256,1.487711864,43,22,3,66,1,1,1,1,1,0,0.595842338,0.005659526,9.59E-05,0.381355932,22,0,2,0,0,0,0,0,0,0,0,0,0,,,22,2,44,1,1,1,1,1,0,0.689725797,0.014067214,0.000190742,0.201694915,7,0,1,0,0,0,0,0,0,0,0,0,0,,,
849,ok,197,7,4,4,1.606577305,0.767489006,0.305666679,0.601388671,0.722239757,0.778290857,12,3,36,3,1,1,1,1,2,3.345675559,2.962009904,0.197048964,0.108262712,0,17,3,51,2,1,1,1,1,1,1.390276831,34.45692692,1.138830636,1.586864407,46,22,3,66,1,1,1,1,1,0,0.689981121,0.004550433,7.71E-05,0.533898305,31,0,2,0,0,0,0,0,0,0,0,0,0,,,22,2,44,1,1,1,1,1,0,0.767363597,0.009515446,0.000129023,0.337288136,17,0,1,0,0,0,0,0,0,0,0,0,0,,,
857,ok,197,7,4,4,1.207541988,0.604291202,0.325083209,0.747925148,0.387713284,0.690832064,17,3,51,2,1,1,1,1,1,3.751769806,3.574349079,0.237785087,0.108262712,0,12,3,36,3,1,1,1,1,2,1.418843479,48.57714632,1.605515853,1.950423729,57,22,3,66,1,1,1,1,1,0,0.656146345,0.007139194,0.000121003,0.618644068,36,0,2,0,0,0,0,0,0,0,0,0,0,,,22,2,44,1,1,1,1,1,0,0.684239492,0.007436143,0.000100829,0.323728814,16,0,1,0,0,0,0,0,0,0,0,0,0,,,
992,ok,197,7,4,4,2.041994858,0.145118425,0.650393089,0.981548111,0.672200975,0.926912915,17,3,51,2,1,1,1,1,1,1.460410425,17.71113921,1.178241041,0.507415254,6,17,3,51,2,1,1,1,1,1,1.141308249,0.242658681,0.008020075,0.297881356,7,17,3,51,2,1,1,1,1,1,1.190917456,0.218896846,0.003710116,0.347457627,20,0,2,0,0,0,0,0,0,0,0,0,0,,,22,2,44,1,1,1,1,1,0,1.315458242,0.66014808,0.00895116,0.188135593,6,0,1,0,0,0,0,0,0,0,0,0,0,,,
1004,ok,197,7,4,4,2.373281425,0.610740263,0.374934313,0.584930568,0.70089571,0.618548575,12,3,36,3,1,1,1,1,2,3.506763285,4.397878486,0.29257073,0.108262712,0,17,3,51,2,1,1,1,1,1,1.361027437,32.47646113,1.073374563,1.520762712,44,22,3,66,1,1,1,1,1,0,0.871655468,0.013245178,0.000224495,0.415254237,24,0,2,0,0,0,0,0,0,0,0,0,0,,,22,2,44,1,1,1,1,1,0,0.926880773,0.01929658,0.000261649,0.323728814,16,0,1,0,0,0,0,0,0,0,0,0,0,,,
1264,ok,197,7,4,4,2.356207497,1.479485946,0.497021179,1.197474349,0.55503659,0.855056973,12,3,36,3,1,1,1,1,2,4.201518133,7.774697871,0.51721507,0.108262712,0,17,3,51,2,1,1,1,1,1,1.418488692,0.424545799,0.014031598,1.388559322,40,22,3,66,1,1,1,1,1,0,0.656618385,0.00669155,0.000113416,0.720338983,42,0,2,0,0,0,0,0,0,0,0,0,0,,,22,2,44,1,1,1,1,1,0,0.683947284,0.005908202,8.01E-05,0.36440678,19,0,1,0,0,0,0,0,0,0,0,0,0,,,
1293,ok,197,7,4,4,1.784659265,0.740584043,0.310729486,0.523566116,0.716035694,0.731991021,12,3,36,3,1,1,1,1,2,3.375115949,3.589386803,0.238785478,0.108262712,0,17,3,51,2,1,1,1,1,1,1.348293155,27.49449936,0.908716504,1.355508475,39,22,3,66,1,1,1,1,1,0,0.79514228,0.006607682,0.000111995,0.516949153,30,0,2,0,0,0,0,0,0,0,0,0,0,,,22,2,44,1,1,1,1,1,0,0.864355148,0.012012584,0.000162882,0.350847458,18,0,1,0,0,0,0,0,0,0,0,0,0,,,
1296,ok,197,7,4,4,1.946628781,1.231436926,0.366129397,1.201149469,0.849108957,0.821522122,12,3,36,3,1,1,1,1,2,3.046888286,1.615094406,0.10744484,0.174788136,1,17,3,51,2,1,1,1,1,1,1.35980607,0.165937091,0.005484361,1.124152542,32,22,3,66,1,1,1,1,1,0,0.484192118,0.001164447,1.97E-05,0.669491525,39,0,2,0,0,0,0,0,0,0,0,0,0,,,22,2,44,1,1,1,1,1,0,0.550441708,0.003370061,4.57E-05,0.472881356,27,0,1,0,0,0,0,0,0,0,0,0,0,,,
1656,ok,197,7,4,4,1.095055802,1.050363082,0.546992251,0.909988372,0.880869683,0.619827853,12,3,36,3,1,1,1,1,2,1.805708554,1.163728348,0.077417521,0.307838983,3,17,3,51,2,1,1,1,1,1,1.295695587,0.069058699,0.002282449,0.991949153,28,22,3,66,1,1,1,1,1,0,0.737117241,0.000985522,1.67E-05,0.516949153,30,0,2,0,0,0,0,0,0,0,0,0,0,,,22,2,44,1,1,1,1,1,0,0.825007498,0.00339772,4.61E-05,0.5,29,0,1,0,0,0,0,0,0,0,0,0,0,,,
1690,ok,197,7,4,4,2.279605666,0.13668575,0.81197821,0.835559259,0.665639501,0.962534553,17,3,51,2,1,1,1,1,1,1.388590036,14.31600915,0.952378575,1.106144068,15,17,3,51,2,1,1,1,1,1,1.140299736,0.190924301,0.00631021,0.231779661,5,17,3,51,2,1,1,1,1,1,1.36946653,0.124049729,0.002102538,0.110169492,6,0,2,0,0,0,0,0,0,0,0,0,0,,,22,2,44,1,1,1,1,1,0,1.044856128,0.145367954,0.001971091,0.771186441,49,0,1,0,0,0,0,0,0,0,0,0,0,,,
1717,ok,197,7,4,4,2.265493611,0.356114645,0.367369256,0.593584134,0.174554107,0.915928446,17,3,51,2,1,1,1,1,1,2.628984184,7.243554837,0.481880555,0.108262712,0,12,3,36,3,1,1,1,1,2,1.388258869,43.37279923,1.433507771,0.661440678,18,22,3,66,1,1,1,1,1,0,0.904134737,0.021539862,0.000365082,0.652542373,38,0,2,0,0,0,0,0,0,0,0,0,0,,,22,2,44,1,1,1,1,1,0,1.242031994,0.20069843,0.002721335,0.63559322,39,0,1,0,0,0,0,0,0,0,0,0,0,,,
1991,ok,197,7,4,4,2.034985557,0.169225945,0.368911933,0.553311821,0.309406633,0.604899435,17,3,51,2,1,1,1,1,1,3.397722039,7.118840383,0.473583873,0.108262712,0,17,3,51,2,1,1,1,1,1,1.367488837,33.5877914,1.11010497,1.454661017,42,17,3,51,2,1,1,1,1,1,1.234800869,0.236842979,0.004014288,0.822033898,48,0,2,0,0,0,0,0,0,0,0,0,0,,,22,2,44,1,1,1,1,1,0,1.224627029,0.200862305,0.002723557,0.445762712,25,0,1,0,0,0,0,0,0,0,0,0,0,,,
3,ok,197,6,4,4,1.104520634,0.387136664,0.661038136,0.941795737,0.413400884,0.305708638,12,3,36,2,1,1,0,1,1,3.754219461,1.380062545,0.091809246,0.108262712,0,17,3,51,2,1,1,1,1,1,1.402423285,0.078448547,0.002592791,1.223305085,35,22,3,66,1,1,1,1,1,0,0.958848503,0.024698023,0.000418611,0.347457627,20,0,2,0,0,0,0,0,0,0,0,0,0,,,22,2,44,1,1,1,1,1,0,0.936789837,0.00614125,8.33E-05,0.527118644,31,0,1,0,0,0,0,0,0,0,0,0,0,,,
2,ok,197,6,4,4,1.870827425,0.111799549,0.219180606,1.554260116,0.880029037,0.200384046,12,3,36,2,1,1,0,1,1,2.845518286,0.003926882,0.000261237,0.108262712,0,17,3,51,2,1,1,1,1,1,1.157644876,0.062394177,0.00206218,1.058050847,30,22,3,66,1,1,1,1,1,0,0.205472829,0.000761599,1.29E-05,0.110169492,6,0,2,0,0,0,0,0,0,0,0,0,0,,,22,2,44,1,1,1,1,1,0,0.264810806,0.002255946,3.06E-05,0.310169492,15,0,1,0,0,0,0,0,0,0,0,0,0,,,
11,ok,197,6,4,4,1.464359721,0.322994297,0.09258853,0.726655208,0.289005743,0.439240442,17,3,51,1,1,1,0,1,0,0.534022797,0.004668449,0.000310571,0.241313559,2,12,3,36,3,1,1,1,1,2,1.387260954,42.90170116,1.417937581,0.89279661,25,22,3,66,1,1,1,1,1,0,0.231540299,0.001232898,2.09E-05,0.618644068,36,0,2,0,0,0,0,0,0,0,0,0,0,,,22,2,44,1,1,1,1,1,0,0.229059583,0.00079116,1.07E-05,0.445762712,25,0,1,0,0,0,0,0,0,0,0,0,0,,,
193,ok,197,6,4,4,1.436357974,0.233253332,0.209716726,0.608569755,0.161740748,0.544957172,17,3,51,1,1,1,0,1,0,1.034275113,0.053056017,0.003529574,0.174788136,1,12,3,36,3,1,1,1,1,2,1.387012738,34.68665868,1.146423465,0.76059322,21,22,3,66,1,1,1,1,1,0,0.564971926,0.007415522,0.000125687,0.63559322,37,0,2,0,0,0,0,0,0,0,0,0,0,,,22,2,44,1,1,1,1,1,0,0.585130468,0.010610879,0.000143876,0.201694915,7,0,1,0,0,0,0,0,0,0,0,0,0,,,
375,ok,197,6,4,4,2.41213306,0.142982004,0.495929681,0.698501614,0.512436251,0.190891691,17,3,51,1,1,1,0,1,0,2.268523306,0.197950036,0.01316871,0.174788136,1,17,3,51,2,1,1,1,1,1,1.29120885,25.64982968,0.847748608,0.727542373,20,17,3,51,2,1,1,1,1,1,1.196651012,0.229151712,0.003883927,0.415254237,24,0,2,0,0,0,0,0,0,0,0,0,0,,,22,2,44,1,1,1,1,1,0,1.046094086,0.020545492,0.000278583,0.350847458,18,0,1,0,0,0,0,0,0,0,0,0,0,,,
402,ok,197,6,4,4,1.912878658,0.0755118,1.14748731,0.701620992,0.636571891,0.651792004,12,3,36,2,1,1,0,1,1,1.48081264,13.06781374,0.869341846,3.966737288,58,17,3,51,2,1,1,1,1,1,1.092348632,0.266983461,0.00882403,0.198728814,4,22,3,66,1,1,1,1,1,0,1.054398178,0.240976901,0.004084354,0.161016949,9,0,2,0,0,0,0,0,0,0,0,0,0,,,22,2,44,1,1,1,1,1,0,1.037667493,1.019861284,0.013828628,0.43220339,24,0,1,0,0,0,0,0,0,0,0,0,0,,,
464,ok,197,6,4,4,2.146010241,0.578223106,0.291039668,2.176639256,0.76548328,0.495036349,17,3,51,2,1,1,1,1,1,3.610034307,0.163448125,0.010873456,0.108262712,0,12,3,36,2,1,1,0,1,1,1.349696067,0.417917352,0.013812523,1.917372881,56,22,3,66,1,1,1,1,1,0,0.264520112,0.001522427,2.58E-05,0.43220339,25,0,2,0,0,0,0,0,0,0,0,0,0,,,22,2,44,1,1,1,1,1,0,0.300127422,0.001425226,1.93E-05,0.56779661,34,0,1,0,0,0,0,0,0,0,0,0,0,,,
485,ok,197,6,4,4,1.572175346,0.439090148,0.465776767,0.675990575,0.113065915,0.595968386,17,3,51,1,1,1,0,1,0,1.205000325,0.056170172,0.003736744,0.241313559,2,12,3,36,3,1,1,1,1,2,1.483156654,42.02335461,1.388907483,1.025,29,22,3,66,1,1,1,1,1,0,0.943184083,0.013157663,0.000223011,0.822033898,48,0,2,0,0,0,0,0,0,0,0,0,0,,,22,2,44,1,1,1,1,1,0,0.987345802,0.022719812,0.000308065,0.215254237,8,0,1,0,0,0,0,0,0,0,0,0,0,,,
496,ok,197,6,4,4,2.488947317,0.475931593,0.196699697,0.649558359,0.321006685,0.594349575,17,3,51,1,1,1,0,1,0,0.61359131,0.012426014,0.000826646,0.440889831,5,12,3,36,3,1,1,1,1,2,1.376237459,42.79505147,1.414412718,0.793644068,22,22,3,66,1,1,1,1,1,0,0.506474159,0.006749915,0.000114405,0.669491525,39,0,2,0,0,0,0,0,0,0,0,0,0,,,22,2,44,1,1,1,1,1,0,0.513042577,0.00714019,9.68E-05,0.377966102,20,0,1,0,0,0,0,0,0,0,0,0,0,,,
513,ok,197,6,4,4,2.465370465,0.138086768,0.759026082,1.454362304,0.40879348,0.117225543,17,3,51,1,1,1,0,1,0,3.214596208,0.318963547,0.021219185,0.108262712,0,17,3,51,2,1,1,1,1,1,1.507853379,0.016334872,0.000539881,1.652966102,48,17,3,51,2,1,1,1,1,1,1.250650123,0.647358064,0.010972171,0.63559322,37,0,2,0,0,0,0,0,0,0,0,0,0,,,22,2,44,1,1,1,1,1,0,0.753981779,0.005044871,6.84E-05,0.63559322,39,0,1,0,0,0,0,0,0,0,0,0,0,,,
511,ok,197,6,4,4,1.204813065,0.219564199,1.199381807,2.326790279,0.585524428,0.801415286,12,3,36,2,1,1,0,1,1,2.092416526,15.42816777,1.026365398,0.307838983,3,22,3,66,1,1,1,1,1,0,1.276586939,0.511946699,0.016920272,0.958898305,27,17,3,51,2,1,1,1,1,1,1.279646167,0.824143515,0.013968534,0.618644068,36,0,2,0,0,0,0,0,0,0,0,0,0,,,22,2,44,1,1,1,1,1,0,1.311126763,0.945504968,0.012820406,0.405084746,22,0,1,0,0,0,0,0,0,0,0,0,0,,,
548,ok,197,6,4,4,1.059433143,0.089567332,1.867677627,1.4604372,0.797454414,0.707384128,17,3,51,2,1,1,1,1,1,1.423721543,2.331015615,0.155071802,2.370127119,34,17,3,51,2,1,1,1,1,1,1.149099571,0.012362033,0.000408576,0.363983051,9,17,3,51,1,1,1,0,1,0,1.238432503,0.021851382,0.000370362,0.059322034,3,0,2,0,0,0,0,0,0,0,0,0,0,,,22,2,44,1,1,1,1,1,0,1.058232727,0.15788242,0.002140779,0.391525424,21,0,1,0,0,0,0,0,0,0,0,0,0,,,
604,ok,197,6,4,4,1.077406288,0.346040729,0.346633997,0.762536592,0.16356836,0.396358554,17,3,51,1,1,1,0,1,0,1.127261821,0.040462486,0.002691784,0.174788136,1,12,3,36,3,1,1,1,1,2,1.557862557,38.26948304,1.264838846,0.991949153,28,22,3,66,1,1,1,1,1,0,0.707303944,0.00883801,0.000149797,0.703389831,41,0,2,0,0,0,0,0,0,0,0,0,0,,,22,2,44,1,1,1,1,1,0,0.679220584,0.005524082,7.49E-05,0.418644068,23,0,1,0,0,0,0,0,0,0,0,0,0,,,
925,ok,197,6,4,4,1.24886095,3.866351819,0.895734032,0.975716677,0.135770406,0.834369668,17,3,51,2,1,1,1,1,1,1.841288391,3.282781671,0.218388442,0.174788136,1,17,3,51,2,1,1,1,1,1,1.504083301,0.03954414,0.001306967,1.785169492,52,17,3,51,1,1,1,0,1,0,0.995411586,0.000792019,1.34E-05,0.940677966,55,0,2,0,0,0,0,0,0,0,0,0,0,,,22,2,44,1,1,1,1,1,0,1.021676518,0.001117812,1.52E-05,0.283050847,13,0,1,0,0,0,0,0,0,0,0,0,0,,,
982,ok,197,6,4,4,2.22995608,0.390567116,0.254306596,0.523904148,0.263975132,0.438266478,17,3,51,1,1,1,0,1,0,1.133094291,0.066961407,0.004454636,0.241313559,2,12,3,36,3,1,1,1,1,2,1.475997269,26.84215165,0.887155859,0.562288136,15,22,3,66,1,1,1,1,1,0,0.738593624,0.013586619,0.000230282,0.601694915,35,0,2,0,0,0,0,0,0,0,0,0,0,,,22,2,44,1,1,1,1,1,0,0.735055849,0.009624927,0.000130507,0.418644068,23,0,1,0,0,0,0,0,0,0,0,0,0,,,
1455,ok,197,6,4,4,1.870157452,0.412796555,0.130047147,0.759219526,0.246001238,0.466909473,17,3,51,1,1,1,0,1,0,0.577527678,0.010165163,0.000676242,0.241313559,2,12,3,36,3,1,1,1,1,2,1.428170496,50.0019014,1.652605216,1.025,29,22,3,66,1,1,1,1,1,0,0.323221623,0.002247831,3.81E-05,0.805084746,47,0,2,0,0,0,0,0,0,0,0,0,0,,,22,2,44,1,1,1,1,1,0,0.299041586,0.001302448,1.77E-05,0.513559322,30,0,1,0,0,0,0,0,0,0,0,0,0,,,
1672,ok,197,6,4,4,2.127194546,0.374644454,0.081580076,0.545152247,0.381747561,0.422617131,17,3,51,1,1,1,0,1,0,0.486341776,0.004234852,0.000281725,0.307838983,3,12,3,36,3,1,1,1,1,2,1.362676431,27.64041801,0.913539239,0.661440678,18,22,3,66,1,1,1,1,1,0,0.252216861,0.001482507,2.51E-05,0.550847458,32,0,2,0,0,0,0,0,0,0,0,0,0,,,22,2,44,1,1,1,1,1,0,0.252270698,0.000748904,1.02E-05,0.540677966,32,0,1,0,0,0,0,0,0,0,0,0,0,,,
394,ok,197,5,4,4,1.60172671,0.372129055,0.134323095,2.061208917,0.363032382,0.531227255,17,3,51,1,1,1,0,1,0,0.312820525,0.001790574,0.000119119,0.374364407,4,12,3,36,2,1,1,0,1,1,1.38935884,0.629165646,0.020794458,1.983474576,58,22,3,66,1,1,1,1,1,0,0.157971026,0.000854313,1.45E-05,0.550847458,32,0,2,0,0,0,0,0,0,0,0,0,0,,,22,2,44,1,1,1,1,1,0,0.17188057,0.00081684,1.11E-05,0.377966102,20,0,1,0,0,0,0,0,0,0,0,0,0,,,
410,ok,197,5,4,4,2.055157869,0.702533165,0.40662985,1.264680849,0.1645269,0.68885179,17,3,51,1,1,1,0,1,0,0.678346046,0.017325544,0.001152589,0.374364407,4,17,3,51,2,1,1,1,1,1,1.469879953,0.34468674,0.011392189,1.818220339,53,17,3,51,1,1,1,0,1,0,0.589543881,0.005172838,8.77E-05,0.957627119,56,0,2,0,0,0,0,0,0,0,0,0,0,,,22,2,44,1,1,1,1,1,0,0.579252629,0.008367961,0.000113464,0.323728814,16,0,1,0,0,0,0,0,0,0,0,0,0,,,
1188,ok,197,5,4,4,1.659451698,0.150906684,0.167270888,1.696620166,0.247593035,0.317826285,17,3,51,1,1,1,0,1,0,0.711556838,0.008370575,0.000556856,0.174788136,1,12,3,36,2,1,1,0,1,1,1.374304032,0.308095239,0.010182809,1.818220339,53,22,3,66,1,1,1,1,1,0,0.193496926,0.002478687,4.20E-05,0.330508475,19,0,2,0,0,0,0,0,0,0,0,0,0,,,22,2,44,1,1,1,1,1,0,0.212596361,0.001834499,2.49E-05,0.255932203,11,0,1,0,0,0,0,0,0,0,0,0,0,,,
1833,ok,197,5,4,4,1.566637546,0.076559146,0.162279661,1.168377262,0.500288527,0.442668726,17,3,51,1,1,1,0,1,0,0.460948625,0.003852808,0.00025631,0.374364407,4,17,3,51,2,1,1,1,1,1,1.168689547,0.194381645,0.006424478,0.496186441,13,17,3,51,1,1,1,0,1,0,0.214335119,0.002726021,4.62E-05,0.093220339,5,0,2,0,0,0,0,0,0,0,0,0,0,,,22,2,44,1,1,1,1,1,0,0.639163146,0.148588583,0.00201476,0.744067797,47,0,1,0,0,0,0,0,0,0,0,0,0,,,
1924,ok,197,5,4,4,1.835532785,0.116297534,0.500944699,0.693421265,0.253410041,0.171727662,17,3,51,1,1,1,0,1,0,2.78305964,0.280343397,0.018649963,0.108262712,0,17,3,51,1,1,1,0,1,0,1.287601994,26.47933163,0.875164351,1.818220339,53,17,3,51,2,1,1,1,1,1,1.25274443,0.27031866,0.004581672,0.601694915,35,0,2,0,0,0,0,0,0,0,0,0,0,,,22,2,44,1,1,1,1,1,0,1.071043896,0.017700326,0.000240004,0.337288136,17,0,1,0,0,0,0,0,0,0,0,0,0,,,
182,ok,196,6,4,4,2.176678255,0.178928578,0.098659711,1.060744842,0.839690223,0.652295505,17,3,51,2,1,1,1,1,1,3.183487202,0.040363857,0.002685223,0.108262712,0,17,3,51,2,1,1,1,1,1,1.143332144,0.177378191,0.0058625,0.430084746,11,20,3,60,1,1,1,1,0,0,0.133152005,0.000365695,6.20E-06,0.161016949,9,0,2,0,0,0,0,0,0,0,0,0,0,,,17,2,34,1,1,1,0,1,0,0.218442554,0.002840205,3.85E-05,0.133898305,2,0,1,0,0,0,0,0,0,0,0,0,0,,,
1537,ok,196,6,4,4,2.195397774,0.207488776,0.086520448,0.585122404,0.866151523,0.808819793,17,3,51,2,1,1,1,1,1,3.258962242,0.071610383,0.004763911,0.108262712,0,17,3,51,2,1,1,1,1,1,1.109799151,33.72935794,1.114783864,0.231779661,5,20,3,60,1,1,1,1,0,0,0.202515108,0.000405875,6.88E-06,0.194915254,11,0,2,0,0,0,0,0,0,0,0,0,0,,,17,2,34,1,1,1,0,1,0,0.305892871,0.005087399,6.90E-05,0.133898305,2,0,1,0,0,0,0,0,0,0,0,0,0,,,
1871,ok,196,6,4,4,1.758314469,0.19959302,0.089810521,1.54932811,0.825099872,0.769547246,17,3,51,2,1,1,1,1,1,3.196953866,0.025557531,0.001700226,0.108262712,0,17,3,51,2,1,1,1,1,1,1.186580598,0.222804313,0.007363871,0.562288136,15,20,3,60,1,1,1,1,0,0,0.090461526,0.000184373,3.12E-06,0.194915254,11,0,2,0,0,0,0,0,0,0,0,0,0,,,17,2,34,1,1,1,0,1,0,0.172808398,0.001697989,2.30E-05,0.133898305,2,0,1,0,0,0,0,0,0,0,0,0,0,,,
1550,ok,196,5,4,4,2.140188265,0.222894421,0.050115821,1.026730732,0.137156544,0.694721184,17,3,51,1,1,1,0,1,0,0.414716984,0.003291252,0.000218952,0.174788136,1,17,3,51,2,1,1,1,1,1,1.410250933,0.385070205,0.012726897,1.124152542,32,20,3,60,1,1,1,1,0,0,0.11454759,0.000332794,5.64E-06,0.872881356,51,0,2,0,0,0,0,0,0,0,0,0,0,,,17,2,34,1,1,1,0,1,0,0.127316949,0.000808872,1.10E-05,0.174576271,5,0,1,0,0,0,0,0,0,0,0,0,0,,,
703,ok,194,10,5,5,1.06931788,0.450818085,0.910487061,0.734728797,0.499856447,0.35996916,17,3,51,2,1,1,1,1,1,1.515689635,0.098942385,0.006582184,0.440889831,5,12,3,36,3,1,1,1,1,2,1.375635531,34.19406726,1.130142901,0.89279661,25,17,3,51,2,1,1,1,1,1,1.452407915,0.034595936,0.000586372,0.296610169,17,0,2,0,0,0,0,0,0,0,0,0,0,,,17,2,34,2,1,1,1,1,1,1.485712919,0.032679234,0.000443108,0.296610169,14,22,1,22,1,1,1,1,1,0,1.468946423,0.084233198,0.002855363,0.754237288,7,
741,ok,194,10,5,5,2.252172602,0.228603349,0.580066357,0.603331081,0.7913194,0.448419422,12,3,36,3,1,1,1,1,2,2.425637016,4.687618675,0.311845819,0.108262712,0,17,3,51,2,1,1,1,1,1,1.360551322,29.3200286,0.969051793,1.586864407,46,17,3,51,2,1,1,1,1,1,1.232018702,0.055458185,0.000939969,0.161016949,9,0,2,0,0,0,0,0,0,0,0,0,0,,,17,2,34,2,1,1,1,1,1,1.3403076,0.151128998,0.002049207,0.147457627,3,22,1,22,1,1,1,1,1,0,1.687652239,0.154864375,0.00524964,0.855932203,10,
995,ok,194,10,5,5,2.433916264,0.180493524,0.753400821,0.727677314,0.695479428,0.395862188,12,3,36,3,1,1,1,1,2,2.982583512,6.911028538,0.459759102,0.108262712,0,17,3,51,2,1,1,1,1,1,1.396395929,37.78558035,1.248845452,1.917372881,56,17,3,51,2,1,1,1,1,1,1.374331363,0.046208695,0.000783198,0.127118644,7,0,2,0,0,0,0,0,0,0,0,0,0,,,17,2,34,2,1,1,1,1,1,1.374609787,0.182591041,0.002475811,0.106779661,0,22,1,22,1,1,1,1,1,0,1.84787551,0.165071842,0.005595656,1.127118644,18,
1746,ok,194,10,5,5,2.027928916,0.253780977,0.595711039,0.656815382,0.831587856,0.407469629,12,3,36,3,1,1,1,1,2,2.312940472,3.029572546,0.201543597,0.108262712,0,17,3,51,2,1,1,1,1,1,1.363890989,29.73208775,0.982670697,1.719067797,50,17,3,51,2,1,1,1,1,1,1.202006032,0.072500571,0.001228823,0.296610169,17,0,2,0,0,0,0,0,0,0,0,0,0,,,17,2,34,2,1,1,1,1,1,1.283832751,0.105210786,0.001426587,0.56779661,34,22,1,22,1,1,1,1,1,0,1.445911579,0.126980656,0.004304429,0.788135593,8,
8,ok,194,9,5,5,2.269814891,1.253820813,1.284341491,1.17215382,0.595998728,0.529809466,12,3,36,3,1,1,1,1,2,1.568531363,20.19960754,1.343787451,0.108262712,0,17,3,51,2,1,1,1,1,1,1.436754776,0.184574753,0.006100352,1.553813559,45,17,3,51,2,1,1,1,1,1,1.405238467,0.332266155,0.00563163,0.822033898,48,0,2,0,0,0,0,0,0,0,0,0,0,,,17,2,34,1,1,1,0,1,0,1.187367454,0.009704434,0.000131586,0.174576271,5,22,1,22,1,1,1,1,1,0,1.269013891,0.167756154,0.005686649,0.957627119,13,
884,ok,194,9,5,5,1.398854422,0.108330994,0.801608109,1.816633321,0.746393774,0.334016852,17,3,51,2,1,1,1,1,1,3.613510456,0.503953694,0.033525733,0.108262712,0,17,3,51,2,1,1,1,1,1,1.184564778,0.139122333,0.004598111,0.89279661,25,12,3,36,3,1,1,1,1,2,1.183764563,0.254046152,0.004305867,0.381355932,22,0,2,0,0,0,0,0,0,0,0,0,0,,,17,2,34,1,1,1,0,1,0,1.118493535,0.081776539,0.001108834,0.866101695,56,22,1,22,1,1,1,1,1,0,1.0443865,0.076444446,0.002591337,1.56779661,31,
1165,ok,194,9,5,5,1.339561365,0.209711707,1.072995758,1.099471556,0.503346382,0.251505408,12,3,36,2,1,1,0,1,1,2.388851468,0.94158796,0.062639538,0.174788136,1,17,3,51,2,1,1,1,1,1,1.312339082,0.121447474,0.004013942,1.190254237,34,17,3,51,2,1,1,1,1,1,1.288649575,0.209019611,0.003542705,0.313559322,18,0,2,0,0,0,0,0,0,0,0,0,0,,,17,2,34,2,1,1,1,1,1,1.300957827,0.069989599,0.000949012,0.242372881,10,22,1,22,1,1,1,1,1,0,1.239939973,0.118504939,0.004017117,0.991525424,14,
1653,ok,194,9,5,5,2.429303634,0.194692404,0.816307074,0.74990096,0.474367606,0.27829764,12,3,36,2,1,1,0,1,1,1.851286671,0.328918968,0.021881474,0.241313559,2,17,3,51,2,1,1,1,1,1,1.348431775,35.81755179,1.183800441,1.950423729,57,17,3,51,2,1,1,1,1,1,1.467951546,0.093291702,0.001581215,0.177966102,10,0,2,0,0,0,0,0,0,0,0,0,0,,,17,2,34,2,1,1,1,1,1,1.482997262,0.092994074,0.001260937,0.215254237,8,22,1,22,1,1,1,1,1,0,1.422091843,0.175173595,0.005938088,0.788135593,8,
17,ok,193,6,4,4,2.304352517,0.178405446,0.171620996,0.746688,0.578027568,0.172369099,17,3,51,1,1,1,0,1,0,1.413847516,0.017072341,0.001135745,0.174788136,1,12,3,36,3,1,1,1,1,2,1.323537466,26.67659906,0.881684206,0.826694915,23,22,3,66,1,1,1,1,1,0,0.357444129,0.004908363,8.32E-05,0.194915254,11,0,2,0,0,0,0,0,0,0,0,0,0,,,20,2,40,1,1,1,1,0,0,0.349958502,0.000622752,8.44E-06,0.676271186,42,0,1,0,0,0,0,0,0,0,0,0,0,,,
91,ok,193,6,4,4,2.161507057,0.164024768,0.061500591,0.632621611,0.185385188,0.28242998,17,3,51,1,1,1,0,1,0,1.265674317,0.010457083,0.000695662,0.108262712,0,12,3,36,3,1,1,1,1,2,1.542673517,31.238499,1.032458865,0.727542373,20,22,3,66,1,1,1,1,1,0,0.174683372,0.00101545,1.72E-05,0.5,29,0,2,0,0,0,0,0,0,0,0,0,0,,,20,2,40,1,1,1,1,0,0,0.180959427,0.000631749,8.57E-06,0.350847458,18,0,1,0,0,0,0,0,0,0,0,0,0,,,
789,ok,193,6,4,4,1.753510812,0.204882932,0.066959191,0.509538308,0.442926484,0.237731652,17,3,51,1,1,1,0,1,0,1.05870428,0.005158641,0.000343181,0.174788136,1,12,3,36,3,1,1,1,1,2,1.354110415,18.89047625,0.624346249,0.562288136,15,22,3,66,1,1,1,1,1,0,0.203549702,0.001097425,1.86E-05,0.279661017,16,0,2,0,0,0,0,0,0,0,0,0,0,,,20,2,40,1,1,1,1,0,0,0.213056929,0.00028299,3.84E-06,0.56779661,34,0,1,0,0,0,0,0,0,0,0,0,0,,,
1452,ok,193,6,4,4,1.327638386,0.200194697,0.129866653,0.660319934,0.530567191,0.21706615,17,3,51,1,1,1,0,1,0,1.304280379,0.009143631,0.000608284,0.174788136,1,12,3,36,3,1,1,1,1,2,1.307207629,23.8503998,0.788275926,0.727542373,20,22,3,66,1,1,1,1,1,0,0.297715045,0.002277081,3.86E-05,0.245762712,14,0,2,0,0,0,0,0,0,0,0,0,0,,,20,2,40,1,1,1,1,0,0,0.296839234,0.000373522,5.06E-06,0.63559322,39,0,1,0,0,0,0,0,0,0,0,0,0,,,
348,ok,193,5,4,4,1.668068829,0.72017393,0.142457722,1.591198617,0.365835518,0.657334418,17,3,51,1,1,1,0,1,0,0.324454065,0.002589861,0.000172292,0.440889831,5,17,3,51,2,1,1,1,1,1,1.420798867,0.514192635,0.016994502,1.818220339,53,17,3,51,1,1,1,0,1,0,0.232309248,0.000842331,1.43E-05,0.940677966,55,0,2,0,0,0,0,0,0,0,0,0,0,,,20,2,40,1,1,1,1,0,0,0.206177352,0.000337664,4.58E-06,0.63559322,39,0,1,0,0,0,0,0,0,0,0,0,0,,,
917,ok,193,5,4,4,1.666749376,0.087684435,1.921858534,1.037575387,0.613381561,0.112669445,0,3,0,0,0,0,0,0,0,0,0,0,,,22,3,66,1,1,1,1,1,0,1.257293189,0.041953521,0.001386599,1.025,29,22,3,66,1,1,1,1,1,0,1.064220496,0.102328154,0.001734375,0.228813559,13,0,2,0,0,0,0,0,0,0,0,0,0,,,22,2,44,1,1,1,1,1,0,1.073653771,0.558902436,0.007578338,0.716949153,45,17,1,17,2,1,1,1,1,1,2.279313546,14.46695959,0.49040541,1.940677966,42,
624,ok,193,4,4,4,2.218169701,0.081529844,1.682795455,1.054191191,0.26847203,0.545579714,22,3,66,1,1,1,1,1,0,1.503937565,0.022635881,0.001505862,1.305720339,18,22,3,66,1,1,1,1,1,0,1.184761845,0.346847517,0.011463604,0.628389831,17,0,3,0,0,0,0,0,0,0,0,0,0,,,0,2,0,0,0,0,0,0,0,0,0,0,,,22,2,44,1,1,1,1,1,0,1.050527363,2.186149303,0.029642702,0.418644068,23,17,1,17,1,1,1,0,1,0,0.972970628,26.6878384,0.904672488,0.652542373,4,
1310,ok,193,4,4,4,1.761529409,0.093894414,1.354854311,0.813090086,0.284763518,0.919740189,22,3,66,1,1,1,1,1,0,1.495397847,0.004530796,0.000301413,3.301483051,48,22,3,66,1,1,1,1,1,0,1.198649547,0.220544995,0.007289199,0.330932203,8,0,3,0,0,0,0,0,0,0,0,0,0,,,0,2,0,0,0,0,0,0,0,0,0,0,,,22,2,44,1,1,1,1,1,0,1.034140538,0.967079324,0.01311294,0.418644068,23,17,1,17,1,1,1,0,1,0,0.972109825,26.25398701,0.889965662,0.516949153,0,
1547,ok,193,4,4,4,1.517136807,0.076217747,1.778043624,1.211548038,0.120051933,0.89554027,22,3,66,1,1,1,1,1,0,1.485353238,0.155173985,0.010323015,0.773516949,10,22,3,66,1,1,1,1,1,0,1.268653863,0.518181913,0.017126351,0.727542373,20,0,3,0,0,0,0,0,0,0,0,0,0,,,0,2,0,0,0,0,0,0,0,0,0,0,,,22,2,44,1,1,1,1,1,0,1.043736405,0.988472745,0.01340302,0.296610169,14,17,1,17,1,1,1,0,1,0,0.956860012,29.38521551,0.996109,0.686440678,5,
1410,ok,192,9,5,5,1.683106792,2.633677132,0.840674041,0.572317139,0.120506325,0.946146932,17,3,51,2,1,1,1,1,1,1.488526844,0.082323344,0.005476595,0.640466102,8,12,3,36,3,1,1,1,1,2,1.502386163,29.45489035,0.973509088,1.025,29,17,3,51,1,1,1,0,1,0,1.363016507,0.003285651,5.57E-05,0.923728814,54,0,2,0,0,0,0,0,0,0,0,0,0,,,17,2,34,2,1,1,1,1,1,1.458926315,0.045119855,0.000611795,0.5,29,20,1,20,1,1,1,1,0,0,1.34514671,9.66E-05,3.27E-06,0.923728814,12,
500,ok,192,6,4,4,1.868146846,0.091041481,0.086223637,0.58579847,0.594173991,0.46458399,17,3,51,1,1,1,0,1,0,0.406110488,0.001791034,0.000119149,0.440889831,5,17,3,51,2,1,1,1,1,1,1.082847889,0.178826489,0.005910367,0.264830508,6,22,3,66,1,1,1,1,1,0,0.231507761,0.001593162,2.70E-05,0.110169492,6,0,2,0,0,0,0,0,0,0,0,0,0,,,12,2,24,2,1,1,0,1,1,0.576172922,0.026545147,0.000359934,0.893220339,58,0,1,0,0,0,0,0,0,0,0,0,0,,,
1481,ok,192,5,4,4,1.367510817,0.415393337,0.078769233,0.860097052,0.64431814,0.390867029,17,3,51,1,1,1,0,1,0,0.391701666,0.000716397,4.77E-05,0.374364407,4,17,3,51,2,1,1,1,1,1,1.294681373,0.124776123,0.004123957,0.925847458,26,20,3,60,1,1,1,1,0,0,0.149211594,0.000361028,6.12E-06,0.43220339,25,0,2,0,0,0,0,0,0,0,0,0,0,,,15,2,30,1,1,1,0,0,0,0.148964476,1.42E-05,1.93E-07,0.838983051,54,0,1,0,0,0,0,0,0,0,0,0,0,,,
664,ok,192,5,4,3,1.831804917,0.24443805,0.06428429,2.286885605,0.890170785,0.869139958,17,3,51,2,1,1,1,1,1,2.720603418,0.005827364,0.000387668,0.108262712,0,22,3,66,1,1,1,1,1,0,1.229682013,0.199178339,0.006583013,0.727542373,20,15,3,45,1,1,0,1,0,0,0.047727612,3.03E-05,5.14E-07,0.228813559,13,0,2,0,0,0,0,0,0,0,0,0,0,,,15,2,30,1,1,1,0,0,0,0.116474155,0.000650073,8.81E-06,0.147457627,3,0,1,0,0,0,0,0,0,0,0,0,0,,,
143,ok,192,3,3,3,1.121624876,0.121814698,0.103119733,1.926711985,0.480943376,0.742716258,22,3,66,1,1,1,1,1,0,0.208062645,0.0003287,2.19E-05,0.640466102,8,22,3,66,1,1,1,1,1,0,1.222121045,0.356154409,0.011771205,0.694491525,19,20,3,60,1,1,1,1,0,0,0.08992478,0.000526973,8.93E-06,0.161016949,9,0,2,0,0,0,0,0,0,0,0,0,0,,,0,2,0,0,0,0,0,0,0,0,0,0,,,0,1,0,0,0,0,0,0,0,0,0,0,,,
1778,ok,192,3,3,3,1.752961131,0.125964592,0.053119119,1.471151386,0.402793937,0.719059875,22,3,66,1,1,1,1,1,0,0.179291403,0.00036024,2.40E-05,0.507415254,6,22,3,66,1,1,1,1,1,0,1.222189233,0.379472514,0.012541888,0.661440678,18,20,3,60,1,1,1,1,0,0,0.063597099,0.000291593,4.94E-06,0.194915254,11,0,2,0,0,0,0,0,0,0,0,0,0,,,0,2,0,0,0,0,0,0,0,0,0,0,,,0,1,0,0,0,0,0,0,0,0,0,0,,,
869,ok,191,7,4,4,1.161985081,1.323856631,0.240102129,0.891532399,0.827823609,0.967980073,12,3,36,3,1,1,1,1,2,2.965847861,0.520169628,0.034604505,0.108262712,0,17,3,51,2,1,1,1,1,1,1.313291682,0.156670663,0.005178098,0.859745763,24,20,3,60,1,1,1,1,0,0,0.426120334,0.000385602,6.54E-06,0.855932203,50,0,2,0,0,0,0,0,0,0,0,0,0,,,22,2,44,1,1,1,1,1,0,0.473268444,0.000925887,1.26E-05,0.581355932,35,0,1,0,0,0,0,0,0,0,0,0,0,,,
1316,ok,191,5,4,4,1.627515247,0.077943767,0.082417178,1.710139625,0.601479536,0.463408231,17,3,51,1,1,1,0,1,0,0.265724123,0.00045948,3.06E-05,0.440889831,5,17,3,51,2,1,1,1,1,1,1.172364852,0.243459421,0.00804654,0.595338983,16,15,3,45,1,1,1,0,0,0,0.079323742,0.000446156,7.56E-06,0.093220339,5,0,2,0,0,0,0,0,0,0,0,0,0,,,22,2,44,1,1,1,1,1,0,0.245998661,0.024589565,0.000333418,0.771186441,49,0,1,0,0,0,0,0,0,0,0,0,0,,,
107,ok,190,6,4,4,1.381159267,0.237953689,1.84621519,1.463664046,0.534618601,0.854083455,17,3,51,2,1,1,1,1,1,1.446710051,2.152941769,0.143225363,2.0375,29,22,3,66,1,1,1,1,1,0,1.240004226,0.457806307,0.015130886,0.727542373,20,17,3,51,2,1,1,1,1,1,1.455718944,0.03542703,0.000600458,0.144067797,8,0,2,0,0,0,0,0,0,0,0,0,0,,,0,2,0,0,0,0,0,0,0,0,0,0,,,22,1,22,1,1,1,1,1,0,0.881148298,27.2942993,0.925230485,0.720338983,6,
278,ok,190,6,4,4,1.519114913,0.103663257,0.250587607,1.264285485,0.666482681,0.69610767,17,3,51,2,1,1,1,1,1,4.455445179,0.414477002,0.027573258,0.108262712,0,17,3,51,2,1,1,1,1,1,1.15609778,0.191418824,0.006326554,0.363983051,9,22,3,66,1,1,1,1,1,0,0.301048941,0.003751268,6.36E-05,0.110169492,6,0,2,0,0,0,0,0,0,0,0,0,0,,,0,2,0,0,0,0,0,0,0,0,0,0,,,22,1,22,1,1,1,1,1,0,0.758695137,0.13295995,0.004507117,0.788135593,8,
839,ok,190,6,4,4,2.382426898,1.937062866,1.204709099,1.248862135,0.516946147,0.817068568,17,3,51,2,1,1,1,1,1,1.433320794,35.74000204,2.37761878,0.773516949,10,17,3,51,2,1,1,1,1,1,1.452500972,0.341208027,0.011277214,1.619915254,47,22,3,66,1,1,1,1,1,0,1.099412661,0.01649405,0.00027956,0.466101695,27,0,2,0,0,0,0,0,0,0,0,0,0,,,0,2,0,0,0,0,0,0,0,0,0,0,,,22,1,22,1,1,1,1,1,0,1.16805469,0.291837361,0.009892792,0.889830508,11,
1029,ok,190,6,4,4,2.308734466,0.137366865,0.210765505,1.14155269,0.888681319,0.899913418,17,3,51,2,1,1,1,1,1,2.895492174,0.29001595,0.019293434,0.108262712,0,17,3,51,2,1,1,1,1,1,1.13063184,0.115335181,0.003811925,0.264830508,6,22,3,66,1,1,1,1,1,0,0.259928339,0.001066524,1.81E-05,0.127118644,7,0,2,0,0,0,0,0,0,0,0,0,0,,,0,2,0,0,0,0,0,0,0,0,0,0,,,22,1,22,1,1,1,1,1,0,0.857030053,0.091152587,0.003089918,0.822033898,9,
1063,ok,190,6,4,4,1.860049432,0.274080143,0.874430624,2.275207867,0.587738105,0.713700887,12,3,36,3,1,1,1,1,2,3.294512369,8.75290237,0.582290539,0.108262712,0,22,3,66,1,1,1,1,1,0,1.291638591,0.733694402,0.024249222,1.190254237,34,22,3,66,1,1,1,1,1,0,0.605904218,0.022470391,0.000380854,0.211864407,12,0,2,0,0,0,0,0,0,0,0,0,0,,,0,2,0,0,0,0,0,0,0,0,0,0,,,22,1,22,1,1,1,1,1,0,0.950642888,0.236080326,0.008002723,1.533898305,30,
1119,ok,190,6,4,4,2.094982363,2.501412973,1.160249772,1.516145775,0.615324406,0.997600661,17,3,51,2,1,1,1,1,1,1.435093649,7.173494762,0.477219779,0.840042373,11,17,3,51,2,1,1,1,1,1,1.439777057,0.481312696,0.015907792,1.785169492,52,22,3,66,1,1,1,1,1,0,0.932420878,0.00756242,0.000128177,0.516949153,30,0,2,0,0,0,0,0,0,0,0,0,0,,,0,2,0,0,0,0,0,0,0,0,0,0,,,22,1,22,1,1,1,1,1,0,1.011254754,0.341557505,0.011578221,0.889830508,11,
1149,ok,190,6,4,4,2.202018611,0.141400517,0.299470435,2.471499079,0.736770237,0.72284121,17,3,51,2,1,1,1,1,1,3.755177887,0.431914713,0.028733309,0.108262712,0,17,3,51,2,1,1,1,1,1,1.207326665,0.392491201,0.012972167,0.727542373,20,22,3,66,1,1,1,1,1,0,0.197663606,0.002702219,4.58E-05,0.127118644,7,0,2,0,0,0,0,0,0,0,0,0,0,,,0,2,0,0,0,0,0,0,0,0,0,0,,,22,1,22,1,1,1,1,1,0,0.461061009,0.177448608,0.006015207,0.822033898,9,
315,ok,190,5,4,4,1.671225523,0.301264538,0.655512154,2.203370632,0.82468406,0.920655702,12,3,36,2,1,1,0,1,1,2.340773991,2.964898209,0.19724111,0.241313559,2,22,3,66,1,1,1,1,1,0,1.259735001,0.383126428,0.012662653,0.826694915,23,22,3,66,1,1,1,1,1,0,0.443397272,0.004347041,7.37E-05,0.211864407,12,0,2,0,0,0,0,0,0,0,0,0,0,,,0,2,0,0,0,0,0,0,0,0,0,0,,,22,1,22,1,1,1,1,1,0,1.009299864,0.120788325,0.004094519,1.669491525,34,
771,ok,190,5,4,4,2.053147917,0.843534065,1.230477615,2.338171446,0.463150555,0.705067486,12,3,36,2,1,1,0,1,1,3.238664295,20.23098897,1.345875114,0.108262712,0,22,3,66,1,1,1,1,1,0,0.359049577,0.001685046,5.57E-05,0.330932203,8,22,3,66,1,1,1,1,1,0,0.771305687,0.020267127,0.000343511,0.36440678,21,0,2,0,0,0,0,0,0,0,0,0,0,,,0,2,0,0,0,0,0,0,0,0,0,0,,,22,1,22,1,1,1,1,1,0,0.844235127,0.305490664,0.010355616,1.093220339,17,
42,ok,190,4,4,4,1.233070458,0.113906003,0.861643044,2.429870919,0.268877609,0.369906811,17,3,51,1,1,1,0,1,0,0.747266253,0.012002036,0.000798441,0.374364407,4,17,3,51,1,1,1,0,1,0,1.339031982,0.472262667,0.015608681,1.917372881,56,22,3,66,1,1,1,1,1,0,0.578484053,0.030105635,0.000510265,0.177966102,10,0,2,0,0,0,0,0,0,0,0,0,0,,,0,2,0,0,0,0,0,0,0,0,0,0,,,22,1,22,1,1,1,1,1,0,0.631153697,0.21427513,0.007263564,0.957627119,13,
50,ok,189,11,5,5,2.443974702,0.27172574,1.808603251,1.641942533,0.589458689,0.259229128,12,3,36,3,1,1,1,1,2,3.283044723,8.071054,0.536930287,0.108262712,0,17,3,51,2,1,1,1,1,1,1.349827631,0.192134885,0.006350221,1.752118644,51,17,3,51,2,1,1,1,1,1,1.423564945,0.225593258,0.003823615,0.144067797,8,0,2,0,0,0,0,0,0,0,0,0,0,,,17,2,34,2,1,1,1,1,1,1.379011406,0.164482801,0.002230275,0.540677966,32,17,1,17,2,1,1,1,1,1,1.417144089,23.90474702,0.810330407,1.703389831,35,
446,ok,189,10,5,5,1.915251234,0.364034836,0.54060786,0.501028541,0.72870801,0.584381726,12,3,36,3,1,1,1,1,2,2.401434931,6.89876227,0.458943083,0.108262712,0,17,3,51,2,1,1,1,1,1,1.342915825,25.78731216,0.852292521,1.322457627,38,17,3,51,2,1,1,1,1,1,1.359258971,0.033522757,0.000568182,0.245762712,14,0,2,0,0,0,0,0,0,0,0,0,0,,,17,2,34,2,1,1,1,1,1,1.409460987,0.125168247,0.001697197,0.147457627,3,17,1,17,1,1,1,0,1,0,1.689581023,0.232077079,0.00786702,0.686440678,5,
1019,ok,189,10,5,5,2.499201068,0.124928226,0.520642145,0.993359373,0.846604467,0.716673243,12,3,36,3,1,1,1,1,2,1.780510917,5.491102144,0.365297897,0.307838983,3,17,3,51,2,1,1,1,1,1,1.124234469,0.19889802,0.006573748,0.297881356,7,12,3,36,3,1,1,1,1,2,1.134399097,0.189143263,0.003205818,0.347457627,20,0,2,0,0,0,0,0,0,0,0,0,0,,,22,2,44,1,1,1,1,1,0,1.239872975,0.510293792,0.006919238,0.350847458,18,22,1,22,1,1,1,1,1,0,2.255768962,0.080466303,0.002727671,2.008474576,44,
1081,ok,189,10,5,5,2.049623339,0.119151625,0.583088712,0.983725511,0.672530638,0.84366276,12,3,36,3,1,1,1,1,2,2.076065353,12.79455585,0.851163249,0.108262712,0,17,3,51,2,1,1,1,1,1,1.136682521,0.303452292,0.010029355,0.297881356,7,17,3,51,2,1,1,1,1,1,1.1604252,0.230352902,0.003904286,0.347457627,20,0,2,0,0,0,0,0,0,0,0,0,0,,,17,2,34,2,1,1,1,1,1,1.235468036,0.766522682,0.010393528,0.228813559,9,17,1,17,1,1,1,0,1,0,2.705904833,0.116317898,0.00394298,2.381355932,55,
1288,ok,189,10,5,5,1.125877582,0.336307687,0.503588025,0.54092668,0.617552144,0.680419416,12,3,36,3,1,1,1,1,2,3.294375658,5.627136148,0.374347617,0.108262712,0,17,3,51,2,1,1,1,1,1,1.38025326,29.29207114,0.968127775,1.421610169,41,17,3,51,2,1,1,1,1,1,1.242739372,0.092863243,0.001573953,0.483050847,28,0,2,0,0,0,0,0,0,0,0,0,0,,,17,2,34,2,1,1,1,1,1,1.301581005,0.148904518,0.002019044,0.405084746,22,17,1,17,1,1,1,0,1,0,1.598615561,0.212024452,0.00718727,0.686440678,5,
1451,ok,189,9,5,5,2.138948544,0.444495533,0.798374245,0.656941436,0.15657778,0.880176724,17,3,51,2,1,1,1,1,1,1.483730223,0.632057876,0.042047918,0.374364407,4,12,3,36,3,1,1,1,1,2,1.421417647,50.58160968,1.671765066,0.826694915,23,17,3,51,2,1,1,1,1,1,1.435058614,0.171285029,0.002903136,0.5,29,0,2,0,0,0,0,0,0,0,0,0,0,,,17,2,34,1,1,1,0,1,0,1.424921178,0.286726891,0.003887822,0.174576271,5,17,1,17,1,1,1,0,1,0,1.404544322,0.622563755,0.021103856,0.618644068,3,
1574,ok,189,9,5,5,1.681420528,0.162808232,0.50290932,0.631624008,0.664656306,0.246036001,12,3,36,2,1,1,0,1,1,4.548143602,0.446104241,0.029677274,0.108262712,0,17,3,51,2,1,1,1,1,1,1.283866871,23.36810465,0.772335662,1.652966102,48,17,3,51,2,1,1,1,1,1,1.178166265,0.132862912,0.002251914,0.313559322,18,0,2,0,0,0,0,0,0,0,0,0,0,,,17,2,34,2,1,1,1,1,1,1.164767483,0.024026982,0.00032579,0.866101695,56,17,1,17,1,1,1,0,1,0,1.120919024,0.109930602,0.003726461,0.550847458,1,
1589,ok,189,9,5,5,1.746563128,0.239283092,1.560029221,1.079624834,0.140841039,0.322371141,12,3,36,2,1,1,0,1,1,1.697824646,0.16094214,0.010706744,0.374364407,4,17,3,51,2,1,1,1,1,1,1.488667252,0.092998766,0.003073688,1.553813559,45,17,3,51,2,1,1,1,1,1,1.521693141,0.018813144,0.000318867,0.296610169,17,0,2,0,0,0,0,0,0,0,0,0,0,,,17,2,34,1,1,1,0,1,0,1.50601554,0.053004054,0.000718699,0.133898305,2,17,1,17,2,1,1,1,1,1,1.546611479,30.03423815,1.018109768,1.093220339,17,
325,ok,187,10,5,5,1.341674961,0.559329756,0.416806276,0.566179698,0.685037143,0.417480172,12,3,36,3,1,1,1,1,2,4.056662912,1.32980935,0.088466131,0.108262712,0,12,3,36,3,1,1,1,1,2,1.316924291,24.57946729,0.812372224,1.487711864,43,17,3,51,2,1,1,1,1,1,1.25405252,0.119012023,0.002017153,0.974576271,57,0,2,0,0,0,0,0,0,0,0,0,0,,,22,2,44,1,1,1,1,1,0,0.964984406,0.004151315,5.63E-05,0.608474576,37,20,1,20,1,1,1,1,0,0,0.919242312,9.51E-06,3.22E-07,2.144067797,48,
1249,ok,187,8,5,5,1.931671546,0.075241432,0.557526178,0.507648535,0.717708714,0.573748182,12,3,36,3,1,1,1,1,2,2.465790277,7.216757149,0.480097827,0.108262712,0,12,3,36,2,1,1,0,1,1,1.05588552,0.043150322,0.001426155,0.165677966,3,17,3,51,1,1,1,0,1,0,1.046024363,0.026456567,0.000448416,0.093220339,5,0,2,0,0,0,0,0,0,0,0,0,0,,,22,2,44,1,1,1,1,1,0,1.036902957,0.943178056,0.012788855,0.56779661,34,20,1,20,1,1,1,1,0,0,3.836258265,5.99E-10,2.03E-11,1.872881356,40,
547,ok,187,8,4,4,2.158802617,1.045958967,0.535261451,0.505553211,0.406471293,0.940862258,17,3,51,2,1,1,1,1,1,1.41737687,0.183642392,0.012216888,0.706991525,9,12,3,36,3,1,1,1,1,2,1.37207611,30.9158942,1.021796503,0.628389831,17,22,3,66,1,1,1,1,1,0,1.300699586,0.027180471,0.000460686,0.618644068,36,0,2,0,0,0,0,0,0,0,0,0,0,,,17,2,34,2,1,1,1,1,1,1.355088026,0.106614451,0.00144562,0.622033898,38,0,1,0,0,0,0,0,0,0,0,0,0,,,
896,ok,187,8,4,4,2.09712121,0.648453626,0.43211721,0.526019933,0.574145651,0.945937217,12,3,36,3,1,1,1,1,2,3.297518415,13.49342118,0.897655562,0.108262712,0,17,3,51,2,1,1,1,1,1,1.381813318,33.9541287,1.122212728,1.388559322,40,22,3,66,1,1,1,1,1,0,1.093246711,0.022482276,0.000381056,0.449152542,26,0,2,0,0,0,0,0,0,0,0,0,0,,,17,2,34,2,1,1,1,1,1,1.289631608,0.132525664,0.001796958,0.676271186,42,0,1,0,0,0,0,0,0,0,0,0,0,,,
1011,ok,187,8,4,4,2.016540484,0.132937289,0.793126982,1.341916122,0.668837982,0.983496244,17,3,51,2,1,1,1,1,1,1.502458463,14.95622104,0.994968942,0.507415254,6,17,3,51,2,1,1,1,1,1,1.169329368,0.364055604,0.012032346,0.363983051,9,17,3,51,2,1,1,1,1,1,1.191816743,0.315696618,0.00535079,0.36440678,21,0,2,0,0,0,0,0,0,0,0,0,0,,,17,2,34,2,1,1,1,1,1,1.319433666,0.978280732,0.013264823,0.174576271,5,0,1,0,0,0,0,0,0,0,0,0,0,,,
1219,ok,187,8,4,4,1.314934951,0.724256534,0.586378758,0.617418065,0.377203446,0.698479362,17,3,51,2,1,1,1,1,1,1.51356459,0.363574133,0.024186923,0.374364407,4,12,3,36,3,1,1,1,1,2,1.391904762,35.66649703,1.178807953,0.76059322,21,22,3,66,1,1,1,1,1,0,1.186309791,0.022744347,0.000385497,0.516949153,30,0,2,0,0,0,0,0,0,0,0,0,0,,,17,2,34,2,1,1,1,1,1,1.290233525,0.048524867,0.000657964,0.784745763,50,0,1,0,0,0,0,0,0,0,0,0,0,,,
201,ok,187,7,4,4,2.449685318,0.193891971,1.197115585,1.115408969,0.752009017,0.964620268,17,3,51,2,1,1,1,1,1,1.406549787,12.82417567,0.85313372,1.837923729,26,17,3,51,2,1,1,1,1,1,1.16315365,0.313026279,0.010345784,0.363983051,9,17,3,51,2,1,1,1,1,1,1.425045122,0.063584133,0.001077697,0.127118644,7,0,2,0,0,0,0,0,0,0,0,0,0,,,17,2,34,1,1,1,0,1,0,1.04904032,0.307983562,0.004176048,0.893220339,58,0,1,0,0,0,0,0,0,0,0,0,0,,,
213,ok,187,7,4,4,1.743182167,0.108678387,0.818919271,2.195722655,0.382335768,0.859505576,12,3,36,2,1,1,0,1,1,5.545048515,28.20741329,1.876510121,0.108262712,0,22,3,66,1,1,1,1,1,0,1.244359479,0.511165003,0.016894437,0.727542373,20,17,3,51,2,1,1,1,1,1,1.255995954,0.963018107,0.016322341,0.754237288,44,0,2,0,0,0,0,0,0,0,0,0,0,,,17,2,34,2,1,1,1,1,1,1.259932798,1.186648212,0.016090145,0.323728814,16,0,1,0,0,0,0,0,0,0,0,0,0,,,
407,ok,187,7,4,4,2.408421438,0.409924559,0.31898883,0.646864589,0.693965905,0.739782156,12,3,36,3,1,1,1,1,2,3.659964183,3.598191357,0.239371205,0.108262712,0,17,3,51,2,1,1,1,1,1,1.436793403,41.71150528,1.378600598,1.686016949,49,22,3,66,1,1,1,1,1,0,0.689412709,0.010585405,0.000179414,0.313559322,18,0,2,0,0,0,0,0,0,0,0,0,0,,,17,2,34,1,1,1,0,1,0,0.778126402,0.022716757,0.000308024,0.174576271,5,0,1,0,0,0,0,0,0,0,0,0,0,,,
501,ok,187,7,4,4,2.120338007,0.085343696,0.292750038,0.616098227,0.260207578,0.560734375,17,3,51,1,1,1,0,1,0,0.884457288,0.028020732,0.001864091,0.374364407,4,17,3,51,2,1,1,1,1,1,1.401740885,38.62092341,1.276454248,1.619915254,47,17,3,51,2,1,1,1,1,1,1.177192221,0.252972968,0.004287677,0.838983051,49,0,2,0,0,0,0,0,0,0,0,0,0,,,17,2,34,2,1,1,1,1,1,1.15776499,0.626841917,0.008499551,0.418644068,23,0,1,0,0,0,0,0,0,0,0,0,0,,,
772,ok,187,7,4,4,2.101349345,0.088218642,0.117146183,1.437445051,0.869835657,0.725773846,17,3,51,2,1,1,1,1,1,2.977672653,0.036799667,0.002448113,0.108262712,0,17,3,51,2,1,1,1,1,1,1.113450188,0.00275566,9.11E-05,0.363983051,9,17,3,51,2,1,1,1,1,1,0.281210381,0.00537288,9.11E-05,0.5,29,0,2,0,0,0,0,0,0,0,0,0,0,,,17,2,34,1,1,1,0,1,0,0.549711624,0.09949553,0.001349092,0.852542373,55,0,1,0,0,0,0,0,0,0,0,0,0,,,
845,ok,187,7,4,4,2.031795703,0.770047515,0.489821161,0.718679282,0.514664586,0.960181031,12,3,36,3,1,1,1,1,2,3.762185684,14.62683593,0.973056458,0.108262712,0,17,3,51,2,1,1,1,1,1,1.453735925,56.11512661,1.85465249,1.884322034,55,22,3,66,1,1,1,1,1,0,0.936380392,0.019182774,0.000325132,0.516949153,30,0,2,0,0,0,0,0,0,0,0,0,0,,,17,2,34,1,1,1,0,1,0,0.946136889,0.018485509,0.000250651,0.133898305,2,0,1,0,0,0,0,0,0,0,0,0,0,,,
1700,ok,187,7,4,4,2.155456211,0.107286965,0.360183152,0.647532641,0.381570271,0.356787699,17,3,51,1,1,1,0,1,0,1.126691842,0.048073678,0.003198122,0.307838983,3,17,3,51,2,1,1,1,1,1,1.339596881,32.33318558,1.068639185,1.686016949,49,17,3,51,2,1,1,1,1,1,1.191537037,0.220877199,0.003743681,0.584745763,34,0,2,0,0,0,0,0,0,0,0,0,0,,,17,2,34,2,1,1,1,1,1,1.165774376,0.083215258,0.001128342,0.676271186,42,0,1,0,0,0,0,0,0,0,0,0,0,,,
69,ok,187,6,4,4,2.186112354,0.157441683,0.310092588,0.736741719,0.139838327,0.555540951,17,3,51,1,1,1,0,1,0,1.143382533,0.118514783,0.007884246,0.174788136,1,12,3,36,3,1,1,1,1,2,1.405833907,53.10301594,1.755099679,1.917372881,56,22,3,66,1,1,1,1,1,0,0.671768787,0.018288286,0.000309971,0.466101695,27,0,2,0,0,0,0,0,0,0,0,0,0,,,17,2,34,1,1,1,0,1,0,0.712722788,0.024383159,0.000330619,0.106779661,0,0,1,0,0,0,0,0,0,0,0,0,0,,,
1902,ok,187,6,4,4,1.825048566,0.110472168,0.08148113,0.583560776,0.109021643,0.476739809,17,3,51,1,1,1,0,1,0,0.956240104,0.019748639,0.001313787,0.108262712,0,12,3,36,3,1,1,1,1,2,1.389951704,32.93411188,1.088500308,0.661440678,18,22,3,66,1,1,1,1,1,0,0.245106132,0.001785742,3.03E-05,0.533898305,31,0,2,0,0,0,0,0,0,0,0,0,0,,,17,2,34,1,1,1,0,1,0,0.269192823,0.002857967,3.88E-05,0.120338983,1,0,1,0,0,0,0,0,0,0,0,0,0,,,
646,ok,187,5,4,4,2.08222829,0.123897263,0.28989238,1.860114624,0.17263565,0.36387842,17,3,51,1,1,1,0,1,0,1.447458344,0.112774415,0.007502366,0.108262712,0,12,3,36,2,1,1,0,1,1,1.38797431,0.432325817,0.014288735,1.950423729,57,22,3,66,1,1,1,1,1,0,0.307883433,0.007395635,0.00012535,0.347457627,20,0,2,0,0,0,0,0,0,0,0,0,0,,,17,2,34,1,1,1,0,1,0,0.336529568,0.007139782,9.68E-05,0.161016949,4,0,1,0,0,0,0,0,0,0,0,0,0,,,
1585,ok,186,5,4,3,1.834916949,0.136750447,0.050366066,1.94577719,0.744780019,0.693973401,20,3,60,1,1,1,1,0,0,0.141384126,6.63E-05,4.41E-06,0.706991525,9,17,3,51,2,1,1,1,1,1,1.197293304,0.24585209,0.00812562,0.595338983,16,15,3,45,1,1,0,1,0,0,0.042957482,9.08E-05,1.54E-06,0.144067797,8,0,2,0,0,0,0,0,0,0,0,0,0,,,15,2,30,1,1,1,0,0,0,0.097939528,0.000496445,6.73E-06,0.106779661,0,0,1,0,0,0,0,0,0,0,0,0,0,,,
507,ok,185,7,4,4,1.913990614,1.82445679,1.644898105,1.815854096,0.790661668,0.809859306,17,3,51,2,1,1,1,1,1,1.412686,5.562495004,0.370047337,1.239194915,17,17,3,51,2,1,1,1,1,1,1.405199609,0.376056478,0.012428985,1.917372881,56,22,3,66,1,1,1,1,1,0,1.015699186,0.006786505,0.000115026,0.347457627,20,0,2,0,0,0,0,0,0,0,0,0,0,,,0,2,0,0,0,0,0,0,0,0,0,0,,,17,1,17,2,1,1,1,1,1,1.24044054,29.08449566,0.985915107,1.5,29,
1473,ok,185,7,4,4,1.460937175,2.914323572,1.434124493,1.158605262,0.710198705,0.627110355,17,3,51,2,1,1,1,1,1,1.423316997,2.369210941,0.157612762,1.438771186,20,17,3,51,2,1,1,1,1,1,1.450448923,0.076240938,0.002519828,1.719067797,50,22,3,66,1,1,1,1,1,0,1.234964171,0.005516239,9.35E-05,0.449152542,26,0,2,0,0,0,0,0,0,0,0,0,0,,,0,2,0,0,0,0,0,0,0,0,0,0,,,17,1,17,2,1,1,1,1,1,1.303390829,26.06204398,0.883459118,0.957627119,13,
322,ok,185,6,4,4,1.281874003,0.333752023,0.322795105,1.337597271,0.850596705,0.952822409,12,3,36,3,1,1,1,1,2,3.071877502,0.383609891,0.025519811,0.174788136,1,22,3,66,1,1,1,1,1,0,1.217186314,0.164564285,0.005438989,0.562288136,15,22,3,66,1,1,1,1,1,0,0.346538638,0.001054015,1.79E-05,0.279661017,16,0,2,0,0,0,0,0,0,0,0,0,0,,,0,2,0,0,0,0,0,0,0,0,0,0,,,17,1,17,1,1,1,0,1,0,0.703109563,0.102464169,0.003473362,0.686440678,5,
577,ok,185,6,4,4,1.910817309,0.488276017,0.772576812,1.68643244,0.328687918,0.712544444,17,3,51,2,1,1,1,1,1,4.557417539,22.16087299,1.474261466,0.108262712,0,17,3,51,2,1,1,1,1,1,1.390125983,0.799896329,0.026437252,1.652966102,48,22,3,66,1,1,1,1,1,0,0.714672434,0.022211542,0.000376467,0.415254237,24,0,2,0,0,0,0,0,0,0,0,0,0,,,0,2,0,0,0,0,0,0,0,0,0,0,,,17,1,17,1,1,1,0,1,0,0.735468887,0.463729794,0.015719654,0.686440678,5,
1683,ok,185,6,4,4,1.273723798,0.170963929,1.708799567,0.661515202,0.711443256,0.184226206,17,3,51,1,1,1,0,1,0,2.216423081,3.369898115,0.2241839,0.108262712,0,17,3,51,2,1,1,1,1,1,1.259466494,20.07435832,0.663474555,1.719067797,50,22,3,66,1,1,1,1,1,0,1.025829567,0.202844784,0.003438047,0.822033898,48,0,2,0,0,0,0,0,0,0,0,0,0,,,0,2,0,0,0,0,0,0,0,0,0,0,,,17,1,17,2,1,1,1,1,1,3.174907046,17.20686836,0.583283673,1.771186441,37,
127,ok,184,10,5,5,2.475682541,0.09823408,1.086594796,0.953462695,0.738279148,0.216751121,7,3,21,3,1,1,0,1,2,3.205585605,3.275849397,0.217927269,0.108262712,0,17,3,51,2,1,1,1,1,1,1.146372486,0.107103548,0.003539863,0.661440678,18,22,3,66,1,1,1,1,1,0,1.06706281,0.370766555,0.006284179,0.296610169,17,0,2,0,0,0,0,0,0,0,0,0,0,,,12,2,24,3,1,1,1,1,2,1.573946595,0.171978808,0.002331916,0.133898305,2,22,1,22,1,1,1,1,1,0,2.055461834,0.07304588,0.002476132,1.669491525,34,
844,ok,184,10,5,5,1.201926279,1.16754849,0.732938383,0.700593169,0.654449535,0.569670005,12,3,36,3,1,1,1,1,2,2.466721927,6.707732049,0.446234717,0.108262712,0,12,3,36,3,1,1,1,1,2,1.369471446,34.88106425,1.152848734,1.818220339,53,17,3,51,2,1,1,1,1,1,1.348971521,0.115875227,0.001963987,0.940677966,55,0,2,0,0,0,0,0,0,0,0,0,0,,,22,2,44,1,1,1,1,1,0,1.227837094,0.007667408,0.000103965,0.418644068,23,17,1,17,1,1,1,0,1,0,1.188647383,0.12236954,0.00414812,0.550847458,1,
41,ok,184,9,5,5,1.247612643,0.105357214,0.449544921,1.126712965,0.866597652,0.203122131,12,3,36,2,1,1,0,1,1,3.168827911,0.015659111,0.001041729,0.108262712,0,17,3,51,2,1,1,1,1,1,1.123595448,0.041549688,0.001373252,0.76059322,21,12,3,36,3,1,1,1,1,2,1.103529923,0.1085826,0.001840383,0.415254237,24,0,2,0,0,0,0,0,0,0,0,0,0,,,22,2,44,1,1,1,1,1,0,0.637253083,0.010031992,0.000136027,0.255932203,11,17,1,17,1,1,1,0,1,0,0.707697048,0.025278068,0.000856884,0.652542373,4,
1911,ok,184,9,5,5,1.302822783,0.319176368,0.67998904,0.711833255,0.613176734,0.301314746,12,3,36,2,1,1,0,1,1,1.885272602,0.21318134,0.014181979,0.241313559,2,12,3,36,3,1,1,1,1,2,1.342512949,30.0891659,0.994472432,1.851271186,54,17,3,51,2,1,1,1,1,1,1.276156176,0.112482786,0.001906488,0.415254237,24,0,2,0,0,0,0,0,0,0,0,0,0,,,22,2,44,1,1,1,1,1,0,1.257450055,0.018669175,0.000253141,0.377966102,20,17,1,17,1,1,1,0,1,0,1.211166011,0.086453666,0.002930633,0.618644068,3,
1583,ok,183,5,4,4,1.55095896,0.078966228,1.300923352,1.057065577,0.292266084,0.36514927,17,3,51,2,1,1,1,1,1,1.658426442,0.27332123,0.018182811,0.307838983,3,22,3,66,1,1,1,1,1,0,1.230906887,0.223282317,0.00737967,0.76059322,21,0,3,0,0,0,0,0,0,0,0,0,0,,,0,2,0,0,0,0,0,0,0,0,0,0,,,22,2,44,1,1,1,1,1,0,1.065855749,0.149566013,0.002028014,0.540677966,32,22,1,22,1,1,1,1,1,0,2.249117275,0.150192662,0.005091277,1.974576271,43,
68,ok,183,4,3,3,1.253072022,0.114389349,0.137650926,0.743765651,0.41076357,0.664635239,22,3,66,1,1,1,1,1,0,0.425575643,0.002711399,0.000180377,0.507415254,6,17,3,51,2,1,1,1,1,1,1.217964142,43.18274391,1.427226282,1.950423729,57,22,3,66,1,1,1,1,1,0,0.290313524,0.003194797,5.41E-05,0.177966102,10,0,2,0,0,0,0,0,0,0,0,0,0,,,0,2,0,0,0,0,0,0,0,0,0,0,,,0,1,0,0,0,0,0,0,0,0,0,0,,,
165,ok,183,4,3,3,1.34140392,0.104620279,0.117879395,0.750747792,0.688586117,0.846731331,22,3,66,1,1,1,1,1,0,0.313792674,0.000393528,2.62E-05,0.97309322,13,17,3,51,2,1,1,1,1,1,1.106706396,0.189599262,0.006266416,0.198728814,4,22,3,66,1,1,1,1,1,0,0.224744098,0.001150165,1.95E-05,0.110169492,6,0,2,0,0,0,0,0,0,0,0,0,0,,,0,2,0,0,0,0,0,0,0,0,0,0,,,0,1,0,0,0,0,0,0,0,0,0,0,,,
170,ok,183,4,3,3,1.843174544,0.118897926,0.119900223,0.707728715,0.537043425,0.682143738,22,3,66,1,1,1,1,1,0,0.375372842,0.001980192,0.000131733,0.640466102,8,17,3,51,2,1,1,1,1,1,1.11586886,0.209564639,0.006926289,0.297881356,7,22,3,66,1,1,1,1,1,0,0.262282639,0.002579146,4.37E-05,0.144067797,8,0,2,0,0,0,0,0,0,0,0,0,0,,,0,2,0,0,0,0,0,0,0,0,0,0,,,0,1,0,0,0,0,0,0,0,0,0,0,,,
181,ok,183,4,3,3,1.260856066,0.788988742,0.327355021,0.902615345,0.424597652,0.513201214,22,3,66,1,1,1,1,1,0,0.68089907,0.007284106,0.000484578,0.507415254,6,17,3,51,2,1,1,1,1,1,1.429581676,0.118067109,0.003902218,1.190254237,34,22,3,66,1,1,1,1,1,0,0.579346854,0.004830388,8.19E-05,0.703389831,41,0,2,0,0,0,0,0,0,0,0,0,0,,,0,2,0,0,0,0,0,0,0,0,0,0,,,0,1,0,0,0,0,0,0,0,0,0,0,,,
342,ok,183,4,3,3,1.745754303,1.319468825,0.440982516,1.981633358,0.769744242,0.473811262,17,3,51,2,1,1,1,1,1,3.579062947,0.308822451,0.020544544,0.108262712,0,22,3,66,1,1,1,1,1,0,0.683066935,0.001293257,4.27E-05,0.89279661,25,22,3,66,1,1,1,1,1,0,0.43485142,0.001353692,2.29E-05,0.669491525,39,0,2,0,0,0,0,0,0,0,0,0,0,,,0,2,0,0,0,0,0,0,0,0,0,0,,,0,1,0,0,0,0,0,0,0,0,0,0,,,
442,ok,183,4,3,3,1.861908356,1.947021471,1.082045008,1.679815937,0.391452241,0.434774514,17,3,51,2,1,1,1,1,1,4.874390769,17.19455115,1.143874801,0.108262712,0,22,3,66,1,1,1,1,1,0,1.043989369,0.003297638,0.00010899,1.520762712,44,22,3,66,1,1,1,1,1,0,0.853929489,0.007816868,0.000132489,0.56779661,33,0,2,0,0,0,0,0,0,0,0,0,0,,,0,2,0,0,0,0,0,0,0,0,0,0,,,0,1,0,0,0,0,0,0,0,0,0,0,,,
525,ok,183,4,3,3,2.273848129,0.103128041,0.134090318,1.213323003,0.655832323,0.554903884,22,3,66,1,1,1,1,1,0,0.296723362,0.001088096,7.24E-05,0.640466102,8,17,3,51,2,1,1,1,1,1,1.138278402,0.301249769,0.00995656,0.463135593,12,22,3,66,1,1,1,1,1,0,0.177085041,0.001736718,2.94E-05,0.110169492,6,0,2,0,0,0,0,0,0,0,0,0,0,,,0,2,0,0,0,0,0,0,0,0,0,0,,,0,1,0,0,0,0,0,0,0,0,0,0,,,
556,ok,183,4,3,3,2.39025541,0.111429177,0.105544233,2.331517332,0.604337989,0.631094802,22,3,66,1,1,1,1,1,0,0.20294102,0.000525054,3.49E-05,0.640466102,8,17,3,51,2,1,1,1,1,1,1.205221084,0.418775714,0.013840892,0.76059322,21,22,3,66,1,1,1,1,1,0,0.08090758,0.000668554,1.13E-05,0.127118644,7,0,2,0,0,0,0,0,0,0,0,0,0,,,0,2,0,0,0,0,0,0,0,0,0,0,,,0,1,0,0,0,0,0,0,0,0,0,0,,,
570,ok,183,4,3,3,1.632589385,0.90219344,0.205614361,0.889033104,0.536327099,0.487400066,22,3,66,1,1,1,1,1,0,0.503397896,0.003972433,0.000264268,0.507415254,6,17,3,51,2,1,1,1,1,1,1.401384782,0.14609093,0.004828429,1.190254237,34,22,3,66,1,1,1,1,1,0,0.407057437,0.002189908,3.71E-05,0.788135593,46,0,2,0,0,0,0,0,0,0,0,0,0,,,0,2,0,0,0,0,0,0,0,0,0,0,,,0,1,0,0,0,0,0,0,0,0,0,0,,,
803,ok,183,4,3,3,2.420567437,3.152689135,0.742957193,1.744191861,0.524397346,0.508620887,17,3,51,2,1,1,1,1,1,4.930075508,9.224058492,0.6136344,0.108262712,0,22,3,66,1,1,1,1,1,0,0.947295858,0.002350642,7.77E-05,1.355508475,39,22,3,66,1,1,1,1,1,0,0.689870262,0.003223179,5.46E-05,0.805084746,47,0,2,0,0,0,0,0,0,0,0,0,0,,,0,2,0,0,0,0,0,0,0,0,0,0,,,0,1,0,0,0,0,0,0,0,0,0,0,,,
805,ok,183,4,3,3,2.215890707,0.207684872,0.163608656,0.723558257,0.730809874,0.928998341,22,3,66,1,1,1,1,1,0,0.41213529,0.000680702,4.53E-05,1.305720339,18,17,3,51,2,1,1,1,1,1,1.139052079,44.23082242,1.461866165,0.297881356,7,22,3,66,1,1,1,1,1,0,0.331793764,0.002776095,4.71E-05,0.194915254,11,0,2,0,0,0,0,0,0,0,0,0,0,,,0,2,0,0,0,0,0,0,0,0,0,0,,,0,1,0,0,0,0,0,0,0,0,0,0,,,
975,ok,183,4,3,3,2.136094287,0.132607569,0.192442155,1.989554292,0.621915732,0.768018442,22,3,66,1,1,1,1,1,0,0.281949279,0.000672766,4.48E-05,0.97309322,13,17,3,51,2,1,1,1,1,1,1.197939723,0.410511782,0.013567762,0.628389831,17,22,3,66,1,1,1,1,1,0,0.165451776,0.002174264,3.69E-05,0.144067797,8,0,2,0,0,0,0,0,0,0,0,0,0,,,0,2,0,0,0,0,0,0,0,0,0,0,,,0,1,0,0,0,0,0,0,0,0,0,0,,,
989,ok,183,4,3,3,1.301746722,0.106842288,0.109182244,1.155577466,0.678408374,0.781808791,22,3,66,1,1,1,1,1,0,0.24340653,0.000290045,1.93E-05,0.840042373,11,17,3,51,2,1,1,1,1,1,1.140457395,0.259124129,0.008564272,0.330932203,8,22,3,66,1,1,1,1,1,0,0.137382513,0.000631592,1.07E-05,0.110169492,6,0,2,0,0,0,0,0,0,0,0,0,0,,,0,2,0,0,0,0,0,0,0,0,0,0,,,0,1,0,0,0,0,0,0,0,0,0,0,,,
997,ok,183,4,3,3,1.929523523,1.064860844,0.234387957,0.83996691,0.51977448,0.577030459,22,3,66,1,1,1,1,1,0,0.53844218,0.004548159,0.000302568,0.640466102,8,17,3,51,2,1,1,1,1,1,1.406530109,0.180248781,0.005957375,1.124152542,32,22,3,66,1,1,1,1,1,0,0.481422653,0.003141929,5.33E-05,0.855932203,50,0,2,0,0,0,0,0,0,0,0,0,0,,,0,2,0,0,0,0,0,0,0,0,0,0,,,0,1,0,0,0,0,0,0,0,0,0,0,,,
1055,ok,183,4,3,3,1.220522347,0.759662688,0.196924632,0.807336306,0.671857622,0.545378709,22,3,66,1,1,1,1,1,0,0.46972506,0.00135587,9.02E-05,0.640466102,8,17,3,51,2,1,1,1,1,1,1.323437985,0.126386828,0.004177192,0.925847458,26,22,3,66,1,1,1,1,1,0,0.383425045,0.001264037,2.14E-05,0.63559322,37,0,2,0,0,0,0,0,0,0,0,0,0,,,0,2,0,0,0,0,0,0,0,0,0,0,,,0,1,0,0,0,0,0,0,0,0,0,0,,,
1283,ok,183,4,3,3,1.384152165,1.991651926,0.625280184,1.458226455,0.490282857,0.566983399,17,3,51,2,1,1,1,1,1,4.966037366,9.481245943,0.630743904,0.108262712,0,22,3,66,1,1,1,1,1,0,0.910905198,0.002662396,8.80E-05,1.025,29,22,3,66,1,1,1,1,1,0,0.678040473,0.003191538,5.41E-05,0.788135593,46,0,2,0,0,0,0,0,0,0,0,0,0,,,0,2,0,0,0,0,0,0,0,0,0,0,,,0,1,0,0,0,0,0,0,0,0,0,0,,,
1308,ok,183,4,3,3,1.071915795,1.646139731,0.401819654,1.143856448,0.720339346,0.516231378,22,3,66,1,1,1,1,1,0,0.595407532,0.001296568,8.63E-05,0.773516949,10,17,3,51,2,1,1,1,1,1,1.413671946,0.066749403,0.002206124,1.586864407,46,22,3,66,1,1,1,1,1,0,0.556511555,0.001060252,1.80E-05,0.822033898,48,0,2,0,0,0,0,0,0,0,0,0,0,,,0,2,0,0,0,0,0,0,0,0,0,0,,,0,1,0,0,0,0,0,0,0,0,0,0,,,
1345,ok,183,4,3,3,1.660971713,0.094766455,0.180916314,1.938039071,0.582647031,0.562931942,22,3,66,1,1,1,1,1,0,0.308916514,0.001299749,8.65E-05,0.573940678,7,17,3,51,2,1,1,1,1,1,1.187044531,0.309664232,0.010234665,0.661440678,18,22,3,66,1,1,1,1,1,0,0.154237225,0.001876095,3.18E-05,0.110169492,6,0,2,0,0,0,0,0,0,0,0,0,0,,,0,2,0,0,0,0,0,0,0,0,0,0,,,0,1,0,0,0,0,0,0,0,0,0,0,,,
1400,ok,183,4,3,3,2.047309278,2.007292874,0.46298092,2.231597271,0.752582547,0.459301039,17,3,51,2,1,1,1,1,1,3.667073569,0.383501505,0.0255126,0.108262712,0,22,3,66,1,1,1,1,1,0,0.773584516,0.001326751,4.39E-05,1.223305085,35,22,3,66,1,1,1,1,1,0,0.45653865,0.001110271,1.88E-05,0.822033898,48,0,2,0,0,0,0,0,0,0,0,0,0,,,0,2,0,0,0,0,0,0,0,0,0,0,,,0,1,0,0,0,0,0,0,0,0,0,0,,,
1401,ok,183,4,3,3,2.239420589,0.390670255,0.523881598,1.359375744,0.212510515,0.856721743,22,3,66,1,1,1,1,1,0,0.676325112,0.002842859,0.000189122,0.97309322,13,17,3,51,2,1,1,1,1,1,1.389029739,0.80644594,0.026653722,1.355508475,39,22,3,66,1,1,1,1,1,0,0.643631605,0.016660776,0.000282386,0.550847458,32,0,2,0,0,0,0,0,0,0,0,0,0,,,0,2,0,0,0,0,0,0,0,0,0,0,,,0,1,0,0,0,0,0,0,0,0,0,0,,,
1463,ok,183,4,3,3,1.502941404,0.772288906,0.191254055,1.396095409,0.641543651,0.457194258,22,3,66,1,1,1,1,1,0,0.384164537,0.00154261,0.000102623,0.507415254,6,17,3,51,2,1,1,1,1,1,1.383788773,0.201879824,0.006672299,1.652966102,48,22,3,66,1,1,1,1,1,0,0.269675862,0.000961903,1.63E-05,0.652542373,38,0,2,0,0,0,0,0,0,0,0,0,0,,,0,2,0,0,0,0,0,0,0,0,0,0,,,0,1,0,0,0,0,0,0,0,0,0,0,,,
1523,ok,183,4,3,3,1.849751241,0.14681148,0.149139189,2.223511355,0.646276164,0.851922447,22,3,66,1,1,1,1,1,0,0.226937819,0.000296417,1.97E-05,1.039618644,14,17,3,51,2,1,1,1,1,1,1.21627616,0.463307458,0.015312704,0.661440678,18,22,3,66,1,1,1,1,1,0,0.117609065,0.000981918,1.66E-05,0.161016949,9,0,2,0,0,0,0,0,0,0,0,0,0,,,0,2,0,0,0,0,0,0,0,0,0,0,,,0,1,0,0,0,0,0,0,0,0,0,0,,,
1826,ok,183,4,3,3,2.394061007,0.575849164,0.27931613,2.166972453,0.811925678,0.399897087,17,3,51,2,1,1,1,1,1,3.297971952,0.083087959,0.005527462,0.108262712,0,22,3,66,1,1,1,1,1,0,0.300197868,0.000369193,1.22E-05,0.330932203,8,22,3,66,1,1,1,1,1,0,0.249865834,0.001208983,2.05E-05,0.415254237,24,0,2,0,0,0,0,0,0,0,0,0,0,,,0,2,0,0,0,0,0,0,0,0,0,0,,,0,1,0,0,0,0,0,0,0,0,0,0,,,
1927,ok,183,4,3,3,1.435164675,1.487647376,0.583600104,1.723032977,0.7194608,0.430418894,17,3,51,2,1,1,1,1,1,3.879973046,0.544830647,0.03624509,0.108262712,0,22,3,66,1,1,1,1,1,0,0.866480313,0.001640342,5.42E-05,1.15720339,33,22,3,66,1,1,1,1,1,0,0.567433092,0.002200031,3.73E-05,0.652542373,38,0,2,0,0,0,0,0,0,0,0,0,0,,,0,2,0,0,0,0,0,0,0,0,0,0,,,0,1,0,0,0,0,0,0,0,0,0,0,,,
18,ok,183,3,3,3,2.462526129,0.849699338,0.101197925,0.625711097,0.619902502,0.163385089,17,3,51,1,1,1,0,1,0,1.34507816,0.006751406,0.00044914,0.174788136,1,22,3,66,1,1,1,1,1,0,1.311711194,25.35993776,0.838167434,1.652966102,48,22,3,66,1,1,1,1,1,0,0.278969806,0.001087652,1.84E-05,0.771186441,45,0,2,0,0,0,0,0,0,0,0,0,0,,,0,2,0,0,0,0,0,0,0,0,0,0,,,0,1,0,0,0,0,0,0,0,0,0,0,,,
49,ok,183,3,3,3,1.492458332,0.197728593,0.263793583,0.529021753,0.363852365,0.165281603,17,3,51,1,1,1,0,1,0,2.957125259,0.126675805,0.008427162,0.108262712,0,22,3,66,1,1,1,1,1,0,1.245737479,17.47911813,0.577699667,1.388559322,40,22,3,66,1,1,1,1,1,0,0.733089911,0.014945761,0.000253318,0.279661017,16,0,2,0,0,0,0,0,0,0,0,0,0,,,0,2,0,0,0,0,0,0,0,0,0,0,,,0,1,0,0,0,0,0,0,0,0,0,0,,,
87,ok,183,3,3,3,2.45686818,0.818054187,0.199790818,0.51287023,0.625065592,0.079532362,17,3,51,1,1,1,0,1,0,3.622850234,0.03487885,0.00232033,0.108262712,0,22,3,66,1,1,1,1,1,0,1.287851586,17.37920268,0.574397377,1.355508475,39,22,3,66,1,1,1,1,1,0,0.58537964,0.005054078,8.57E-05,0.652542373,38,0,2,0,0,0,0,0,0,0,0,0,0,,,0,2,0,0,0,0,0,0,0,0,0,0,,,0,1,0,0,0,0,0,0,0,0,0,0,,,
111,ok,183,3,3,3,1.629322605,1.460683088,0.360662525,2.396850449,0.492568361,0.450189763,22,3,66,1,1,1,1,1,0,0.43362212,0.003495318,0.000232528,0.507415254,6,22,3,66,1,1,1,1,1,0,0.77182441,0.00243773,8.06E-05,1.256355932,36,17,3,51,1,1,1,0,1,0,0.397583824,0.001364767,2.31E-05,0.923728814,54,0,2,0,0,0,0,0,0,0,0,0,0,,,0,2,0,0,0,0,0,0,0,0,0,0,,,0,1,0,0,0,0,0,0,0,0,0,0,,,
173,ok,183,3,3,3,1.394816106,0.643059844,0.555726043,0.519788827,0.305624088,0.144215016,17,3,51,1,1,1,0,1,0,3.308867687,0.178286215,0.011860566,0.108262712,0,22,3,66,1,1,1,1,1,0,1.312416267,18.37640245,0.607355674,1.355508475,39,22,3,66,1,1,1,1,1,0,1.337274709,0.029601411,0.000501719,0.550847458,32,0,2,0,0,0,0,0,0,0,0,0,0,,,0,2,0,0,0,0,0,0,0,0,0,0,,,0,1,0,0,0,0,0,0,0,0,0,0,,,
237,ok,183,3,3,3,1.317103035,0.686663468,0.375406567,2.362326019,0.553344543,0.401416508,17,3,51,1,1,1,0,1,0,0.483198724,0.003715231,0.000247157,0.440889831,5,22,3,66,1,1,1,1,1,0,0.575121141,0.00181795,6.01E-05,0.793644068,22,22,3,66,1,1,1,1,1,0,0.344399248,0.002278002,3.86E-05,0.550847458,32,0,2,0,0,0,0,0,0,0,0,0,0,,,0,2,0,0,0,0,0,0,0,0,0,0,,,0,1,0,0,0,0,0,0,0,0,0,0,,,
340,ok,183,3,3,3,1.83054931,0.568592454,0.118721623,0.544360614,0.637590004,0.193652821,17,3,51,1,1,1,0,1,0,1.488135265,0.010148072,0.000675105,0.174788136,1,22,3,66,1,1,1,1,1,0,1.275405301,19.28015188,0.637225359,1.421610169,41,22,3,66,1,1,1,1,1,0,0.33360236,0.0015199,2.58E-05,0.533898305,31,0,2,0,0,0,0,0,0,0,0,0,0,,,0,2,0,0,0,0,0,0,0,0,0,0,,,0,1,0,0,0,0,0,0,0,0,0,0,,,
466,ok,183,3,3,3,1.213415836,0.26290843,0.201655756,2.419868677,0.534211023,0.210297341,17,3,51,1,1,1,0,1,0,1.135455512,0.004907507,0.000326474,0.174788136,1,22,3,66,1,1,1,1,1,0,0.627067309,0.001921482,6.35E-05,0.991949153,28,22,3,66,1,1,1,1,1,0,0.163691336,0.001177418,2.00E-05,0.296610169,17,0,2,0,0,0,0,0,0,0,0,0,0,,,0,2,0,0,0,0,0,0,0,0,0,0,,,0,1,0,0,0,0,0,0,0,0,0,0,,,
517,ok,183,3,3,3,2.381786489,0.29475494,0.721463519,2.177531635,0.622916786,0.176784885,17,3,51,1,1,1,0,1,0,1.130613549,0.034869692,0.002319721,0.241313559,2,22,3,66,1,1,1,1,1,0,0.833008436,0.003515409,0.000116187,1.28940678,37,22,3,66,1,1,1,1,1,0,0.524138031,0.017749429,0.000300838,0.211864407,12,0,2,0,0,0,0,0,0,0,0,0,0,,,0,2,0,0,0,0,0,0,0,0,0,0,,,0,1,0,0,0,0,0,0,0,0,0,0,,,
527,ok,183,3,3,3,2.405396067,0.100679936,0.298256571,1.390394296,0.194237767,0.460577333,17,3,51,1,1,1,0,1,0,0.901749101,0.071868328,0.004781071,0.174788136,1,22,3,66,1,1,1,1,1,0,1.317635148,0.427766938,0.01413806,1.15720339,33,22,3,66,1,1,1,1,1,0,0.379363582,0.011828918,0.00020049,0.262711864,15,0,2,0,0,0,0,0,0,0,0,0,0,,,0,2,0,0,0,0,0,0,0,0,0,0,,,0,1,0,0,0,0,0,0,0,0,0,0,,,
563,ok,183,3,3,3,2.451823276,0.135028634,0.298776853,2.19698494,0.13893915,0.787652361,17,3,51,1,1,1,0,1,0,0.468278317,0.011746737,0.000781457,0.307838983,3,22,3,66,1,1,1,1,1,0,1.372082704,1.323378212,0.043738771,1.553813559,45,22,3,66,1,1,1,1,1,0,0.297663839,0.006346378,0.000107566,0.43220339,25,0,2,0,0,0,0,0,0,0,0,0,0,,,0,2,0,0,0,0,0,0,0,0,0,0,,,0,1,0,0,0,0,0,0,0,0,0,0,,,
621,ok,183,3,3,3,2.25722844,0.605610569,0.128059757,2.114889244,0.3474159,0.365883272,17,3,51,1,1,1,0,1,0,0.490729175,0.004067543,0.000270595,0.241313559,2,22,3,66,1,1,1,1,1,0,0.793529273,0.005785078,0.000191202,1.124152542,32,22,3,66,1,1,1,1,1,0,0.180774432,0.000737162,1.25E-05,0.855932203,50,0,2,0,0,0,0,0,0,0,0,0,0,,,0,2,0,0,0,0,0,0,0,0,0,0,,,0,1,0,0,0,0,0,0,0,0,0,0,,,
667,ok,183,3,3,3,1.625946005,0.920932559,0.180824285,0.564010484,0.796527031,0.036156561,17,3,51,1,1,1,0,1,0,3.186417384,0.008900001,0.000592076,0.108262712,0,22,3,66,1,1,1,1,1,0,1.291716694,16.04968353,0.530455642,1.487711864,43,22,3,66,1,1,1,1,1,0,0.457153042,0.001056436,1.79E-05,0.686440678,40,0,2,0,0,0,0,0,0,0,0,0,0,,,0,2,0,0,0,0,0,0,0,0,0,0,,,0,1,0,0,0,0,0,0,0,0,0,0,,,
690,ok,183,3,3,3,1.390319591,2.4722794,0.481290956,1.582779168,0.596059,0.645085907,22,3,66,1,1,1,1,1,0,0.561749458,0.001337742,8.90E-05,1.106144068,15,22,3,66,1,1,1,1,1,0,0.797737103,0.001584912,5.24E-05,0.89279661,25,17,3,51,1,1,1,0,1,0,0.564650607,0.001289109,2.18E-05,0.957627119,56,0,2,0,0,0,0,0,0,0,0,0,0,,,0,2,0,0,0,0,0,0,0,0,0,0,,,0,1,0,0,0,0,0,0,0,0,0,0,,,
707,ok,183,3,3,3,1.771767457,0.890838935,0.143638796,0.510947359,0.687557207,0.275151562,17,3,51,1,1,1,0,1,0,0.78783611,0.004615629,0.000307057,0.307838983,3,22,3,66,1,1,1,1,1,0,1.28656799,18.99799101,0.627899703,1.322457627,38,22,3,66,1,1,1,1,1,0,0.425621313,0.001498445,2.54E-05,0.737288136,43,0,2,0,0,0,0,0,0,0,0,0,0,,,0,2,0,0,0,0,0,0,0,0,0,0,,,0,1,0,0,0,0,0,0,0,0,0,0,,,
785,ok,183,3,3,3,1.599079319,0.122730905,0.110829859,1.058568821,0.247102507,0.866338738,17,3,51,1,1,1,0,1,0,0.316969086,0.002441949,0.000162452,0.440889831,5,22,3,66,1,1,1,1,1,0,1.219664592,0.452263982,0.014947708,0.595338983,16,22,3,66,1,1,1,1,1,0,0.182687837,0.001843724,3.12E-05,0.279661017,16,0,2,0,0,0,0,0,0,0,0,0,0,,,0,2,0,0,0,0,0,0,0,0,0,0,,,0,1,0,0,0,0,0,0,0,0,0,0,,,
817,ok,183,3,3,3,2.052354734,0.571952473,0.165969796,1.970043851,0.344319463,0.35422036,17,3,51,1,1,1,0,1,0,0.533958526,0.006078183,0.000404354,0.241313559,2,22,3,66,1,1,1,1,1,0,0.847351266,0.006391257,0.000211236,1.15720339,33,22,3,66,1,1,1,1,1,0,0.22362492,0.001228395,2.08E-05,0.771186441,45,0,2,0,0,0,0,0,0,0,0,0,0,,,0,2,0,0,0,0,0,0,0,0,0,0,,,0,1,0,0,0,0,0,0,0,0,0,0,,,
870,ok,183,3,3,3,2.195864482,0.349719146,0.091081948,0.532099012,0.675432666,0.101791195,17,3,51,1,1,1,0,1,0,3.498136244,0.0095044,0.000632284,0.108262712,0,22,3,66,1,1,1,1,1,0,1.228813897,14.88664846,0.492016347,1.388559322,40,22,3,66,1,1,1,1,1,0,0.260206694,0.001264043,2.14E-05,0.347457627,20,0,2,0,0,0,0,0,0,0,0,0,0,,,0,2,0,0,0,0,0,0,0,0,0,0,,,0,1,0,0,0,0,0,0,0,0,0,0,,,
912,ok,183,3,3,3,1.449813031,0.995761268,0.185037536,1.87590652,0.535326657,0.356382303,17,3,51,1,1,1,0,1,0,0.510175175,0.003323269,0.000221082,0.307838983,3,22,3,66,1,1,1,1,1,0,0.913947367,0.003377627,0.000111633,1.322457627,38,22,3,66,1,1,1,1,1,0,0.255759717,0.000676711,1.15E-05,0.889830508,52,0,2,0,0,0,0,0,0,0,0,0,0,,,0,2,0,0,0,0,0,0,0,0,0,0,,,0,1,0,0,0,0,0,0,0,0,0,0,,,
915,ok,183,3,3,3,1.134443636,0.288191782,0.179272147,0.533778903,0.590077866,0.21397768,17,3,51,1,1,1,0,1,0,1.630835376,0.016062668,0.001068576,0.174788136,1,22,3,66,1,1,1,1,1,0,1.253495214,17.42834029,0.576021417,1.388559322,40,22,3,66,1,1,1,1,1,0,0.477037255,0.003397147,5.76E-05,0.313559322,18,0,2,0,0,0,0,0,0,0,0,0,0,,,0,2,0,0,0,0,0,0,0,0,0,0,,,0,1,0,0,0,0,0,0,0,0,0,0,,,
1059,ok,183,3,3,3,2.033410207,0.161217988,0.071701463,0.630062925,0.490923717,0.131446294,17,3,51,1,1,1,0,1,0,2.705287505,0.008667534,0.000576611,0.108262712,0,22,3,66,1,1,1,1,1,0,1.238860693,19.19451456,0.634394973,1.652966102,48,22,3,66,1,1,1,1,1,0,0.181377872,0.001161631,1.97E-05,0.211864407,12,0,2,0,0,0,0,0,0,0,0,0,0,,,0,2,0,0,0,0,0,0,0,0,0,0,,,0,1,0,0,0,0,0,0,0,0,0,0,,,
1138,ok,183,3,3,3,1.652293718,0.097642005,0.080670446,0.803972727,0.396912408,0.577763553,17,3,51,1,1,1,0,1,0,0.359141727,0.002299133,0.000152951,0.374364407,4,22,3,66,1,1,1,1,1,0,1.178822604,0.191922074,0.006343187,0.397033898,10,22,3,66,1,1,1,1,1,0,0.165273,0.001317793,2.23E-05,0.161016949,9,0,2,0,0,0,0,0,0,0,0,0,0,,,0,2,0,0,0,0,0,0,0,0,0,0,,,0,1,0,0,0,0,0,0,0,0,0,0,,,
1147,ok,183,3,3,3,1.237324781,0.753772392,0.929120856,1.596351376,0.834427045,0.251069455,17,3,51,1,1,1,0,1,0,0.998855425,0.00389839,0.000259342,0.440889831,5,22,3,66,1,1,1,1,1,0,1.114339132,0.001162512,3.84E-05,1.619915254,47,22,3,66,1,1,1,1,1,0,0.751752066,0.003683462,6.24E-05,0.347457627,20,0,2,0,0,0,0,0,0,0,0,0,0,,,0,2,0,0,0,0,0,0,0,0,0,0,,,0,1,0,0,0,0,0,0,0,0,0,0,,,
1211,ok,183,3,3,3,2.103438998,0.121484008,0.119630882,0.526903347,0.766956838,0.082473731,17,3,51,1,1,1,0,1,0,3.384658866,0.004837432,0.000321812,0.108262712,0,22,3,66,1,1,1,1,1,0,1.153461756,10.41520478,0.344231344,1.388559322,40,22,3,66,1,1,1,1,1,0,0.315637143,0.00172394,2.92E-05,0.110169492,6,0,2,0,0,0,0,0,0,0,0,0,0,,,0,2,0,0,0,0,0,0,0,0,0,0,,,0,1,0,0,0,0,0,0,0,0,0,0,,,
1301,ok,183,3,3,3,2.242198631,0.449379966,0.328745027,2.001451716,0.397518626,0.308997433,17,3,51,1,1,1,0,1,0,0.737952173,0.022033717,0.001465802,0.241313559,2,22,3,66,1,1,1,1,1,0,0.794504167,0.006055471,0.000200138,1.058050847,30,22,3,66,1,1,1,1,1,0,0.339704874,0.005194053,8.80E-05,0.483050847,28,0,2,0,0,0,0,0,0,0,0,0,0,,,0,2,0,0,0,0,0,0,0,0,0,0,,,0,1,0,0,0,0,0,0,0,0,0,0,,,
1333,ok,183,3,3,3,2.429953961,0.161938626,0.157067718,0.588007552,0.400848734,0.127656163,17,3,51,1,1,1,0,1,0,2.588054008,0.043554963,0.002897512,0.108262712,0,22,3,66,1,1,1,1,1,0,1.237135632,18.86617865,0.623543193,1.553813559,45,22,3,66,1,1,1,1,1,0,0.418588402,0.006744806,0.000114319,0.228813559,13,0,2,0,0,0,0,0,0,0,0,0,0,,,0,2,0,0,0,0,0,0,0,0,0,0,,,0,1,0,0,0,0,0,0,0,0,0,0,,,
1359,ok,183,3,3,3,2.402148316,0.094842742,0.145045427,1.258642824,0.109881453,0.611721042,17,3,51,1,1,1,0,1,0,1.00357264,0.064614192,0.004298486,0.108262712,0,22,3,66,1,1,1,1,1,0,1.352941278,0.516173825,0.017059982,1.124152542,32,22,3,66,1,1,1,1,1,0,0.225145443,0.00296951,5.03E-05,0.43220339,25,0,2,0,0,0,0,0,0,0,0,0,0,,,0,2,0,0,0,0,0,0,0,0,0,0,,,0,1,0,0,0,0,0,0,0,0,0,0,,,
1390,ok,183,3,3,3,1.369252387,0.245738418,0.058627935,0.592336678,0.399073071,0.180270938,17,3,51,1,1,1,0,1,0,2.303938518,0.006611101,0.000439806,0.108262712,0,22,3,66,1,1,1,1,1,0,1.27137683,20.7274485,0.685059739,1.553813559,45,22,3,66,1,1,1,1,1,0,0.161058513,0.000623573,1.06E-05,0.381355932,22,0,2,0,0,0,0,0,0,0,0,0,0,,,0,2,0,0,0,0,0,0,0,0,0,0,,,0,1,0,0,0,0,0,0,0,0,0,0,,,
1415,ok,183,3,3,3,2.034199256,0.565921004,0.155818333,1.890978128,0.324517332,0.36931365,17,3,51,1,1,1,0,1,0,0.512790982,0.005632291,0.000374691,0.241313559,2,22,3,66,1,1,1,1,1,0,0.836937566,0.006190643,0.000204606,1.091101695,31,22,3,66,1,1,1,1,1,0,0.22177729,0.001148712,1.95E-05,0.822033898,48,0,2,0,0,0,0,0,0,0,0,0,0,,,0,2,0,0,0,0,0,0,0,0,0,0,,,0,1,0,0,0,0,0,0,0,0,0,0,,,
1486,ok,183,3,3,3,1.365415386,0.51229389,0.230011114,1.594839005,0.567730209,0.268052743,17,3,51,1,1,1,0,1,0,0.794592992,0.00654476,0.000435393,0.241313559,2,22,3,66,1,1,1,1,1,0,0.993337715,0.004425731,0.000146274,1.223305085,35,22,3,66,1,1,1,1,1,0,0.276941806,0.001746502,2.96E-05,0.5,29,0,2,0,0,0,0,0,0,0,0,0,0,,,0,2,0,0,0,0,0,0,0,0,0,0,,,0,1,0,0,0,0,0,0,0,0,0,0,,,
1580,ok,183,3,3,3,2.437408316,1.272042909,0.311799156,2.324104754,0.453207328,0.571717448,22,3,66,1,1,1,1,1,0,0.382872508,0.003198634,0.00021279,0.640466102,8,22,3,66,1,1,1,1,1,0,0.622413137,0.003259587,0.000107732,0.793644068,22,17,3,51,1,1,1,0,1,0,0.366867503,0.00192601,3.26E-05,0.923728814,54,0,2,0,0,0,0,0,0,0,0,0,0,,,0,2,0,0,0,0,0,0,0,0,0,0,,,0,1,0,0,0,0,0,0,0,0,0,0,,,
1594,ok,183,3,3,3,1.818934711,0.885045209,0.298025407,1.980519239,0.485865328,0.453847323,17,3,51,1,1,1,0,1,0,0.458504751,0.005504252,0.000366173,0.440889831,5,22,3,66,1,1,1,1,1,0,0.694447734,0.003604601,0.000119135,0.859745763,24,22,3,66,1,1,1,1,1,0,0.348753804,0.002241188,3.80E-05,0.737288136,43,0,2,0,0,0,0,0,0,0,0,0,0,,,0,2,0,0,0,0,0,0,0,0,0,0,,,0,1,0,0,0,0,0,0,0,0,0,0,,,
1691,ok,183,3,3,3,1.587999094,0.131711715,0.085834328,1.690530685,0.232063639,0.925107626,17,3,51,1,1,1,0,1,0,0.224574457,0.000954024,6.35E-05,0.440889831,5,22,3,66,1,1,1,1,1,0,1.280839105,0.69124144,0.022846115,0.859745763,24,22,3,66,1,1,1,1,1,0,0.103264224,0.000701293,1.19E-05,0.330508475,19,0,2,0,0,0,0,0,0,0,0,0,0,,,0,2,0,0,0,0,0,0,0,0,0,0,,,0,1,0,0,0,0,0,0,0,0,0,0,,,
1725,ok,183,3,3,3,1.541212891,1.028211428,0.141115374,0.636168717,0.615642785,0.392894007,17,3,51,1,1,1,0,1,0,0.592037632,0.003907185,0.000259927,0.374364407,4,22,3,66,1,1,1,1,1,0,1.330857168,28.81811914,0.95246326,1.652966102,48,22,3,66,1,1,1,1,1,0,0.369915577,0.001100585,1.87E-05,0.889830508,52,0,2,0,0,0,0,0,0,0,0,0,0,,,0,2,0,0,0,0,0,0,0,0,0,0,,,0,1,0,0,0,0,0,0,0,0,0,0,,,
1854,ok,183,3,3,3,2.129187872,0.121059383,0.221324206,0.89966594,0.209564852,0.539958821,17,3,51,1,1,1,0,1,0,0.711396921,0.029917556,0.001990278,0.241313559,2,22,3,66,1,1,1,1,1,0,1.29026658,0.295433038,0.009764312,0.76059322,21,22,3,66,1,1,1,1,1,0,0.41172463,0.009391878,0.000159184,0.296610169,17,0,2,0,0,0,0,0,0,0,0,0,0,,,0,2,0,0,0,0,0,0,0,0,0,0,,,0,1,0,0,0,0,0,0,0,0,0,0,,,
1903,ok,183,3,3,3,1.944956168,0.935255606,0.183778077,1.894522547,0.571123456,0.418436311,17,3,51,1,1,1,0,1,0,0.359978435,0.002069575,0.000137679,0.440889831,5,22,3,66,1,1,1,1,1,0,0.738473843,0.003498223,0.000115619,0.925847458,26,22,3,66,1,1,1,1,1,0,0.245012368,0.000898169,1.52E-05,0.805084746,47,0,2,0,0,0,0,0,0,0,0,0,0,,,0,2,0,0,0,0,0,0,0,0,0,0,,,0,1,0,0,0,0,0,0,0,0,0,0,,,
1383,ok,182,8,4,4,1.82391014,1.650303824,0.578320295,0.650141008,0.63381287,0.816412045,12,3,36,3,1,1,1,1,2,2.302298222,12.93787848,0.860697848,0.108262712,0,12,3,36,3,1,1,1,1,2,1.396299069,38.28160124,1.265239363,0.826694915,23,22,3,66,1,1,1,1,1,0,1.07345279,0.010468235,0.000177428,0.652542373,38,0,2,0,0,0,0,0,0,0,0,0,0,,,22,2,44,1,1,1,1,1,0,1.092306668,0.009226316,0.000125103,0.337288136,17,0,1,0,0,0,0,0,0,0,0,0,0,,,
1365,ok,182,8,4,4,1.810679925,0.105761424,1.401265685,1.597576568,0.725737617,0.708908393,17,3,51,2,1,1,1,1,1,1.444330519,13.30918028,0.885398858,0.840042373,11,17,3,51,2,1,1,1,1,1,1.152179277,0.275519975,0.009106169,0.430084746,11,12,3,36,3,1,1,1,1,2,1.226213341,0.169782229,0.002877665,0.144067797,8,0,2,0,0,0,0,0,0,0,0,0,0,,,22,2,44,1,1,1,1,1,0,1.074880721,1.198641042,0.01625276,0.527118644,31,0,1,0,0,0,0,0,0,0,0,0,0,,,
1384,ok,182,8,4,4,1.718198748,0.128296931,0.962554017,0.962711391,0.803807291,0.895091624,17,3,51,2,1,1,1,1,1,1.379461737,7.015882264,0.46673454,1.372245763,19,17,3,51,2,1,1,1,1,1,1.124102501,0.113321618,0.003745376,0.231779661,5,12,3,36,3,1,1,1,1,2,1.291139453,0.150455913,0.0025501,0.093220339,5,0,2,0,0,0,0,0,0,0,0,0,0,,,22,2,44,1,1,1,1,1,0,1.049172408,0.399108584,0.005411642,0.689830508,43,0,1,0,0,0,0,0,0,0,0,0,0,,,
1913,ok,182,8,4,4,1.532367318,0.614536504,0.806968692,0.731360076,0.321401528,0.390128256,17,3,51,2,1,1,1,1,1,1.74088696,0.42872714,0.028521255,0.241313559,2,12,3,36,3,1,1,1,1,2,1.565457688,39.82532314,1.31626068,0.958898305,27,17,3,51,2,1,1,1,1,1,1.386578009,0.20884775,0.003539792,0.872881356,51,0,2,0,0,0,0,0,0,0,0,0,0,,,22,2,44,1,1,1,1,1,0,1.350999227,0.017163259,0.000232722,0.405084746,22,0,1,0,0,0,0,0,0,0,0,0,0,,,
1992,ok,182,8,4,4,2.152613625,1.59641607,0.556839312,0.594584454,0.714612274,0.926274668,12,3,36,3,1,1,1,1,2,1.355057898,14.50682806,0.965072884,0.906567797,12,12,3,36,3,1,1,1,1,2,1.354746299,35.27357001,1.165821382,0.694491525,19,22,3,66,1,1,1,1,1,0,1.113355358,0.010738397,0.000182007,0.618644068,36,0,2,0,0,0,0,0,0,0,0,0,0,,,22,2,44,1,1,1,1,1,0,1.122213963,0.012016615,0.000162937,0.228813559,9,0,1,0,0,0,0,0,0,0,0,0,0,,,
759,ok,182,7,4,4,1.583605426,0.121297893,1.025815261,1.431158814,0.639395812,0.094938865,17,3,51,1,1,1,0,1,0,4.608297501,0.250562996,0.01666881,0.108262712,0,17,3,51,2,1,1,1,1,1,1.325209844,0.022428547,0.000741282,1.652966102,48,12,3,36,3,1,1,1,1,2,1.204229287,0.277241996,0.004699017,0.262711864,15,0,2,0,0,0,0,0,0,0,0,0,0,,,22,2,44,1,1,1,1,1,0,0.913216483,0.00139283,1.89E-05,0.771186441,49,0,1,0,0,0,0,0,0,0,0,0,0,,,
902,ok,182,7,4,4,1.364280761,0.263116224,0.383356266,0.554054431,0.819224137,0.242504524,17,3,51,1,1,1,0,1,0,1.368755489,0.008086596,0.000537964,0.307838983,3,12,3,36,3,1,1,1,1,2,1.261666594,18.18727005,0.601104688,1.454661017,42,17,3,51,2,1,1,1,1,1,1.159980016,0.070115972,0.001188406,0.5,29,0,2,0,0,0,0,0,0,0,0,0,0,,,22,2,44,1,1,1,1,1,0,0.929507818,0.003883108,5.27E-05,0.608474576,37,0,1,0,0,0,0,0,0,0,0,0,0,,,
1038,ok,182,7,4,4,2.128439483,0.504556757,0.501888156,0.594297182,0.445038137,0.361982828,12,3,36,2,1,1,0,1,1,2.190015521,0.640602926,0.042616381,0.174788136,1,12,3,36,3,1,1,1,1,2,1.48281919,29.41612864,0.97222798,0.661440678,18,22,3,66,1,1,1,1,1,0,1.150836177,0.034926443,0.000591974,0.415254237,24,0,2,0,0,0,0,0,0,0,0,0,0,,,22,2,44,1,1,1,1,1,0,1.124796926,0.011079264,0.000150227,0.554237288,33,0,1,0,0,0,0,0,0,0,0,0,0,,,
1195,ok,182,7,4,4,1.598135318,1.194920692,0.627216869,0.648981041,0.119680354,0.839138031,17,3,51,2,1,1,1,1,1,1.712802286,1.100500875,0.073211287,0.174788136,1,12,3,36,3,1,1,1,1,2,1.485812893,37.74098608,1.247371574,1.091101695,31,17,3,51,1,1,1,0,1,0,1.103067491,0.006370138,0.000107968,0.974576271,57,0,2,0,0,0,0,0,0,0,0,0,0,,,22,2,44,1,1,1,1,1,0,1.153511114,0.01298542,0.000176073,0.188135593,6,0,1,0,0,0,0,0,0,0,0,0,0,,,
1315,ok,182,7,4,4,2.085029989,0.264846712,0.274063614,0.504604558,0.584445035,0.402934811,12,3,36,2,1,1,0,1,1,4.335105107,2.721962253,0.181079692,0.108262712,0,17,3,51,2,1,1,1,1,1,1.297948754,23.50618167,0.776899225,1.322457627,38,17,3,51,2,1,1,1,1,1,1.185181509,0.167857435,0.002845041,0.957627119,56,0,2,0,0,0,0,0,0,0,0,0,0,,,22,2,44,1,1,1,1,1,0,0.825809996,0.015699356,0.000212873,0.296610169,14,0,1,0,0,0,0,0,0,0,0,0,0,,,
1227,ok,182,5,4,4,1.964849829,0.079354531,1.170166801,0.53245985,0.759268851,0.913385757,17,3,51,1,1,1,0,1,0,1.024359691,7.975664221,0.530584442,0.174788136,1,12,3,36,2,1,1,0,1,1,1.248496306,0.024370168,0.000805455,0.099576271,1,17,3,51,1,1,1,0,1,0,1.046033368,0.087266841,0.001479099,0.042372881,2,0,2,0,0,0,0,0,0,0,0,0,0,,,22,2,44,1,1,1,1,1,0,1.024359655,2.269460315,0.030772343,0.377966102,20,0,1,0,0,0,0,0,0,0,0,0,0,,,
804,ok,180,7,4,4,2.188198716,3.48742564,0.855333731,1.79331199,0.592644504,0.681486417,12,3,36,3,1,1,1,1,2,3.346411549,11.35240934,0.755223842,0.174788136,1,22,3,66,1,1,1,1,1,0,0.782294968,0.001726343,5.71E-05,0.958898305,27,22,3,66,1,1,1,1,1,0,0.725075967,0.002823556,4.79E-05,0.737288136,43,0,2,0,0,0,0,0,0,0,0,0,0,,,0,2,0,0,0,0,0,0,0,0,0,0,,,12,1,12,2,1,1,0,1,1,0.725287295,0.01953755,0.00066229,0.686440678,5,
296,ok,179,11,5,5,1.531591307,0.092787882,1.167127813,1.410326373,0.630432414,0.263882976,12,3,36,3,1,1,1,1,2,4.151359808,1.281225001,0.085234036,0.108262712,0,17,3,51,2,1,1,1,1,1,1.190384381,0.134263084,0.004437509,0.859745763,24,12,3,36,3,1,1,1,1,2,1.227270744,0.367655355,0.006231447,0.161016949,9,0,2,0,0,0,0,0,0,0,0,0,0,,,17,2,34,2,1,1,1,1,1,1.287026517,0.792834217,0.010750294,0.36440678,19,22,1,22,1,1,1,1,1,0,1.663301302,0.079238875,0.002686064,1.974576271,43,
302,ok,179,11,5,5,1.406280636,0.098314969,0.7040388,0.754846745,0.71579052,0.527763147,12,3,36,3,1,1,1,1,2,2.290579795,5.701342081,0.379284198,0.108262712,0,17,3,51,2,1,1,1,1,1,1.112344678,0.136922004,0.004525388,0.264830508,6,12,3,36,3,1,1,1,1,2,1.324258414,0.075979526,0.001287789,0.093220339,5,0,2,0,0,0,0,0,0,0,0,0,0,,,17,2,34,2,1,1,1,1,1,1.310309572,0.358383129,0.004859432,0.147457627,3,22,1,22,1,1,1,1,1,0,3.151085132,0.063556804,0.002154468,2.211864407,50,
371,ok,179,11,5,5,1.561376584,0.089285204,0.561377059,0.985563167,0.633528137,0.489685131,12,3,36,3,1,1,1,1,2,4.211698701,1.807905455,0.120271676,0.108262712,0,17,3,51,2,1,1,1,1,1,1.115611442,0.237857849,0.007861403,0.397033898,10,12,3,36,3,1,1,1,1,2,1.150528654,0.190417448,0.003227414,0.296610169,17,0,2,0,0,0,0,0,0,0,0,0,0,,,17,2,34,2,1,1,1,1,1,1.222953758,0.31577961,0.004281757,0.350847458,18,22,1,22,1,1,1,1,1,0,1.779460713,0.108324058,0.003672002,1.533898305,30,
52,ok,179,10,5,5,2.002370881,0.078303048,0.313382089,0.635477206,0.604408946,0.305035657,17,3,51,1,1,1,0,1,0,0.953602514,0.015688229,0.001043666,0.374364407,4,17,3,51,2,1,1,1,1,1,1.079336571,0.177453562,0.005864991,0.363983051,9,12,3,36,3,1,1,1,1,2,1.125223243,0.1387526,0.002351739,0.347457627,20,0,2,0,0,0,0,0,0,0,0,0,0,,,12,2,24,3,1,1,1,1,2,1.137671357,0.06310129,0.000855611,0.703389831,44,17,1,17,1,1,1,0,1,0,1.021412224,0.134689136,0.004565733,0.550847458,1,
149,ok,179,10,5,5,1.98376382,0.091493249,0.409422021,0.586670236,0.613776245,0.25575854,12,3,36,2,1,1,0,1,1,4.404048023,1.857462787,0.123568499,0.108262712,0,17,3,51,2,1,1,1,1,1,1.132344962,18.4965065,0.611325215,0.397033898,10,17,3,51,2,1,1,1,1,1,1.145689952,0.131181606,0.002223417,0.245762712,14,0,2,0,0,0,0,0,0,0,0,0,0,,,12,2,24,3,1,1,1,1,2,1.189870852,0.383496982,0.005199959,0.581355932,35,17,1,17,1,1,1,0,1,0,1.303405079,0.100024502,0.003390661,0.618644068,3,
1427,ok,179,10,5,5,1.551286286,0.371573005,0.520291151,0.505832079,0.306998851,0.42368444,12,3,36,2,1,1,0,1,1,1.93311264,1.171717364,0.077948994,0.174788136,1,12,3,36,3,1,1,1,1,2,1.415462871,23.71821655,0.783907157,0.628389831,17,17,3,51,2,1,1,1,1,1,1.377227531,0.123965837,0.002101116,0.415254237,24,0,2,0,0,0,0,0,0,0,0,0,0,,,17,2,34,2,1,1,1,1,1,1.368000254,0.046064271,0.0006246,0.283050847,13,22,1,22,1,1,1,1,1,0,1.331835547,0.00096452,3.27E-05,0.822033898,9,
676,ok,178,6,4,4,1.847000454,0.123587526,1.382054696,0.9082293,0.123766191,0.634709136,17,3,51,2,1,1,1,1,1,1.52746455,0.069040256,0.004592932,0.573940678,7,22,3,66,1,1,1,1,1,0,1.345252445,0.350407889,0.011581278,0.89279661,25,0,3,0,0,0,0,0,0,0,0,0,0,,,0,2,0,0,0,0,0,0,0,0,0,0,,,22,2,44,1,1,1,1,1,0,1.04506429,0.173351195,0.002350525,0.662711864,41,17,1,17,2,1,1,1,1,1,2.157691264,35.17411859,1.192343003,1.533898305,30,
945,ok,178,6,4,4,1.255659203,1.078005973,1.507788924,0.950142716,0.310491997,0.661348397,22,3,66,1,1,1,1,1,0,1.487774631,0.013006291,0.000865249,1.771398305,25,17,3,51,2,1,1,1,1,1,1.454955558,0.165820126,0.005480496,1.355508475,39,0,3,0,0,0,0,0,0,0,0,0,0,,,0,2,0,0,0,0,0,0,0,0,0,0,,,22,2,44,1,1,1,1,1,0,1.489295485,0.094488565,0.001281201,0.188135593,6,17,1,17,2,1,1,1,1,1,1.615996063,30.46287034,1.032639673,1.059322034,16,
1918,ok,178,6,4,4,1.107290551,0.125713028,1.38495701,1.075571323,0.249918295,0.428230519,17,3,51,2,1,1,1,1,1,1.587722676,0.164691102,0.010956145,0.374364407,4,22,3,66,1,1,1,1,1,0,1.29841095,0.257910494,0.00852416,0.958898305,27,0,3,0,0,0,0,0,0,0,0,0,0,,,0,2,0,0,0,0,0,0,0,0,0,0,,,22,2,44,1,1,1,1,1,0,1.062115163,0.368890026,0.005001899,0.784745763,50,17,1,17,2,1,1,1,1,1,1.973139289,26.19563717,0.887987701,1.669491525,34,
116,ok,178,5,4,4,1.308320928,0.147957634,1.359918666,1.028444735,0.622589657,0.625876122,17,3,51,2,1,1,1,1,1,1.436689365,9.868875143,0.656531101,1.50529661,21,22,3,66,1,1,1,1,1,0,1.152831292,0.198008031,0.006544333,0.463135593,12,0,3,0,0,0,0,0,0,0,0,0,0,,,0,2,0,0,0,0,0,0,0,0,0,0,,,22,2,44,1,1,1,1,1,0,1.051755264,0.265995003,0.003606712,0.798305085,51,17,1,17,1,1,1,0,1,0,0.74696325,22.72220149,0.770244118,0.516949153,0,
261,ok,178,5,4,4,1.627087498,0.151616999,1.336207154,0.906942201,0.374668239,0.791898114,17,3,51,2,1,1,1,1,1,2.583072258,27.78758587,1.848580924,0.108262712,0,22,3,66,1,1,1,1,1,0,1.186466891,0.343176281,0.011342267,0.496186441,13,0,3,0,0,0,0,0,0,0,0,0,0,,,0,2,0,0,0,0,0,0,0,0,0,0,,,22,2,44,1,1,1,1,1,0,1.041379699,0.667421087,0.009049777,0.730508475,46,17,1,17,1,1,1,0,1,0,0.934887276,27.12136808,0.91936841,0.516949153,0,
1709,ok,178,5,4,4,1.633624469,0.213619948,1.815958568,1.443178178,0.635346333,0.989277412,17,3,51,2,1,1,1,1,1,1.447466039,8.518214155,0.566677806,3.035381356,44,22,3,66,1,1,1,1,1,0,1.20863286,0.354363504,0.011712014,0.529237288,14,0,3,0,0,0,0,0,0,0,0,0,0,,,0,2,0,0,0,0,0,0,0,0,0,0,,,22,2,44,1,1,1,1,1,0,1.048459993,0.604909539,0.008202163,0.757627119,48,17,1,17,1,1,1,0,1,0,0.663982574,26.60287398,0.901792338,0.686440678,5,
1273,ok,178,4,4,4,1.518314097,0.080978182,0.16542043,1.082048083,0.687902859,0.695578846,22,3,66,1,1,1,1,1,0,0.334718669,0.000668546,4.45E-05,0.840042373,11,0,3,0,0,0,0,0,0,0,0,0,0,,,17,3,51,1,1,1,0,1,0,0.217708447,0.001650789,2.80E-05,0.076271186,4,0,2,0,0,0,0,0,0,0,0,0,0,,,22,2,44,1,1,1,1,1,0,0.814325119,0.251985353,0.003416751,0.757627119,48,17,1,17,1,1,1,0,1,0,0.679583075,0.114080994,0.003867152,0.618644068,3,
144,ok,177,8,4,4,2.051683271,0.161449487,1.062641889,1.538805247,0.651080469,0.884856377,17,3,51,2,1,1,1,1,1,1.514341449,10.98171302,0.730563112,0.573940678,7,17,3,51,2,1,1,1,1,1,1.186501016,0.320457851,0.010591404,0.496186441,13,17,3,51,2,1,1,1,1,1,1.216247853,0.40433377,0.006853115,0.347457627,20,0,2,0,0,0,0,0,0,0,0,0,0,,,12,2,24,2,1,1,0,1,1,1.337501997,1.04703267,0.014197053,0.174576271,5,0,1,0,0,0,0,0,0,0,0,0,0,,,
1440,ok,177,7,4,4,2.454132925,0.089509184,0.240641638,0.771251728,0.711825191,0.264895281,17,3,51,1,1,1,0,1,0,0.878914247,0.01148673,0.00076416,0.307838983,3,17,3,51,2,1,1,1,1,1,1.099040427,0.140917051,0.004657428,0.463135593,12,17,3,51,2,1,1,1,1,1,1.086090352,0.160489009,0.002720153,0.601694915,35,0,2,0,0,0,0,0,0,0,0,0,0,,,12,2,24,2,1,1,0,1,1,0.777104048,0.090084002,0.001221478,0.866101695,56,0,1,0,0,0,0,0,0,0,0,0,0,,,
1307,ok,177,6,4,3,1.494362064,0.142815065,0.073348556,2.485205114,0.760027148,0.603491295,17,3,51,2,1,1,1,1,1,3.485499441,0.007356916,0.000489422,0.108262712,0,17,3,51,2,1,1,1,1,1,1.209884887,0.328780194,0.010866464,0.859745763,24,15,3,45,1,1,0,1,0,0,0.048926054,0.000103873,1.76E-06,0.144067797,8,0,2,0,0,0,0,0,0,0,0,0,0,,,15,2,30,1,1,1,0,0,0,0.110960137,0.000617504,8.37E-06,0.133898305,2,0,1,0,0,0,0,0,0,0,0,0,0,,,
101,ok,177,4,3,3,1.323796561,0.763914168,0.090181453,1.067617869,0.608347545,0.653424342,22,3,66,1,1,1,1,1,0,0.243225712,0.000415542,2.76E-05,0.640466102,8,17,3,51,2,1,1,1,1,1,1.341299133,0.263332263,0.008703354,1.124152542,32,20,3,60,1,1,1,1,0,0,0.17091982,0.000295259,5.00E-06,0.788135593,46,0,2,0,0,0,0,0,0,0,0,0,0,,,0,2,0,0,0,0,0,0,0,0,0,0,,,0,1,0,0,0,0,0,0,0,0,0,0,,,
250,ok,177,4,3,3,1.275834144,0.097783242,0.062094809,0.634221816,0.665452918,0.690146662,22,3,66,1,1,1,1,1,0,0.252881178,0.00031775,2.11E-05,0.640466102,8,17,3,51,2,1,1,1,1,1,1.09163633,0.170008095,0.005618912,0.198728814,4,20,3,60,1,1,1,1,0,0,0.14246591,0.000419451,7.11E-06,0.110169492,6,0,2,0,0,0,0,0,0,0,0,0,0,,,0,2,0,0,0,0,0,0,0,0,0,0,,,0,1,0,0,0,0,0,0,0,0,0,0,,,
299,ok,177,4,3,3,1.486841263,1.326054206,0.34116046,2.198789968,0.820015347,0.473398973,17,3,51,2,1,1,1,1,1,3.272495027,0.082494377,0.005487973,0.108262712,0,22,3,66,1,1,1,1,1,0,0.633566969,0.000620469,2.05E-05,0.89279661,25,20,3,60,1,1,1,1,0,0,0.348534335,0.000437277,7.41E-06,0.754237288,44,0,2,0,0,0,0,0,0,0,0,0,0,,,0,2,0,0,0,0,0,0,0,0,0,0,,,0,1,0,0,0,0,0,0,0,0,0,0,,,
1125,ok,177,4,3,3,1.591402234,0.828151434,0.070999711,0.991965929,0.741055236,0.510267074,22,3,66,1,1,1,1,1,0,0.272667712,0.000312822,2.08E-05,0.507415254,6,17,3,51,2,1,1,1,1,1,1.352792109,0.117553504,0.003885243,1.124152542,32,20,3,60,1,1,1,1,0,0,0.136941063,0.000140754,2.39E-06,0.754237288,44,0,2,0,0,0,0,0,0,0,0,0,0,,,0,2,0,0,0,0,0,0,0,0,0,0,,,0,1,0,0,0,0,0,0,0,0,0,0,,,
1430,ok,177,4,3,3,2.307661624,0.989022128,0.226845636,2.114091374,0.851675391,0.548470063,17,3,51,2,1,1,1,1,1,3.059293191,0.076634617,0.00509815,0.108262712,0,22,3,66,1,1,1,1,1,0,0.401620811,0.000512589,1.69E-05,0.430084746,11,20,3,60,1,1,1,1,0,0,0.244788519,0.000409831,6.95E-06,0.669491525,39,0,2,0,0,0,0,0,0,0,0,0,0,,,0,2,0,0,0,0,0,0,0,0,0,0,,,0,1,0,0,0,0,0,0,0,0,0,0,,,
1806,ok,177,4,3,3,1.333843874,0.112961769,0.081979117,1.543900719,0.668215649,0.753052683,22,3,66,1,1,1,1,1,0,0.182829081,0.000157713,1.05E-05,0.773516949,10,17,3,51,2,1,1,1,1,1,1.17132862,0.214896927,0.007102526,0.430084746,11,20,3,60,1,1,1,1,0,0,0.083438744,0.000306065,5.19E-06,0.127118644,7,0,2,0,0,0,0,0,0,0,0,0,0,,,0,2,0,0,0,0,0,0,0,0,0,0,,,0,1,0,0,0,0,0,0,0,0,0,0,,,
462,ok,177,3,3,3,1.272745434,0.541487004,0.061774948,0.634890817,0.574525695,0.132107487,17,3,51,1,1,1,0,1,0,3.001396235,0.00352074,0.000234219,0.108262712,0,22,3,66,1,1,1,1,1,0,1.293131314,20.34168944,0.672310075,1.652966102,48,20,3,60,1,1,1,1,0,0,0.162688009,0.000305822,5.18E-06,0.618644068,36,0,2,0,0,0,0,0,0,0,0,0,0,,,0,2,0,0,0,0,0,0,0,0,0,0,,,0,1,0,0,0,0,0,0,0,0,0,0,,,
469,ok,177,3,3,3,1.79598758,0.862212441,0.083208308,0.559411752,0.818084838,0.011063129,17,3,51,1,1,1,0,1,0,3.026514542,0.002057293,0.000136862,0.108262712,0,22,3,66,1,1,1,1,1,0,1.284178431,14.77041488,0.488174729,1.454661017,42,20,3,60,1,1,1,1,0,0,0.22945496,0.000243162,4.12E-06,0.737288136,43,0,2,0,0,0,0,0,0,0,0,0,0,,,0,2,0,0,0,0,0,0,0,0,0,0,,,0,1,0,0,0,0,0,0,0,0,0,0,,,
498,ok,177,3,3,3,1.524549036,0.277657818,0.104804642,2.060827088,0.546636962,0.205364122,17,3,51,1,1,1,0,1,0,1.080205779,0.002029998,0.000135046,0.174788136,1,22,3,66,1,1,1,1,1,0,0.727953089,0.002650819,8.76E-05,1.025,29,20,3,60,1,1,1,1,0,0,0.102627623,0.000468754,7.94E-06,0.330508475,19,0,2,0,0,0,0,0,0,0,0,0,0,,,0,2,0,0,0,0,0,0,0,0,0,0,,,0,1,0,0,0,0,0,0,0,0,0,0,,,
648,ok,177,3,3,3,1.335358125,0.106025916,0.058890296,1.509425847,0.278293438,0.855805421,17,3,51,1,1,1,0,1,0,0.193501354,0.000470957,3.13E-05,0.440889831,5,22,3,66,1,1,1,1,1,0,1.235683589,0.447263939,0.014782452,0.661440678,18,20,3,60,1,1,1,1,0,0,0.071293,0.0003521,5.97E-06,0.228813559,13,0,2,0,0,0,0,0,0,0,0,0,0,,,0,2,0,0,0,0,0,0,0,0,0,0,,,0,1,0,0,0,0,0,0,0,0,0,0,,,
678,ok,177,3,3,3,1.531291843,1.219968606,0.219590075,0.55706108,0.895153697,0.054825971,17,3,51,1,1,1,0,1,0,2.596012335,0.003580766,0.000238212,0.108262712,0,22,3,66,1,1,1,1,1,0,1.300470925,15.96327112,0.527599639,1.454661017,42,20,3,60,1,1,1,1,0,0,0.52445163,0.000399017,6.76E-06,0.788135593,46,0,2,0,0,0,0,0,0,0,0,0,0,,,0,2,0,0,0,0,0,0,0,0,0,0,,,0,1,0,0,0,0,0,0,0,0,0,0,,,
976,ok,177,3,3,3,1.251528369,1.095678029,0.200243086,2.028017195,0.593025649,0.693032655,22,3,66,1,1,1,1,1,0,0.293361104,0.000601984,4.00E-05,0.773516949,10,22,3,66,1,1,1,1,1,0,0.449127585,0.001165618,3.85E-05,0.430084746,11,15,3,45,1,1,1,0,0,0,0.262149528,0.000502165,8.51E-06,0.906779661,53,0,2,0,0,0,0,0,0,0,0,0,0,,,0,2,0,0,0,0,0,0,0,0,0,0,,,0,1,0,0,0,0,0,0,0,0,0,0,,,
1129,ok,177,3,3,3,2.216993667,0.573482408,0.057618337,0.551332437,0.577053192,0.303119233,17,3,51,1,1,1,0,1,0,0.718571147,0.002904486,0.000193222,0.241313559,2,22,3,66,1,1,1,1,1,0,1.294447845,24.2380845,0.801089233,1.454661017,42,20,3,60,1,1,1,1,0,0,0.1764238,0.000510824,8.66E-06,0.618644068,36,0,2,0,0,0,0,0,0,0,0,0,0,,,0,2,0,0,0,0,0,0,0,0,0,0,,,0,1,0,0,0,0,0,0,0,0,0,0,,,
1177,ok,177,3,3,3,1.742418684,0.941735704,0.061083991,2.451993708,0.57774399,0.590632661,22,3,66,1,1,1,1,1,0,0.18878188,0.000211827,1.41E-05,0.507415254,6,22,3,66,1,1,1,1,1,0,0.41930236,0.001327553,4.39E-05,0.463135593,12,15,3,45,1,1,1,0,0,0,0.090362734,7.53E-05,1.28E-06,0.991525424,58,0,2,0,0,0,0,0,0,0,0,0,0,,,0,2,0,0,0,0,0,0,0,0,0,0,,,0,1,0,0,0,0,0,0,0,0,0,0,,,
1485,ok,177,3,3,3,2.412667321,0.378077556,0.069618395,0.607142666,0.773747195,0.084822727,17,3,51,1,1,1,0,1,0,3.317159966,0.001572264,0.000104596,0.108262712,0,22,3,66,1,1,1,1,1,0,1.239102309,16.32027088,0.539398783,1.586864407,46,20,3,60,1,1,1,1,0,0,0.172225758,0.000462424,7.84E-06,0.347457627,20,0,2,0,0,0,0,0,0,0,0,0,0,,,0,2,0,0,0,0,0,0,0,0,0,0,,,0,1,0,0,0,0,0,0,0,0,0,0,,,
1786,ok,177,3,3,3,2.379040821,0.097920254,0.071214875,2.102723464,0.337159883,0.702567483,17,3,51,1,1,1,0,1,0,0.20188197,0.000758911,5.05E-05,0.440889831,5,22,3,66,1,1,1,1,1,0,1.238773325,0.601525096,0.019880914,0.859745763,24,20,3,60,1,1,1,1,0,0,0.064756277,0.000477167,8.09E-06,0.177966102,10,0,2,0,0,0,0,0,0,0,0,0,0,,,0,2,0,0,0,0,0,0,0,0,0,0,,,0,1,0,0,0,0,0,0,0,0,0,0,,,
1935,ok,177,3,3,3,1.38044048,0.172321475,0.077905219,2.269249034,0.733329824,0.14264324,17,3,51,1,1,1,0,1,0,3.464472423,0.001362323,9.06E-05,0.108262712,0,22,3,66,1,1,1,1,1,0,0.469894307,0.000407939,1.35E-05,0.727542373,20,20,3,60,1,1,1,1,0,0,0.058090256,0.000130065,2.20E-06,0.177966102,10,0,2,0,0,0,0,0,0,0,0,0,0,,,0,2,0,0,0,0,0,0,0,0,0,0,,,0,1,0,0,0,0,0,0,0,0,0,0,,,
1993,ok,177,3,3,3,1.885840602,1.056478704,0.13058486,2.074153235,0.602945315,0.57939339,22,3,66,1,1,1,1,1,0,0.252109319,0.0007907,5.26E-05,0.573940678,7,22,3,66,1,1,1,1,1,0,0.498968117,0.001737405,5.74E-05,0.529237288,14,15,3,45,1,1,1,0,0,0,0.184924152,0.000357383,6.06E-06,0.923728814,54,0,2,0,0,0,0,0,0,0,0,0,0,,,0,2,0,0,0,0,0,0,0,0,0,0,,,0,1,0,0,0,0,0,0,0,0,0,0,,,
738,ok,176,3,3,3,1.667263618,0.930950863,0.226403382,2.007369033,0.302408566,0.850556123,22,3,66,1,1,1,1,1,0,0.349757388,0.002035638,0.000135422,0.640466102,8,22,3,66,1,1,1,1,1,0,0.465782095,0.002282294,7.54E-05,0.397033898,10,0,3,0,0,0,0,0,0,0,0,0,0,,,0,2,0,0,0,0,0,0,0,0,0,0,,,22,2,44,1,1,1,1,1,0,0.30288916,0.001183764,1.61E-05,0.472881356,27,0,1,0,0,0,0,0,0,0,0,0,0,,,
930,ok,176,3,3,3,2.021458648,0.169953053,0.152007286,2.251935892,0.13306132,0.272305062,0,3,0,0,0,0,0,0,0,0,0,0,,,22,3,66,1,1,1,1,1,0,0.90379787,0.008590162,0.000283912,1.421610169,41,22,3,66,1,1,1,1,1,0,0.181740402,0.001423409,2.41E-05,0.618644068,36,0,2,0,0,0,0,0,0,0,0,0,0,,,22,2,44,1,1,1,1,1,0,0.156789973,0.000904382,1.23E-05,0.350847458,18,0,1,0,0,0,0,0,0,0,0,0,0,,,
969,ok,176,3,3,3,1.724200973,1.947908268,0.697295128,1.288047705,0.114765499,0.704467983,22,3,66,1,1,1,1,1,0,0.84538411,0.007543681,0.000501847,0.507415254,6,22,3,66,1,1,1,1,1,0,0.99854418,0.001346152,4.45E-05,1.124152542,32,0,3,0,0,0,0,0,0,0,0,0,0,,,0,2,0,0,0,0,0,0,0,0,0,0,,,22,2,44,1,1,1,1,1,0,0.777315348,0.002337249,3.17E-05,0.513559322,30,0,1,0,0,0,0,0,0,0,0,0,0,,,
1557,ok,176,3,3,3,2.23204121,2.140799431,0.538718884,1.96518196,0.290419989,0.826073927,22,3,66,1,1,1,1,1,0,0.572508492,0.001694504,0.000112728,1.172669492,16,22,3,66,1,1,1,1,1,0,0.68324108,0.002319593,7.67E-05,0.76059322,21,0,3,0,0,0,0,0,0,0,0,0,0,,,0,2,0,0,0,0,0,0,0,0,0,0,,,22,2,44,1,1,1,1,1,0,0.548810427,0.001141285,1.55E-05,0.594915254,36,0,1,0,0,0,0,0,0,0,0,0,0,,,
1872,ok,176,3,3,3,1.56236905,1.52929754,0.364995346,2.019688193,0.344748769,0.995606223,22,3,66,1,1,1,1,1,0,0.460109396,0.000895063,5.95E-05,1.239194915,17,22,3,66,1,1,1,1,1,0,0.505539314,0.001886623,6.24E-05,0.430084746,11,0,3,0,0,0,0,0,0,0,0,0,0,,,0,2,0,0,0,0,0,0,0,0,0,0,,,22,2,44,1,1,1,1,1,0,0.447938159,0.001457542,1.98E-05,0.43220339,24,0,1,0,0,0,0,0,0,0,0,0,0,,,
1962,ok,176,3,3,3,1.64268339,1.976101536,0.562876268,2.049208517,0.257347755,0.826660003,22,3,66,1,1,1,1,1,0,0.57649378,0.001279353,8.51E-05,1.106144068,15,22,3,66,1,1,1,1,1,0,0.684835859,0.001858019,6.14E-05,0.793644068,22,0,3,0,0,0,0,0,0,0,0,0,0,,,0,2,0,0,0,0,0,0,0,0,0,0,,,22,2,44,1,1,1,1,1,0,0.554315031,0.001104854,1.50E-05,0.527118644,31,0,1,0,0,0,0,0,0,0,0,0,0,,,
474,ok,175,7,4,4,2.152964347,0.12901537,0.728881973,0.602849211,0.89910518,0.54041979,12,3,36,3,1,1,1,1,2,1.346634896,2.205625394,0.146730164,1.106144068,15,17,3,51,2,1,1,1,1,1,1.084941523,0.084579648,0.002795429,0.231779661,5,22,3,66,1,1,1,1,1,0,1.040049104,0.032673296,0.000553785,0.601694915,35,0,2,0,0,0,0,0,0,0,0,0,0,,,0,2,0,0,0,0,0,0,0,0,0,0,,,22,1,22,1,1,1,1,1,0,4.060907856,0.051434359,0.001743538,2.279661017,52,
494,ok,175,7,4,4,1.69879189,0.133626292,0.498427796,1.798699783,0.702913841,0.583782755,17,3,51,2,1,1,1,1,1,3.864612334,1.092435881,0.07267476,0.108262712,0,17,3,51,2,1,1,1,1,1,1.18202555,0.306359968,0.010125457,0.694491525,19,17,3,51,2,1,1,1,1,1,1.175529621,0.44325059,0.007512722,0.838983051,49,0,2,0,0,0,0,0,0,0,0,0,0,,,0,2,0,0,0,0,0,0,0,0,0,0,,,22,1,22,1,1,1,1,1,0,0.854355966,0.140758429,0.004771472,1.228813559,21,
702,ok,175,7,4,4,2.268365592,0.272179964,0.691696997,1.547687169,0.736963057,0.609889443,12,3,36,3,1,1,1,1,2,3.232616069,5.818040426,0.387047605,0.174788136,1,22,3,66,1,1,1,1,1,0,1.259267935,0.280725369,0.009278211,0.859745763,24,17,3,51,2,1,1,1,1,1,1.235931874,0.567710481,0.009622212,0.822033898,48,0,2,0,0,0,0,0,0,0,0,0,0,,,0,2,0,0,0,0,0,0,0,0,0,0,,,22,1,22,1,1,1,1,1,0,0.993323421,0.201924871,0.006844911,1.161016949,19,
1809,ok,175,7,4,4,1.239113804,1.420854667,1.253734244,1.297529578,0.886977938,0.820655424,17,3,51,2,1,1,1,1,1,1.369134941,1.440384076,0.095822161,1.372245763,19,17,3,51,2,1,1,1,1,1,1.3557623,0.097520476,0.003223134,1.256355932,36,17,3,51,2,1,1,1,1,1,1.348730859,0.125836706,0.002132826,0.838983051,49,0,2,0,0,0,0,0,0,0,0,0,0,,,0,2,0,0,0,0,0,0,0,0,0,0,,,22,1,22,1,1,1,1,1,0,1.389176946,0.064983767,0.00220284,1.296610169,23,
537,ok,175,6,4,4,1.52669055,1.903993262,0.991787853,2.02127501,0.690966109,0.983966191,12,3,36,2,1,1,0,1,1,1.68053194,2.970816098,0.1976348,0.440889831,5,17,3,51,2,1,1,1,1,1,1.428240222,0.512666617,0.016944066,1.950423729,57,22,3,66,1,1,1,1,1,0,0.718348183,0.003667956,6.22E-05,0.533898305,31,0,2,0,0,0,0,0,0,0,0,0,0,,,0,2,0,0,0,0,0,0,0,0,0,0,,,22,1,22,1,1,1,1,1,0,0.804008882,0.248282652,0.008416361,0.855932203,10,
762,ok,175,6,4,4,2.191774254,1.196859517,1.003623209,1.590137565,0.50907424,0.873446846,12,3,36,2,1,1,0,1,1,1.905856959,32.46112391,2.159490023,0.108262712,0,17,3,51,2,1,1,1,1,1,1.416654776,0.692051257,0.022872881,1.652966102,48,22,3,66,1,1,1,1,1,0,0.853888182,0.016625652,0.000281791,0.449152542,26,0,2,0,0,0,0,0,0,0,0,0,0,,,0,2,0,0,0,0,0,0,0,0,0,0,,,22,1,22,1,1,1,1,1,0,0.92309537,0.450478947,0.015270473,0.855932203,10,
796,ok,175,6,4,4,1.972173783,0.097256626,0.288959564,1.617333359,0.702452304,0.490756614,17,3,51,2,1,1,1,1,1,4.10570433,0.245360561,0.016322715,0.108262712,0,17,3,51,2,1,1,1,1,1,1.150948903,0.293954519,0.009715446,0.595338983,16,17,3,51,1,1,1,0,1,0,0.273814303,0.004124484,6.99E-05,0.093220339,5,0,2,0,0,0,0,0,0,0,0,0,0,,,0,2,0,0,0,0,0,0,0,0,0,0,,,22,1,22,1,1,1,1,1,0,0.555519733,0.1315247,0.004458464,0.720338983,6,
1300,ok,175,6,4,4,1.216402536,0.536727988,0.750839277,1.755971584,0.887968252,0.799790523,7,3,21,3,1,1,0,1,2,2.562186313,1.20620123,0.080243048,0.174788136,1,22,3,66,1,1,1,1,1,0,1.284023049,0.17121036,0.005658647,1.025,29,22,3,66,1,1,1,1,1,0,0.583985998,0.001565068,2.65E-05,0.313559322,18,0,2,0,0,0,0,0,0,0,0,0,0,,,0,2,0,0,0,0,0,0,0,0,0,0,,,22,1,22,1,1,1,1,1,0,0.928211396,0.100462244,0.0034055,1.161016949,19,
1441,ok,175,6,4,4,1.941187073,0.857501155,1.095739966,1.79512365,0.466362826,0.723459246,12,3,36,2,1,1,0,1,1,3.21516789,20.8919453,1.389845514,0.108262712,0,17,3,51,2,1,1,1,1,1,1.414470601,0.662842679,0.021907512,1.851271186,54,22,3,66,1,1,1,1,1,0,0.840270148,0.020987157,0.000355715,0.381355932,22,0,2,0,0,0,0,0,0,0,0,0,0,,,0,2,0,0,0,0,0,0,0,0,0,0,,,22,1,22,1,1,1,1,1,0,0.912838362,0.337968989,0.011456576,0.957627119,13,
568,ok,174,11,5,5,1.858030803,0.397470076,0.767821097,0.676805339,0.620736244,0.284847533,12,3,36,3,1,1,1,1,2,4.172819716,3.427121476,0.227990708,0.108262712,0,12,3,36,3,1,1,1,1,2,1.362010396,29.88088993,0.987588735,0.793644068,22,17,3,51,2,1,1,1,1,1,1.42165863,0.085087183,0.001442156,0.245762712,14,0,2,0,0,0,0,0,0,0,0,0,0,,,17,2,34,2,1,1,1,1,1,1.446558307,0.020293499,0.000275166,0.472881356,27,17,1,17,1,1,1,0,1,0,1.378595334,0.070262804,0.00238179,0.652542373,4,
1581,ok,174,11,5,5,2.008912508,1.222324612,0.633038651,0.50056689,0.584966993,0.755463956,12,3,36,3,1,1,1,1,2,2.593962147,14.89971353,0.991209756,0.108262712,0,12,3,36,3,1,1,1,1,2,1.37325998,27.1437147,0.897122774,0.628389831,17,17,3,51,2,1,1,1,1,1,1.476414438,0.054818571,0.000929128,0.533898305,31,0,2,0,0,0,0,0,0,0,0,0,0,,,17,2,34,2,1,1,1,1,1,1.426371128,0.056254245,0.000762769,0.228813559,9,17,1,17,1,1,1,0,1,0,1.518998039,0.225533943,0.007645218,0.516949153,0,
1794,ok,174,11,5,5,1.827921301,0.662859331,0.776197365,0.645783936,0.712914638,0.469826632,12,3,36,3,1,1,1,1,2,2.22274766,7.438275376,0.494834421,0.108262712,0,12,3,36,3,1,1,1,1,2,1.352764792,31.94399936,1.05577625,1.686016949,49,17,3,51,2,1,1,1,1,1,1.432819653,0.052668174,0.000892681,0.330508475,19,0,2,0,0,0,0,0,0,0,0,0,0,,,17,2,34,2,1,1,1,1,1,1.451769955,0.04726631,0.000640899,0.296610169,14,17,1,17,1,1,1,0,1,0,1.467576747,0.139716308,0.004736146,0.686440678,5,
1909,ok,173,4,4,4,1.137980085,0.828395576,1.850570838,1.252300357,0.824130142,0.831034579,17,3,51,1,1,1,0,1,0,1.28246352,2.158617211,0.143602925,0.241313559,2,22,3,66,1,1,1,1,1,0,1.308075435,0.170837507,0.005646324,0.991949153,28,0,3,0,0,0,0,0,0,0,0,0,0,,,0,2,0,0,0,0,0,0,0,0,0,0,,,17,2,34,1,1,1,0,1,0,1.47038694,0.245862099,0.003333723,0.133898305,2,22,1,22,1,1,1,1,1,0,0.812045161,25.19724299,0.85414383,0.720338983,6,
1832,ok,172,11,5,5,1.347197382,0.116880319,0.546042737,1.347373467,0.881493235,0.788897346,12,3,36,3,1,1,1,1,2,2.388397888,1.800649835,0.119788993,0.241313559,2,17,3,51,2,1,1,1,1,1,1.1463887,0.126500871,0.004180961,0.330932203,8,12,3,36,3,1,1,1,1,2,1.137469037,0.092916818,0.001574861,0.415254237,24,0,2,0,0,0,0,0,0,0,0,0,0,,,17,2,34,2,1,1,1,1,1,1.223769388,0.507407018,0.006880095,0.405084746,22,15,1,15,1,1,1,0,0,0,1.964577913,5.05E-09,1.71E-10,2.415254237,56,
55,ok,172,9,4,4,2.256632131,0.115200634,1.458555999,1.580645239,0.610596029,0.621205537,17,3,51,2,1,1,1,1,1,1.484985995,17.86549499,1.188509625,0.640466102,8,17,3,51,2,1,1,1,1,1,1.192988387,0.270252066,0.00893206,0.562288136,15,12,3,36,3,1,1,1,1,2,1.365312797,0.526055241,0.008916191,0.093220339,5,0,2,0,0,0,0,0,0,0,0,0,0,,,17,2,34,2,1,1,1,1,1,1.383049042,0.817561004,0.011085573,0.106779661,0,0,1,0,0,0,0,0,0,0,0,0,0,,,
131,ok,172,9,4,4,2.496645421,0.23987319,0.541463141,0.682976824,0.236164935,0.55874024,17,3,51,2,1,1,1,1,1,3.104117538,9.229113178,0.613970665,0.108262712,0,12,3,36,3,1,1,1,1,2,1.385647321,46.63526108,1.5413349,1.785169492,52,17,3,51,2,1,1,1,1,1,1.306251774,0.386704387,0.006554312,0.991525424,58,0,2,0,0,0,0,0,0,0,0,0,0,,,17,2,34,2,1,1,1,1,1,1.272509158,0.225915301,0.003063258,0.486440678,28,0,1,0,0,0,0,0,0,0,0,0,0,,,
286,ok,172,9,4,4,1.075779785,0.111356838,1.317909697,1.601245466,0.835082759,0.549761457,17,3,51,2,1,1,1,1,1,2.120124375,1.965113146,0.130729985,0.174788136,1,17,3,51,2,1,1,1,1,1,1.147708448,0.088036252,0.002909673,0.496186441,13,12,3,36,3,1,1,1,1,2,1.154044916,0.172451002,0.002922898,0.161016949,9,0,2,0,0,0,0,0,0,0,0,0,0,,,17,2,34,2,1,1,1,1,1,1.34688418,0.538275752,0.007298654,0.161016949,4,0,1,0,0,0,0,0,0,0,0,0,0,,,
717,ok,172,9,4,4,2.457345909,0.103999439,0.700773569,1.210430219,0.82057346,0.989788807,17,3,51,2,1,1,1,1,1,1.449497117,1.182452612,0.078663161,0.573940678,7,17,3,51,2,1,1,1,1,1,1.134244259,0.223602226,0.007390243,0.231779661,5,12,3,36,3,1,1,1,1,2,1.133732017,0.219192551,0.003715128,0.262711864,15,0,2,0,0,0,0,0,0,0,0,0,0,,,17,2,34,2,1,1,1,1,1,1.297139983,1.287991503,0.017464292,0.147457627,3,0,1,0,0,0,0,0,0,0,0,0,0,,,
900,ok,172,9,4,4,2.224425692,0.079194835,1.97306147,2.034099271,0.762035058,0.202678899,12,3,36,3,1,1,1,1,2,2.382504059,3.273069528,0.217742337,0.108262712,0,17,3,51,2,1,1,1,1,1,1.147979899,0.042202628,0.001394833,1.355508475,39,17,3,51,2,1,1,1,1,1,1.164122081,0.095220826,0.001613912,0.110169492,6,0,2,0,0,0,0,0,0,0,0,0,0,,,17,2,34,2,1,1,1,1,1,1.333823266,0.548031791,0.00743094,0.283050847,13,0,1,0,0,0,0,0,0,0,0,0,0,,,
1461,ok,172,9,4,4,1.879025604,0.119737459,1.011043443,1.774675859,0.554585922,0.624032196,12,3,36,3,1,1,1,1,2,3.049564375,12.36597117,0.822651472,0.108262712,0,17,3,51,2,1,1,1,1,1,1.189118278,0.373985681,0.012360544,0.694491525,19,17,3,51,2,1,1,1,1,1,1.232993624,0.439839485,0.007454907,0.381355932,22,0,2,0,0,0,0,0,0,0,0,0,0,,,17,2,34,2,1,1,1,1,1,1.274693086,0.875478029,0.011870889,0.296610169,14,0,1,0,0,0,0,0,0,0,0,0,0,,,
234,ok,172,8,4,4,1.375713614,0.101331053,0.815223577,2.347486861,0.491904617,0.865995342,12,3,36,2,1,1,0,1,1,4.182855237,7.166929976,0.476783053,0.108262712,0,17,3,51,2,1,1,1,1,1,1.21201866,0.506783099,0.016749611,0.628389831,17,17,3,51,2,1,1,1,1,1,1.22914522,0.724161307,0.01227392,0.63559322,37,0,2,0,0,0,0,0,0,0,0,0,0,,,17,2,34,2,1,1,1,1,1,1.264504661,1.073425951,0.014554928,0.323728814,16,0,1,0,0,0,0,0,0,0,0,0,0,,,
875,ok,172,8,4,4,1.628988749,0.105012932,1.068341237,1.877457044,0.836404416,0.385569901,12,3,36,3,1,1,1,1,2,3.365061506,2.432432567,0.161818607,0.174788136,1,17,3,51,2,1,1,1,1,1,1.17050562,0.024862014,0.000821711,0.76059322,21,17,3,51,1,1,1,0,1,0,0.750782848,0.009837448,0.000166736,0.076271186,4,0,2,0,0,0,0,0,0,0,0,0,0,,,17,2,34,2,1,1,1,1,1,1.242691123,0.421920303,0.005720953,0.486440678,28,0,1,0,0,0,0,0,0,0,0,0,0,,,
1244,ok,172,8,4,4,1.683915089,0.084743786,0.062545449,0.881649086,0.840460043,0.180777,12,3,36,2,1,1,0,1,1,2.978568506,0.000519046,3.45E-05,0.108262712,0,17,3,51,2,1,1,1,1,1,1.099009001,0.003262883,0.000107841,0.628389831,17,17,3,51,2,1,1,1,1,1,0.26016883,0.002018252,3.42E-05,0.56779661,33,0,2,0,0,0,0,0,0,0,0,0,0,,,17,2,34,2,1,1,1,1,1,0.139752916,0.001749991,2.37E-05,0.283050847,13,0,1,0,0,0,0,0,0,0,0,0,0,,,
1327,ok,172,8,4,4,1.070594836,0.169743767,0.554197072,0.712185788,0.178575213,0.409371714,17,3,51,1,1,1,0,1,0,1.365005816,0.049747707,0.003309487,0.241313559,2,12,3,36,3,1,1,1,1,2,1.371697921,37.46203694,1.238152068,0.859745763,24,17,3,51,2,1,1,1,1,1,1.30333777,0.304272165,0.005157155,0.957627119,56,0,2,0,0,0,0,0,0,0,0,0,0,,,17,2,34,2,1,1,1,1,1,1.237655893,0.116779013,0.001583444,0.513559322,30,0,1,0,0,0,0,0,0,0,0,0,0,,,
1689,ok,172,8,4,4,1.594856299,0.077749625,0.184400733,1.038465966,0.774323104,0.357465264,12,3,36,2,1,1,0,1,1,3.633402359,0.037912741,0.002522161,0.108262712,0,17,3,51,2,1,1,1,1,1,1.101119968,0.002008378,6.64E-05,0.463135593,12,17,3,51,2,1,1,1,1,1,0.257625258,0.00289477,4.91E-05,0.076271186,4,0,2,0,0,0,0,0,0,0,0,0,0,,,17,2,34,2,1,1,1,1,1,0.665402242,0.130034492,0.00176318,0.757627119,48,0,1,0,0,0,0,0,0,0,0,0,0,,,
1755,ok,172,8,4,4,2.392066254,0.080527668,0.089998971,0.520602968,0.782045054,0.231764314,12,3,36,2,1,1,0,1,1,3.510083647,0.010219677,0.000679868,0.108262712,0,17,3,51,2,1,1,1,1,1,1.146189771,0.033697075,0.001113717,0.297881356,7,17,3,51,2,1,1,1,1,1,0.624396521,0.027438149,0.000465053,0.56779661,33,0,2,0,0,0,0,0,0,0,0,0,0,,,17,2,34,2,1,1,1,1,1,0.464091057,0.027882596,0.000378069,0.798305085,51,0,1,0,0,0,0,0,0,0,0,0,0,,,
1757,ok,172,8,4,4,2.17343481,0.144689117,0.800516918,2.352208591,0.721743902,0.984803734,12,3,36,2,1,1,0,1,1,2.742419874,8.626944571,0.573911143,0.241313559,2,17,3,51,2,1,1,1,1,1,1.218189053,0.489119101,0.016165801,0.562288136,15,17,3,51,2,1,1,1,1,1,1.226004821,0.600946919,0.010185541,0.63559322,37,0,2,0,0,0,0,0,0,0,0,0,0,,,17,2,34,2,1,1,1,1,1,1.266451321,1.323801913,0.017949856,0.405084746,22,0,1,0,0,0,0,0,0,0,0,0,0,,,
848,ok,172,6,4,4,1.763394628,0.09451421,0.05320335,1.499590866,0.819996968,0.228780276,12,3,36,2,1,1,0,1,1,3.062880573,0.000554756,3.69E-05,0.108262712,0,17,3,51,2,1,1,1,1,1,1.11824974,0.002023035,6.69E-05,0.925847458,26,15,3,45,1,1,1,0,0,0,0.05265936,8.08E-05,1.37E-06,0.093220339,5,0,2,0,0,0,0,0,0,0,0,0,0,,,20,2,40,1,1,1,1,0,0,0.088363603,0.000201991,2.74E-06,0.242372881,10,0,1,0,0,0,0,0,0,0,0,0,0,,,
287,ok,171,4,3,3,1.172891706,0.124479288,0.109902973,1.821861558,0.681013813,0.873806667,20,3,60,1,1,1,1,0,0,0.19690257,0.000123598,8.22E-06,0.97309322,13,17,3,51,2,1,1,1,1,1,1.178799802,0.264817668,0.008752448,0.463135593,12,20,3,60,1,1,1,1,0,0,0.091539632,0.000344249,5.83E-06,0.127118644,7,0,2,0,0,0,0,0,0,0,0,0,0,,,0,2,0,0,0,0,0,0,0,0,0,0,,,0,1,0,0,0,0,0,0,0,0,0,0,,,
1191,ok,171,4,3,3,1.794848535,0.120192916,0.062832387,1.224214009,0.731439857,0.828046742,20,3,60,1,1,1,1,0,0,0.159269006,0.00011087,7.38E-06,0.906567797,12,17,3,51,2,1,1,1,1,1,1.144840759,0.254748536,0.008419655,0.330932203,8,20,3,60,1,1,1,1,0,0,0.07964331,0.000236537,4.01E-06,0.127118644,7,0,2,0,0,0,0,0,0,0,0,0,0,,,0,2,0,0,0,0,0,0,0,0,0,0,,,0,1,0,0,0,0,0,0,0,0,0,0,,,
639,ok,171,3,3,3,1.14205923,0.631666972,0.064419941,2.298742525,0.717572582,0.410954558,15,3,45,1,1,1,0,0,0,0.318910472,0.000119967,7.98E-06,0.374364407,4,22,3,66,1,1,1,1,1,0,0.440805143,0.000622339,2.06E-05,0.562288136,15,20,3,60,1,1,1,1,0,0,0.073075729,4.36E-05,7.40E-07,0.63559322,37,0,2,0,0,0,0,0,0,0,0,0,0,,,0,2,0,0,0,0,0,0,0,0,0,0,,,0,1,0,0,0,0,0,0,0,0,0,0,,,
324,ok,170,6,4,4,1.542077557,1.273728141,0.837471691,1.490859425,0.411750892,0.999728911,12,3,36,2,1,1,0,1,1,3.658221467,21.84314407,1.453124415,0.108262712,0,17,3,51,2,1,1,1,1,1,1.415849538,0.698512842,0.023086441,1.619915254,47,22,3,66,1,1,1,1,1,0,0.794419095,0.009449636,0.000160163,0.56779661,33,0,2,0,0,0,0,0,0,0,0,0,0,,,0,2,0,0,0,0,0,0,0,0,0,0,,,17,1,17,1,1,1,0,1,0,0.853276693,0.387911199,0.013149532,0.686440678,5,
1173,ok,170,6,4,4,2.112380473,0.355557258,1.321222944,1.89646854,0.751853941,0.167857587,12,3,36,2,1,1,0,1,1,3.668038011,0.382533961,0.025448234,0.108262712,0,22,3,66,1,1,1,1,1,0,1.058567359,0.003270879,0.000108105,1.619915254,47,17,3,51,2,1,1,1,1,1,1.301294462,0.508328122,0.008615731,0.516949153,30,0,2,0,0,0,0,0,0,0,0,0,0,,,0,2,0,0,0,0,0,0,0,0,0,0,,,17,1,17,1,1,1,0,1,0,0.525384556,17.53878551,0.594535102,0.516949153,0,
824,ok,168,6,4,4,2.446419305,0.95764706,1.071420535,0.725857069,0.352735157,0.814720438,22,3,66,1,1,1,1,1,0,1.476616803,0.025385967,0.001688812,1.704872881,24,12,3,36,3,1,1,1,1,2,1.417288099,57.9222025,1.914377879,0.925847458,26,0,3,0,0,0,0,0,0,0,0,0,0,,,0,2,0,0,0,0,0,0,0,0,0,0,,,22,2,44,1,1,1,1,1,0,1.470219515,0.182066244,0.002468695,0.201694915,7,22,1,22,1,1,1,1,1,0,1.67582307,0.45275344,0.015347574,0.855932203,10,
1478,ok,168,6,4,4,1.621695215,0.126527196,0.856708815,0.718187286,0.222587816,0.64793574,17,3,51,2,1,1,1,1,1,1.528333555,0.342363055,0.022775847,0.374364407,4,17,3,51,2,1,1,1,1,1,1.45466937,51.00762546,1.685845248,1.884322034,55,0,3,0,0,0,0,0,0,0,0,0,0,,,0,2,0,0,0,0,0,0,0,0,0,0,,,22,2,44,1,1,1,1,1,0,1.043771594,0.307960732,0.004175739,0.811864407,52,22,1,22,1,1,1,1,1,0,2.055908378,0.350688425,0.011887743,1.194915254,20,
1766,ok,168,6,4,4,1.804689398,0.617537137,1.261129251,0.843682456,0.817293542,0.519000407,17,3,51,2,1,1,1,1,1,1.428862191,1.499948058,0.09978468,2.303601695,33,17,3,51,2,1,1,1,1,1,1.292435347,0.089583632,0.002960815,0.826694915,23,0,3,0,0,0,0,0,0,0,0,0,0,,,0,2,0,0,0,0,0,0,0,0,0,0,,,22,2,44,1,1,1,1,1,0,1.49938278,0.075121026,0.00101859,0.188135593,6,22,1,22,1,1,1,1,1,0,2.016411478,0.117140521,0.003970865,1.36440678,25,
70,ok,168,5,3,3,2.157557568,0.200425539,1.269513904,1.089675177,0.55145253,0.74995031,17,3,51,2,1,1,1,1,1,1.435869314,24.17945602,1.608548557,1.172669492,16,22,3,66,1,1,1,1,1,0,1.193186548,0.347969905,0.0115007,0.562288136,15,17,3,51,2,1,1,1,1,1,1.450515059,0.072087249,0.001221818,0.144067797,8,0,2,0,0,0,0,0,0,0,0,0,0,,,0,2,0,0,0,0,0,0,0,0,0,0,,,0,1,0,0,0,0,0,0,0,0,0,0,,,
129,ok,168,5,3,3,1.084801859,0.139646804,0.193290463,1.568874952,0.750463576,0.657809823,17,3,51,2,1,1,1,1,1,3.782915412,0.066966226,0.004454957,0.108262712,0,17,3,51,2,1,1,1,1,1,1.172828857,0.150951755,0.004989083,0.529237288,14,22,3,66,1,1,1,1,1,0,0.181939414,0.000803191,1.36E-05,0.144067797,8,0,2,0,0,0,0,0,0,0,0,0,0,,,0,2,0,0,0,0,0,0,0,0,0,0,,,0,1,0,0,0,0,0,0,0,0,0,0,,,
140,ok,168,5,3,3,2.12336042,3.606875582,0.866893484,0.682281649,0.784192124,0.429252432,12,3,36,3,1,1,1,1,2,1.54550459,6.786230343,0.451456849,0.108262712,0,22,3,66,1,1,1,1,1,0,1.342650154,30.82206522,1.018695376,1.785169492,52,22,3,66,1,1,1,1,1,0,1.281675146,0.004915524,8.33E-05,0.652542373,38,0,2,0,0,0,0,0,0,0,0,0,0,,,0,2,0,0,0,0,0,0,0,0,0,0,,,0,1,0,0,0,0,0,0,0,0,0,0,,,
219,ok,168,5,3,3,2.168200692,0.128724374,0.122856134,1.25099774,0.720564185,0.93467429,17,3,51,2,1,1,1,1,1,4.007028043,0.229845714,0.015290583,0.108262712,0,17,3,51,2,1,1,1,1,1,1.156281381,0.325821575,0.010768679,0.330932203,8,22,3,66,1,1,1,1,1,0,0.152080872,0.001041437,1.77E-05,0.127118644,7,0,2,0,0,0,0,0,0,0,0,0,0,,,0,2,0,0,0,0,0,0,0,0,0,0,,,0,1,0,0,0,0,0,0,0,0,0,0,,,
361,ok,168,5,3,3,2.421226444,0.859731228,0.19814849,1.81992923,0.764261144,0.569158587,17,3,51,2,1,1,1,1,1,3.625635583,0.141267658,0.009397891,0.108262712,0,17,3,51,2,1,1,1,1,1,1.378184675,0.369013229,0.0121962,1.785169492,52,22,3,66,1,1,1,1,1,0,0.237259764,0.000806053,1.37E-05,0.63559322,37,0,2,0,0,0,0,0,0,0,0,0,0,,,0,2,0,0,0,0,0,0,0,0,0,0,,,0,1,0,0,0,0,0,0,0,0,0,0,,,
478,ok,168,5,3,3,2.213662219,0.149800106,0.165204425,0.651104132,0.639650727,0.860856111,17,3,51,2,1,1,1,1,1,4.696946177,3.341153718,0.222271667,0.108262712,0,17,3,51,2,1,1,1,1,1,1.114313238,0.209469079,0.006923131,0.231779661,5,22,3,66,1,1,1,1,1,0,0.368690092,0.004199873,7.12E-05,0.144067797,8,0,2,0,0,0,0,0,0,0,0,0,0,,,0,2,0,0,0,0,0,0,0,0,0,0,,,0,1,0,0,0,0,0,0,0,0,0,0,,,
775,ok,168,5,3,3,1.40144187,1.799567783,0.621303196,1.206437026,0.322362453,0.543579397,17,3,51,2,1,1,1,1,1,3.552470268,3.593445808,0.239055505,0.108262712,0,17,3,51,2,1,1,1,1,1,1.490171199,0.100653784,0.003326693,1.950423729,57,22,3,66,1,1,1,1,1,0,0.757701098,0.004014354,6.80E-05,0.855932203,50,0,2,0,0,0,0,0,0,0,0,0,0,,,0,2,0,0,0,0,0,0,0,0,0,0,,,0,1,0,0,0,0,0,0,0,0,0,0,,,
859,ok,168,5,3,3,1.234024687,1.137811807,0.404036242,0.612254706,0.821009581,0.421596484,12,3,36,3,1,1,1,1,2,3.098417891,0.828065245,0.055087391,0.108262712,0,22,3,66,1,1,1,1,1,0,1.294853353,24.22296619,0.800589561,1.586864407,46,22,3,66,1,1,1,1,1,0,0.809883833,0.002048557,3.47E-05,0.618644068,36,0,2,0,0,0,0,0,0,0,0,0,0,,,0,2,0,0,0,0,0,0,0,0,0,0,,,0,1,0,0,0,0,0,0,0,0,0,0,,,
889,ok,168,5,3,3,1.478828404,1.11210886,0.249615027,0.826733414,0.627764266,0.701546977,17,3,51,2,1,1,1,1,1,4.720636447,1.956190134,0.130136378,0.108262712,0,17,3,51,2,1,1,1,1,1,1.386445262,0.135992003,0.004494651,0.958898305,27,22,3,66,1,1,1,1,1,0,0.489809105,0.002119649,3.59E-05,0.805084746,47,0,2,0,0,0,0,0,0,0,0,0,0,,,0,2,0,0,0,0,0,0,0,0,0,0,,,0,1,0,0,0,0,0,0,0,0,0,0,,,
1053,ok,168,5,3,3,1.82093509,0.112475361,0.11604561,1.070587548,0.744264463,0.806788654,17,3,51,2,1,1,1,1,1,3.865579351,0.123188383,0.008195159,0.108262712,0,17,3,51,2,1,1,1,1,1,1.136464282,0.265759771,0.008783586,0.297881356,7,22,3,66,1,1,1,1,1,0,0.159967745,0.000829655,1.41E-05,0.110169492,6,0,2,0,0,0,0,0,0,0,0,0,0,,,0,2,0,0,0,0,0,0,0,0,0,0,,,0,1,0,0,0,0,0,0,0,0,0,0,,,
1193,ok,168,5,3,3,2.354467152,0.170328578,0.121099181,0.716727539,0.865474931,0.94170137,17,3,51,2,1,1,1,1,1,3.282279502,0.196880441,0.013097555,0.108262712,0,17,3,51,2,1,1,1,1,1,1.116427915,0.106962456,0.0035352,0.198728814,4,22,3,66,1,1,1,1,1,0,0.224749077,0.000675321,1.14E-05,0.144067797,8,0,2,0,0,0,0,0,0,0,0,0,0,,,0,2,0,0,0,0,0,0,0,0,0,0,,,0,1,0,0,0,0,0,0,0,0,0,0,,,
1250,ok,168,5,3,3,1.33162853,1.804483993,0.466926049,0.560581756,0.793554209,0.433892085,12,3,36,3,1,1,1,1,2,2.909007471,1.845225544,0.122754411,0.108262712,0,22,3,66,1,1,1,1,1,0,1.31393779,21.60545507,0.7140786,1.454661017,42,22,3,66,1,1,1,1,1,0,0.969637674,0.002604373,4.41E-05,0.737288136,43,0,2,0,0,0,0,0,0,0,0,0,0,,,0,2,0,0,0,0,0,0,0,0,0,0,,,0,1,0,0,0,0,0,0,0,0,0,0,,,
1338,ok,168,5,3,3,1.550142019,1.575850468,1.107894383,1.416651482,0.74676269,0.37830775,12,3,36,3,1,1,1,1,2,2.234433081,4.643655281,0.308921135,0.241313559,2,22,3,66,1,1,1,1,1,0,1.099211725,0.00214746,7.10E-05,1.388559322,40,22,3,66,1,1,1,1,1,0,0.932948432,0.00631194,0.000106982,0.43220339,25,0,2,0,0,0,0,0,0,0,0,0,0,,,0,2,0,0,0,0,0,0,0,0,0,0,,,0,1,0,0,0,0,0,0,0,0,0,0,,,
1466,ok,168,5,3,3,1.525646684,1.442882486,1.116164064,1.653487588,0.611175435,0.332652518,12,3,36,3,1,1,1,1,2,4.226370179,1.070485836,0.071214524,0.108262712,0,22,3,66,1,1,1,1,1,0,1.134056011,0.00319016,0.000105437,1.686016949,49,22,3,66,1,1,1,1,1,0,0.872485163,0.009519076,0.00016134,0.449152542,26,0,2,0,0,0,0,0,0,0,0,0,0,,,0,2,0,0,0,0,0,0,0,0,0,0,,,0,1,0,0,0,0,0,0,0,0,0,0,,,
1967,ok,168,5,3,3,2.383911439,2.33541818,0.864917955,1.62172444,0.579175757,0.506879974,12,3,36,3,1,1,1,1,2,4.139799822,4.584189571,0.304965154,0.108262712,0,22,3,66,1,1,1,1,1,0,0.932242764,0.003326894,0.000109957,1.190254237,34,22,3,66,1,1,1,1,1,0,0.767975493,0.006352686,0.000107673,0.63559322,37,0,2,0,0,0,0,0,0,0,0,0,0,,,0,2,0,0,0,0,0,0,0,0,0,0,,,0,1,0,0,0,0,0,0,0,0,0,0,,,
54,ok,168,4,3,3,1.996880473,0.10997046,0.144131998,0.55655915,0.812067789,0.058331744,17,3,51,1,1,1,0,1,0,3.093774894,0.005858817,0.00038976,0.108262712,0,22,3,66,1,1,1,1,1,0,1.135037152,8.904133992,0.294289174,1.454661017,42,17,3,51,2,1,1,1,1,1,1.08495526,0.060982109,0.001033595,0.805084746,47,0,2,0,0,0,0,0,0,0,0,0,0,,,0,2,0,0,0,0,0,0,0,0,0,0,,,0,1,0,0,0,0,0,0,0,0,0,0,,,
122,ok,168,4,3,3,2.00950003,0.652075582,0.365245928,2.421926207,0.855056985,0.338102437,12,3,36,2,1,1,0,1,1,3.032182406,0.046608221,0.003100632,0.108262712,0,22,3,66,1,1,1,1,1,0,0.509169177,0.000561974,1.86E-05,0.76059322,21,22,3,66,1,1,1,1,1,0,0.292269122,0.000901717,1.53E-05,0.43220339,25,0,2,0,0,0,0,0,0,0,0,0,0,,,0,2,0,0,0,0,0,0,0,0,0,0,,,0,1,0,0,0,0,0,0,0,0,0,0,,,
205,ok,168,4,3,3,1.384318233,0.467597391,0.237785051,1.403541426,0.47253593,0.294348232,17,3,51,1,1,1,0,1,0,0.771507544,0.00983256,0.000654115,0.241313559,2,17,3,51,2,1,1,1,1,1,1.415458586,0.12655487,0.004182746,1.851271186,54,22,3,66,1,1,1,1,1,0,0.314084012,0.002615852,4.43E-05,0.5,29,0,2,0,0,0,0,0,0,0,0,0,0,,,0,2,0,0,0,0,0,0,0,0,0,0,,,0,1,0,0,0,0,0,0,0,0,0,0,,,
217,ok,168,4,3,3,1.443190817,2.18548025,0.530440717,0.530421417,0.634751581,0.24977711,12,3,36,2,1,1,0,1,1,2.38549085,0.793651044,0.052797972,0.174788136,1,22,3,66,1,1,1,1,1,0,1.32745536,19.55577648,0.646334985,1.388559322,40,22,3,66,1,1,1,1,1,0,1.146169638,0.006471014,0.000109678,0.788135593,46,0,2,0,0,0,0,0,0,0,0,0,0,,,0,2,0,0,0,0,0,0,0,0,0,0,,,0,1,0,0,0,0,0,0,0,0,0,0,,,
223,ok,168,4,3,3,2.441261333,0.487406876,0.214272157,1.465447598,0.626002747,0.30202154,17,3,51,1,1,1,0,1,0,0.621087281,0.007350851,0.000489018,0.307838983,3,17,3,51,2,1,1,1,1,1,1.385700024,0.17925359,0.005924483,1.785169492,52,22,3,66,1,1,1,1,1,0,0.270672541,0.002578336,4.37E-05,0.43220339,25,0,2,0,0,0,0,0,0,0,0,0,0,,,0,2,0,0,0,0,0,0,0,0,0,0,,,0,1,0,0,0,0,0,0,0,0,0,0,,,
353,ok,168,4,3,3,1.131871038,0.938021113,0.151139469,1.080241509,0.469969722,0.584613786,22,3,66,1,1,1,1,1,0,0.366384401,0.001587244,0.000105592,0.507415254,6,17,3,51,2,1,1,1,1,1,1.409106131,0.191011325,0.006313086,1.388559322,40,17,3,51,1,1,1,0,1,0,0.29403201,0.000724756,1.23E-05,0.991525424,58,0,2,0,0,0,0,0,0,0,0,0,0,,,0,2,0,0,0,0,0,0,0,0,0,0,,,0,1,0,0,0,0,0,0,0,0,0,0,,,
368,ok,168,4,3,3,1.477799255,2.087545129,0.571152377,1.309870993,0.31959152,0.636478894,17,3,51,2,1,1,1,1,1,3.537820797,2.919362143,0.194211804,0.108262712,0,22,3,66,1,1,1,1,1,0,0.97098686,0.003033401,0.000100256,1.025,29,17,3,51,1,1,1,0,1,0,0.69827443,0.002769876,4.69E-05,0.974576271,57,0,2,0,0,0,0,0,0,0,0,0,0,,,0,2,0,0,0,0,0,0,0,0,0,0,,,0,1,0,0,0,0,0,0,0,0,0,0,,,
550,ok,168,4,3,3,1.998272842,3.275810202,0.669466213,0.622068556,0.283984547,0.613908467,17,3,51,2,1,1,1,1,1,1.556634667,0.686267963,0.045654267,0.307838983,3,22,3,66,1,1,1,1,1,0,1.345865476,33.61802902,1.111104349,1.619915254,47,17,3,51,1,1,1,0,1,0,1.158915404,0.005356518,9.08E-05,0.974576271,57,0,2,0,0,0,0,0,0,0,0,0,0,,,0,2,0,0,0,0,0,0,0,0,0,0,,,0,1,0,0,0,0,0,0,0,0,0,0,,,
638,ok,168,4,3,3,1.799214901,0.946667581,0.26323127,0.589052921,0.732428234,0.301703308,12,3,36,2,1,1,0,1,1,4.243853791,0.144296076,0.009599358,0.108262712,0,22,3,66,1,1,1,1,1,0,1.310003051,23.95635476,0.791777827,1.553813559,45,22,3,66,1,1,1,1,1,0,0.623751522,0.003299245,5.59E-05,0.63559322,37,0,2,0,0,0,0,0,0,0,0,0,0,,,0,2,0,0,0,0,0,0,0,0,0,0,,,0,1,0,0,0,0,0,0,0,0,0,0,,,
644,ok,168,4,3,3,2.385705852,0.158208384,0.747302689,1.796089924,0.868034673,0.100577799,17,3,51,1,1,1,0,1,0,2.687724349,0.004964104,0.000330239,0.108262712,0,22,3,66,1,1,1,1,1,0,0.97222486,0.000907919,3.00E-05,1.421610169,41,17,3,51,2,1,1,1,1,1,1.185888242,0.283044192,0.004797359,0.5,29,0,2,0,0,0,0,0,0,0,0,0,0,,,0,2,0,0,0,0,0,0,0,0,0,0,,,0,1,0,0,0,0,0,0,0,0,0,0,,,
687,ok,168,4,3,3,1.73128149,0.490285103,0.169174023,1.519291888,0.705240232,0.406348667,17,3,51,1,1,1,0,1,0,0.39438616,0.001421719,9.46E-05,0.440889831,5,17,3,51,2,1,1,1,1,1,1.349025677,0.188650984,0.006235075,1.520762712,44,22,3,66,1,1,1,1,1,0,0.203457369,0.00086884,1.47E-05,0.43220339,25,0,2,0,0,0,0,0,0,0,0,0,0,,,0,2,0,0,0,0,0,0,0,0,0,0,,,0,1,0,0,0,0,0,0,0,0,0,0,,,
727,ok,168,4,3,3,2.322426997,0.220098223,0.317730167,0.564990132,0.811018352,0.114351689,17,3,51,1,1,1,0,1,0,3.147180434,0.004288815,0.000285315,0.108262712,0,22,3,66,1,1,1,1,1,0,1.205223955,14.29144844,0.472344482,1.487711864,43,17,3,51,2,1,1,1,1,1,1.141256876,0.117085074,0.001984493,0.584745763,34,0,2,0,0,0,0,0,0,0,0,0,0,,,0,2,0,0,0,0,0,0,0,0,0,0,,,0,1,0,0,0,0,0,0,0,0,0,0,,,
790,ok,168,4,3,3,1.448561262,0.912165717,0.19782425,1.187741489,0.440280725,0.561198602,22,3,66,1,1,1,1,1,0,0.41489335,0.002956992,0.000196715,0.507415254,6,17,3,51,2,1,1,1,1,1,1.420737397,0.242969525,0.008030349,1.553813559,45,17,3,51,1,1,1,0,1,0,0.345275622,0.001457234,2.47E-05,0.906779661,53,0,2,0,0,0,0,0,0,0,0,0,0,,,0,2,0,0,0,0,0,0,0,0,0,0,,,0,1,0,0,0,0,0,0,0,0,0,0,,,
842,ok,168,4,3,3,1.403299446,0.137104333,0.17906178,1.632556065,0.635937184,0.109011282,17,3,51,1,1,1,0,1,0,3.255030399,0.008023162,0.000533744,0.108262712,0,17,3,51,2,1,1,1,1,1,1.325266747,0.032109364,0.001061242,1.884322034,55,22,3,66,1,1,1,1,1,0,0.171020803,0.001447792,2.45E-05,0.144067797,8,0,2,0,0,0,0,0,0,0,0,0,0,,,0,2,0,0,0,0,0,0,0,0,0,0,,,0,1,0,0,0,0,0,0,0,0,0,0,,,
939,ok,168,4,3,3,2.138966244,0.092583135,0.090730678,1.316112912,0.63795308,0.903321142,22,3,66,1,1,1,1,1,0,0.201179287,0.000331264,2.20E-05,0.97309322,13,17,3,51,2,1,1,1,1,1,1.145891874,0.37900689,0.012526499,0.297881356,7,17,3,51,1,1,1,0,1,0,0.106788782,0.00068971,1.17E-05,0.093220339,5,0,2,0,0,0,0,0,0,0,0,0,0,,,0,2,0,0,0,0,0,0,0,0,0,0,,,0,1,0,0,0,0,0,0,0,0,0,0,,,
991,ok,168,4,3,3,1.247089404,0.374919644,0.358059496,1.173982856,0.617639836,0.192903727,17,3,51,1,1,1,0,1,0,1.641756168,0.025493996,0.001695999,0.174788136,1,17,3,51,2,1,1,1,1,1,1.446345572,0.014939093,0.00049375,1.454661017,42,22,3,66,1,1,1,1,1,0,0.460537065,0.005030522,8.53E-05,0.330508475,19,0,2,0,0,0,0,0,0,0,0,0,0,,,0,2,0,0,0,0,0,0,0,0,0,0,,,0,1,0,0,0,0,0,0,0,0,0,0,,,
1041,ok,168,4,3,3,1.058527973,0.876715698,0.321570575,1.212194763,0.473326419,0.36607834,17,3,51,1,1,1,0,1,0,0.751879958,0.010758976,0.000715745,0.307838983,3,17,3,51,2,1,1,1,1,1,1.44854871,0.072348148,0.002391168,1.752118644,51,22,3,66,1,1,1,1,1,0,0.470354105,0.002472595,4.19E-05,0.737288136,43,0,2,0,0,0,0,0,0,0,0,0,0,,,0,2,0,0,0,0,0,0,0,0,0,0,,,0,1,0,0,0,0,0,0,0,0,0,0,,,
1187,ok,168,4,3,3,1.772152659,1.934411845,0.412914322,0.5307131,0.440539627,0.485440827,17,3,51,2,1,1,1,1,1,2.139862895,1.543326129,0.102670425,0.174788136,1,22,3,66,1,1,1,1,1,0,1.320301323,24.57260248,0.812145336,1.388559322,40,17,3,51,1,1,1,0,1,0,0.989179287,0.007356374,0.000124684,0.957627119,56,0,2,0,0,0,0,0,0,0,0,0,0,,,0,2,0,0,0,0,0,0,0,0,0,0,,,0,1,0,0,0,0,0,0,0,0,0,0,,,
1431,ok,168,4,3,3,1.456984346,1.169039505,0.212652102,0.538896653,0.858941022,0.324111042,12,3,36,2,1,1,0,1,1,3.426617505,0.035759623,0.002378924,0.108262712,0,22,3,66,1,1,1,1,1,0,1.280808301,19.55300006,0.646243222,1.421610169,41,22,3,66,1,1,1,1,1,0,0.533655084,0.000618405,1.05E-05,0.788135593,46,0,2,0,0,0,0,0,0,0,0,0,0,,,0,2,0,0,0,0,0,0,0,0,0,0,,,0,1,0,0,0,0,0,0,0,0,0,0,,,
1626,ok,168,4,3,3,1.086274189,2.951077381,0.549809667,1.543048118,0.588128843,0.487888806,17,3,51,2,1,1,1,1,1,4.898679449,1.03323491,0.06873639,0.108262712,0,22,3,66,1,1,1,1,1,0,1.014093387,0.00107526,3.55E-05,1.388559322,40,17,3,51,1,1,1,0,1,0,0.616969326,0.000933999,1.58E-05,0.974576271,57,0,2,0,0,0,0,0,0,0,0,0,0,,,0,2,0,0,0,0,0,0,0,0,0,0,,,0,1,0,0,0,0,0,0,0,0,0,0,,,
1676,ok,168,4,3,3,2.02062246,0.408026259,0.265631618,2.233431799,0.865974168,0.279512402,12,3,36,2,1,1,0,1,1,2.929599661,0.014420327,0.000959318,0.108262712,0,22,3,66,1,1,1,1,1,0,0.388430709,0.000308515,1.02E-05,0.529237288,14,22,3,66,1,1,1,1,1,0,0.213806012,0.000658824,1.12E-05,0.330508475,19,0,2,0,0,0,0,0,0,0,0,0,0,,,0,2,0,0,0,0,0,0,0,0,0,0,,,0,1,0,0,0,0,0,0,0,0,0,0,,,
1684,ok,168,4,3,3,2.1894831,0.883059783,0.378245305,1.71646238,0.776872645,0.327859556,12,3,36,2,1,1,0,1,1,3.592257423,0.137762497,0.009164709,0.108262712,0,22,3,66,1,1,1,1,1,0,0.859293047,0.002405675,7.95E-05,1.124152542,32,22,3,66,1,1,1,1,1,0,0.397114069,0.00222602,3.77E-05,0.533898305,31,0,2,0,0,0,0,0,0,0,0,0,0,,,0,2,0,0,0,0,0,0,0,0,0,0,,,0,1,0,0,0,0,0,0,0,0,0,0,,,
1685,ok,168,4,3,3,2.474207144,0.182376643,0.269389043,0.54494585,0.805246202,0.046665163,17,3,51,1,1,1,0,1,0,3.15687701,0.02884108,0.001918665,0.108262712,0,22,3,66,1,1,1,1,1,0,1.155746217,9.643167755,0.318714866,1.421610169,41,17,3,51,2,1,1,1,1,1,1.136098571,0.100918592,0.001710485,0.584745763,34,0,2,0,0,0,0,0,0,0,0,0,0,,,0,2,0,0,0,0,0,0,0,0,0,0,,,0,1,0,0,0,0,0,0,0,0,0,0,,,
175,ok,168,3,3,3,1.23029573,2.058205694,0.512181126,0.601748922,0.340456675,0.21847492,17,3,51,1,1,1,0,1,0,2.04542298,0.10956137,0.007288617,0.174788136,1,22,3,66,1,1,1,1,1,0,1.353007161,23.336512,0.771291498,1.586864407,46,17,3,51,1,1,1,0,1,0,1.030709053,0.005362081,9.09E-05,0.974576271,57,0,2,0,0,0,0,0,0,0,0,0,0,,,0,2,0,0,0,0,0,0,0,0,0,0,,,0,1,0,0,0,0,0,0,0,0,0,0,,,
559,ok,168,3,3,3,2.388911766,0.872321274,0.480002388,0.692384431,0.227203319,0.218507561,17,3,51,1,1,1,0,1,0,2.777675959,0.495503904,0.032963607,0.108262712,0,17,3,51,1,1,1,0,1,0,1.350526244,37.18217236,1.228902307,1.818220339,53,22,3,66,1,1,1,1,1,0,0.939999496,0.015323111,0.000259714,0.805084746,47,0,2,0,0,0,0,0,0,0,0,0,0,,,0,2,0,0,0,0,0,0,0,0,0,0,,,0,1,0,0,0,0,0,0,0,0,0,0,,,
865,ok,168,3,3,3,1.116524951,0.98058865,0.265285362,0.515295271,0.373224145,0.477778464,17,3,51,1,1,1,0,1,0,0.954151041,0.015694577,0.001044088,0.374364407,4,22,3,66,1,1,1,1,1,0,1.307180699,21.69933327,0.717181354,1.355508475,39,17,3,51,1,1,1,0,1,0,0.744048675,0.004464407,7.57E-05,0.923728814,54,0,2,0,0,0,0,0,0,0,0,0,0,,,0,2,0,0,0,0,0,0,0,0,0,0,,,0,1,0,0,0,0,0,0,0,0,0,0,,,
1164,ok,168,3,3,3,1.990180071,0.86862,0.224864292,2.037687615,0.386901516,0.518362245,17,3,51,1,1,1,0,1,0,0.371456522,0.003715644,0.000247185,0.440889831,5,22,3,66,1,1,1,1,1,0,0.664161731,0.004192345,0.000138561,0.793644068,22,17,3,51,1,1,1,0,1,0,0.299755627,0.001496476,2.54E-05,0.906779661,53,0,2,0,0,0,0,0,0,0,0,0,0,,,0,2,0,0,0,0,0,0,0,0,0,0,,,0,1,0,0,0,0,0,0,0,0,0,0,,,
1474,ok,168,3,3,3,2.44739864,1.285100649,0.395925083,0.691205794,0.766265629,0.047663562,17,3,51,1,1,1,0,1,0,3.40318321,0.0573254,0.003813597,0.108262712,0,17,3,51,1,1,1,0,1,0,1.334322796,24.1398336,0.797841958,1.818220339,53,22,3,66,1,1,1,1,1,0,0.776046277,0.005855962,9.93E-05,0.652542373,38,0,2,0,0,0,0,0,0,0,0,0,0,,,0,2,0,0,0,0,0,0,0,0,0,0,,,0,1,0,0,0,0,0,0,0,0,0,0,,,
1703,ok,168,3,3,3,1.150964804,0.316584956,0.176800894,0.742846895,0.236595367,0.189992665,17,3,51,1,1,1,0,1,0,1.758446591,0.023441885,0.001559481,0.108262712,0,17,3,51,1,1,1,0,1,0,1.33344071,29.22181967,0.965805904,1.950423729,57,22,3,66,1,1,1,1,1,0,0.408735599,0.003407712,5.78E-05,0.63559322,37,0,2,0,0,0,0,0,0,0,0,0,0,,,0,2,0,0,0,0,0,0,0,0,0,0,,,0,1,0,0,0,0,0,0,0,0,0,0,,,
1712,ok,168,3,3,3,2.141095391,0.328305079,0.066390214,0.693824798,0.385104343,0.155114719,17,3,51,1,1,1,0,1,0,2.222389417,0.008519009,0.000566731,0.108262712,0,17,3,51,1,1,1,0,1,0,1.304726231,27.67548339,0.91469818,1.818220339,53,22,3,66,1,1,1,1,1,0,0.169143842,0.000833184,1.41E-05,0.5,29,0,2,0,0,0,0,0,0,0,0,0,0,,,0,2,0,0,0,0,0,0,0,0,0,0,,,0,1,0,0,0,0,0,0,0,0,0,0,,,
1980,ok,168,3,3,3,1.653123919,1.176636308,0.296057282,0.621337513,0.372471964,0.470786891,17,3,51,1,1,1,0,1,0,0.9329593,0.024807161,0.001650307,0.374364407,4,22,3,66,1,1,1,1,1,0,1.330035345,31.7528597,1.049458922,1.619915254,47,17,3,51,1,1,1,0,1,0,0.718098789,0.005451853,9.24E-05,0.974576271,57,0,2,0,0,0,0,0,0,0,0,0,0,,,0,2,0,0,0,0,0,0,0,0,0,0,,,0,1,0,0,0,0,0,0,0,0,0,0,,,
4,ok,167,9,4,4,2.255541355,0.079133957,0.796046864,0.819029012,0.51803256,0.654687233,12,3,36,3,1,1,1,1,2,3.359672078,16.85410473,1.121226459,0.108262712,0,17,3,51,2,1,1,1,1,1,1.104899315,0.261133181,0.008630673,0.264830508,6,12,3,36,3,1,1,1,1,2,1.419866151,0.097759363,0.001656938,0.076271186,4,0,2,0,0,0,0,0,0,0,0,0,0,,,22,2,44,1,1,1,1,1,0,1.051164827,1.750002548,0.023728848,0.513559322,30,0,1,0,0,0,0,0,0,0,0,0,0,,,
422,ok,167,9,4,4,1.050752493,0.164598673,1.106007951,1.228198608,0.793695751,0.585488976,12,3,36,3,1,1,1,1,2,1.429304,2.056783786,0.136828413,0.640466102,8,17,3,51,2,1,1,1,1,1,1.154079799,0.1412097,0.0046671,0.529237288,14,12,3,36,3,1,1,1,1,2,1.208446276,0.080705393,0.001367888,0.194915254,11,0,2,0,0,0,0,0,0,0,0,0,0,,,22,2,44,1,1,1,1,1,0,1.345797467,0.417225581,0.005657296,0.201694915,7,0,1,0,0,0,0,0,0,0,0,0,0,,,
888,ok,167,9,4,4,2.003912076,0.509724776,0.448945021,0.63930489,0.841552137,0.414092043,12,3,36,3,1,1,1,1,2,2.80867664,1.530424948,0.101812168,0.108262712,0,12,3,36,3,1,1,1,1,2,1.347428638,28.54890407,0.943565473,1.686016949,49,17,3,51,2,1,1,1,1,1,1.228032135,0.105028614,0.001780146,0.805084746,47,0,2,0,0,0,0,0,0,0,0,0,0,,,22,2,44,1,1,1,1,1,0,0.977305166,0.011574724,0.000156945,0.486440678,28,0,1,0,0,0,0,0,0,0,0,0,0,,,
551,ok,167,8,4,4,1.366579896,0.396565375,0.534829197,0.626922329,0.433403047,0.31802392,12,3,36,2,1,1,0,1,1,3.947322021,3.875522136,0.257820752,0.108262712,0,12,3,36,3,1,1,1,1,2,1.45747154,28.05685801,0.927302934,0.694491525,19,17,3,51,2,1,1,1,1,1,1.301688325,0.189619705,0.003213893,0.822033898,48,0,2,0,0,0,0,0,0,0,0,0,0,,,22,2,44,1,1,1,1,1,0,1.118995296,0.008171935,0.000110806,0.540677966,32,0,1,0,0,0,0,0,0,0,0,0,0,,,
606,ok,167,8,4,4,1.708680734,0.154199737,0.885289135,2.184363823,0.730409783,0.731173828,7,3,21,3,1,1,0,1,2,2.335767701,9.542840661,0.634841519,0.241313559,2,17,3,51,2,1,1,1,1,1,1.202950287,0.315648598,0.010432454,0.694491525,19,17,3,51,2,1,1,1,1,1,1.222434497,0.501542382,0.008500718,0.550847458,32,0,2,0,0,0,0,0,0,0,0,0,0,,,22,2,44,1,1,1,1,1,0,1.271810808,0.740906093,0.010046184,0.5,29,0,1,0,0,0,0,0,0,0,0,0,0,,,
1908,ok,166,6,4,4,1.890266532,0.101916234,0.052297123,0.518041455,0.826290282,0.325825656,12,3,36,2,1,1,0,1,1,3.172598239,0.004316297,0.000287143,0.108262712,0,17,3,51,2,1,1,1,1,1,1.064684537,0.083398717,0.002756398,0.264830508,6,15,3,45,1,1,1,0,0,0,0.136333554,0.000214885,3.64E-06,0.093220339,5,0,2,0,0,0,0,0,0,0,0,0,0,,,17,2,34,1,1,1,0,1,0,0.191338656,0.000930371,1.26E-05,0.174576271,5,0,1,0,0,0,0,0,0,0,0,0,0,,,
1611,ok,165,3,3,3,1.337450431,0.680045115,0.07095135,2.453828462,0.723699452,0.55177245,20,3,60,1,1,1,1,0,0,0.184418885,8.27E-05,5.50E-06,0.573940678,7,15,3,45,1,1,1,0,0,0,0.229088096,0.000233603,7.72E-06,0.231779661,5,20,3,60,1,1,1,1,0,0,0.079424697,5.60E-05,9.48E-07,0.652542373,38,0,2,0,0,0,0,0,0,0,0,0,0,,,0,2,0,0,0,0,0,0,0,0,0,0,,,0,1,0,0,0,0,0,0,0,0,0,0,,,
161,ok,163,6,4,4,1.344347234,1.315231444,1.391042719,1.010401944,0.4674662,0.350143558,17,3,51,2,1,1,1,1,1,1.506769183,0.054377148,0.003617463,1.039618644,14,0,3,0,0,0,0,0,0,0,0,0,0,,,17,3,51,2,1,1,1,1,1,1.438590927,0.115124846,0.001951269,0.381355932,22,0,2,0,0,0,0,0,0,0,0,0,0,,,22,2,44,1,1,1,1,1,0,1.416007635,0.002789185,3.78E-05,0.63559322,39,17,1,17,1,1,1,0,1,0,0.850395962,24.70211292,0.83735976,0.516949153,0,
1490,ok,163,6,4,4,1.495437623,0.12971547,1.065112733,0.936549621,0.506100145,0.417501399,17,3,51,2,1,1,1,1,1,1.533304254,0.251376128,0.016722903,0.440889831,5,22,3,66,1,1,1,1,1,0,1.211963331,0.164167635,0.005425879,0.595338983,16,0,3,0,0,0,0,0,0,0,0,0,0,,,0,2,0,0,0,0,0,0,0,0,0,0,,,12,2,24,2,1,1,0,1,1,1.382589296,0.22770504,0.003087526,0.147457627,3,22,1,22,1,1,1,1,1,0,2.276737224,0.140424009,0.004760136,1.805084746,38,
820,ok,163,5,4,4,1.442581665,0.08721834,1.686895977,0.696812738,0.326102006,0.386703715,0,3,0,0,0,0,0,0,0,0,0,0,,,17,3,51,2,1,1,1,1,1,1.37258807,36.40420953,1.203189976,1.818220339,53,17,3,51,1,1,1,0,1,0,1.024648596,0.427401791,0.007244098,0.991525424,58,0,2,0,0,0,0,0,0,0,0,0,0,,,22,2,44,1,1,1,1,1,0,1.038265042,0.725446693,0.009836565,0.527118644,31,17,1,17,1,1,1,0,1,0,1.272045019,24.25879541,0.822332048,0.652542373,4,
679,ok,162,13,5,5,2.046699748,0.106925732,0.881698206,1.242328297,0.87898717,0.431297137,12,3,36,3,1,1,1,1,2,1.789725923,3.059518487,0.203535764,0.307838983,3,17,3,51,2,1,1,1,1,1,1.117206227,0.099345748,0.003283461,0.463135593,12,12,3,36,3,1,1,1,1,2,1.122023086,0.182040617,0.003085434,0.194915254,11,0,2,0,0,0,0,0,0,0,0,0,0,,,17,2,34,2,1,1,1,1,1,1.263201348,0.558892771,0.007578207,0.323728814,16,5,1,5,3,1,1,0,0,2,2.044849449,1.78E-09,6.04E-11,2.415254237,56,
1229,ok,162,7,4,4,1.060343786,0.360460687,0.112537611,0.525169048,0.876409836,0.333898549,12,3,36,2,1,1,0,1,1,3.086643309,0.004560308,0.000303376,0.108262712,0,12,3,36,3,1,1,1,1,2,1.180077661,19.02558396,0.628811673,1.388559322,40,20,3,60,1,1,1,1,0,0,0.270455272,0.000176202,2.99E-06,0.330508475,19,15,2,30,1,1,1,0,0,0,0.267558965,5.09E-06,1.25E-07,1.185169492,5,0,2,0,0,0,0,0,0,0,0,0,0,,,0,1,0,0,0,0,0,0,0,0,0,0,,,
319,ok,162,5,3,3,1.099514391,0.904926032,0.113314785,1.344839636,0.838665341,0.445816697,17,3,51,2,1,1,1,1,1,3.105320675,0.005762548,0.000383356,0.108262712,0,17,3,51,2,1,1,1,1,1,1.351922761,0.0606122,0.002003285,1.553813559,45,20,3,60,1,1,1,1,0,0,0.169441037,6.89E-05,1.17E-06,0.771186441,45,0,2,0,0,0,0,0,0,0,0,0,0,,,0,2,0,0,0,0,0,0,0,0,0,0,,,0,1,0,0,0,0,0,0,0,0,0,0,,,
684,ok,162,5,3,3,1.119781379,0.684794511,0.067461818,2.089634892,0.802787923,0.586449962,17,3,51,2,1,1,1,1,1,3.22308872,0.003291578,0.000218974,0.108262712,0,17,3,51,2,1,1,1,1,1,1.340152391,0.267866634,0.008853219,1.752118644,51,20,3,60,1,1,1,1,0,0,0.078880332,2.79E-05,4.73E-07,0.652542373,38,0,2,0,0,0,0,0,0,0,0,0,0,,,0,2,0,0,0,0,0,0,0,0,0,0,,,0,1,0,0,0,0,0,0,0,0,0,0,,,
1003,ok,162,5,3,3,1.64569992,1.106236547,0.218264448,2.138317734,0.835956912,0.691160369,17,3,51,2,1,1,1,1,1,3.166663866,0.077905408,0.00518269,0.108262712,0,17,3,51,2,1,1,1,1,1,1.381686444,0.299618955,0.00990266,1.917372881,56,20,3,60,1,1,1,1,0,0,0.245249355,0.000241102,4.09E-06,0.754237288,44,0,2,0,0,0,0,0,0,0,0,0,0,,,0,2,0,0,0,0,0,0,0,0,0,0,,,0,1,0,0,0,0,0,0,0,0,0,0,,,
1061,ok,162,5,3,3,2.170900262,0.852149594,0.05424408,0.625147478,0.73874364,0.589505441,22,3,66,1,1,1,1,1,0,0.235403299,0.000304961,2.03E-05,0.640466102,8,12,3,36,3,1,1,1,1,2,1.361269009,34.10405804,1.12716802,1.652966102,48,20,3,60,1,1,1,1,0,0,0.149392895,0.000194347,3.29E-06,0.771186441,45,0,2,0,0,0,0,0,0,0,0,0,0,,,0,2,0,0,0,0,0,0,0,0,0,0,,,0,1,0,0,0,0,0,0,0,0,0,0,,,
1334,ok,162,5,3,3,1.414344466,0.216591499,0.161150981,1.090947114,0.84866688,0.972908858,17,3,51,2,1,1,1,1,1,3.252272048,0.129602693,0.008621874,0.108262712,0,17,3,51,2,1,1,1,1,1,1.164098203,0.154095449,0.005092985,0.363983051,9,20,3,60,1,1,1,1,0,0,0.202795013,0.000449928,7.63E-06,0.194915254,11,0,2,0,0,0,0,0,0,0,0,0,0,,,0,2,0,0,0,0,0,0,0,0,0,0,,,0,1,0,0,0,0,0,0,0,0,0,0,,,
1596,ok,162,5,3,3,1.319749729,3.019242794,0.658097934,1.350983466,0.864998693,0.492046573,12,3,36,3,1,1,1,1,2,3.211671328,1.282373532,0.085310443,0.174788136,1,22,3,66,1,1,1,1,1,0,1.031945883,0.000367243,1.21E-05,1.28940678,37,20,3,60,1,1,1,1,0,0,0.690776975,0.000427725,7.25E-06,0.805084746,47,0,2,0,0,0,0,0,0,0,0,0,0,,,0,2,0,0,0,0,0,0,0,0,0,0,,,0,1,0,0,0,0,0,0,0,0,0,0,,,
1862,ok,162,5,3,3,1.38205728,0.180013997,0.070543527,1.789823534,0.758639186,0.944712634,17,3,51,2,1,1,1,1,1,3.579373375,0.021627468,0.001438776,0.108262712,0,17,3,51,2,1,1,1,1,1,1.201963552,0.293561381,0.009702452,0.529237288,14,20,3,60,1,1,1,1,0,0,0.062219929,0.000113108,1.92E-06,0.177966102,10,0,2,0,0,0,0,0,0,0,0,0,0,,,0,2,0,0,0,0,0,0,0,0,0,0,,,0,1,0,0,0,0,0,0,0,0,0,0,,,
46,ok,162,4,3,3,1.764651198,0.406372742,0.079179353,2.245488644,0.79803997,0.276253771,12,3,36,2,1,1,0,1,1,3.208827445,0.001649771,0.000109752,0.108262712,0,22,3,66,1,1,1,1,1,0,0.433616797,0.000556506,1.84E-05,0.595338983,16,20,3,60,1,1,1,1,0,0,0.072541976,9.39E-05,1.59E-06,0.381355932,22,0,2,0,0,0,0,0,0,0,0,0,0,,,0,2,0,0,0,0,0,0,0,0,0,0,,,0,1,0,0,0,0,0,0,0,0,0,0,,,
65,ok,162,4,3,3,1.978610147,0.163717041,0.159693103,2.480053715,0.769068312,0.141259896,12,3,36,2,1,1,0,1,1,3.402910151,0.001527612,0.000101625,0.108262712,0,20,3,60,1,1,1,1,0,0,0.28041287,0.000169129,5.59E-06,0.430084746,11,22,3,66,1,1,1,1,1,0,0.110699402,0.000637939,1.08E-05,0.161016949,9,0,2,0,0,0,0,0,0,0,0,0,0,,,0,2,0,0,0,0,0,0,0,0,0,0,,,0,1,0,0,0,0,0,0,0,0,0,0,,,
242,ok,162,4,3,3,1.828607047,0.560846646,0.074134327,1.886610864,0.753531633,0.27321245,12,3,36,2,1,1,0,1,1,3.494344969,0.002236937,0.000148813,0.108262712,0,22,3,66,1,1,1,1,1,0,0.770302937,0.001990976,6.58E-05,1.058050847,30,20,3,60,1,1,1,1,0,0,0.085789634,0.000112937,1.91E-06,0.516949153,30,0,2,0,0,0,0,0,0,0,0,0,0,,,0,2,0,0,0,0,0,0,0,0,0,0,,,0,1,0,0,0,0,0,0,0,0,0,0,,,
251,ok,162,4,3,3,1.165215922,0.923134786,0.166266595,0.623927692,0.857036392,0.190272871,12,3,36,2,1,1,0,1,1,3.137603043,0.002559776,0.00017029,0.108262712,0,22,3,66,1,1,1,1,1,0,1.286618589,20.05965131,0.662988475,1.619915254,47,20,3,60,1,1,1,1,0,0,0.378688213,0.000281819,4.78E-06,0.720338983,42,0,2,0,0,0,0,0,0,0,0,0,0,,,0,2,0,0,0,0,0,0,0,0,0,0,,,0,1,0,0,0,0,0,0,0,0,0,0,,,
437,ok,162,4,3,3,2.290876652,0.098922301,0.054374823,0.599728303,0.724053833,0.950215395,22,3,66,1,1,1,1,1,0,0.201066544,0.000216891,1.44E-05,1.039618644,14,17,3,51,2,1,1,1,1,1,1.093627449,0.213449733,0.007054695,0.132627119,2,15,3,45,1,1,1,0,0,0,0.132207865,0.000438215,7.43E-06,0.093220339,5,0,2,0,0,0,0,0,0,0,0,0,0,,,0,2,0,0,0,0,0,0,0,0,0,0,,,0,1,0,0,0,0,0,0,0,0,0,0,,,
977,ok,162,4,3,3,1.122078086,0.722874789,0.141589245,1.517567527,0.563434387,0.376756233,17,3,51,1,1,1,0,1,0,0.502339764,0.001889509,0.0001257,0.307838983,3,17,3,51,2,1,1,1,1,1,1.414795176,0.125327706,0.004142187,1.950423729,57,20,3,60,1,1,1,1,0,0,0.205993638,0.000466349,7.90E-06,0.737288136,43,0,2,0,0,0,0,0,0,0,0,0,0,,,0,2,0,0,0,0,0,0,0,0,0,0,,,0,1,0,0,0,0,0,0,0,0,0,0,,,
1265,ok,162,4,3,3,2.372835842,1.062490965,0.064116517,0.571710885,0.788229558,0.194676689,12,3,36,2,1,1,0,1,1,3.36005057,0.00250992,0.000166973,0.108262712,0,22,3,66,1,1,1,1,1,0,1.300009718,20.83968937,0.688769394,1.487711864,43,20,3,60,1,1,1,1,0,0,0.189813381,0.000221295,3.75E-06,0.889830508,52,0,2,0,0,0,0,0,0,0,0,0,0,,,0,2,0,0,0,0,0,0,0,0,0,0,,,0,1,0,0,0,0,0,0,0,0,0,0,,,
1297,ok,162,4,3,3,1.759457477,0.676974748,0.082989855,1.303801454,0.558857042,0.269329465,17,3,51,1,1,1,0,1,0,0.63174844,0.001510977,0.000100518,0.241313559,2,17,3,51,2,1,1,1,1,1,1.443376141,0.070655031,0.002335209,1.851271186,54,20,3,60,1,1,1,1,0,0,0.139894907,0.000332691,5.64E-06,0.720338983,42,0,2,0,0,0,0,0,0,0,0,0,0,,,0,2,0,0,0,0,0,0,0,0,0,0,,,0,1,0,0,0,0,0,0,0,0,0,0,,,
1575,ok,162,4,3,3,1.700485816,0.63430683,0.11537749,1.153479505,0.685867337,0.425917106,17,3,51,1,1,1,0,1,0,0.360523611,0.001004751,6.68E-05,0.440889831,5,17,3,51,2,1,1,1,1,1,1.349657793,0.168974403,0.005584747,1.322457627,38,20,3,60,1,1,1,1,0,0,0.186327987,0.000508175,8.61E-06,0.584745763,34,0,2,0,0,0,0,0,0,0,0,0,0,,,0,2,0,0,0,0,0,0,0,0,0,0,,,0,1,0,0,0,0,0,0,0,0,0,0,,,
1631,ok,162,4,3,3,1.197348164,1.940696709,0.314490599,1.680932417,0.852778857,0.409887301,17,3,51,2,1,1,1,1,1,3.128266812,0.033048522,0.002198567,0.108262712,0,22,3,66,1,1,1,1,1,0,0.946137189,0.000421737,1.39E-05,1.388559322,40,15,3,45,1,1,1,0,0,0,0.396231571,0.000173075,2.93E-06,0.991525424,58,0,2,0,0,0,0,0,0,0,0,0,0,,,0,2,0,0,0,0,0,0,0,0,0,0,,,0,1,0,0,0,0,0,0,0,0,0,0,,,
1734,ok,162,4,3,3,1.3829975,0.321447548,0.513408608,2.393363537,0.884052056,0.220886041,12,3,36,2,1,1,0,1,1,2.880126327,0.011761416,0.000782433,0.108262712,0,20,3,60,1,1,1,1,0,0,0.448352112,0.00017472,5.77E-06,0.727542373,20,22,3,66,1,1,1,1,1,0,0.334984485,0.001041302,1.76E-05,0.245762712,14,0,2,0,0,0,0,0,0,0,0,0,0,,,0,2,0,0,0,0,0,0,0,0,0,0,,,0,1,0,0,0,0,0,0,0,0,0,0,,,
1820,ok,162,4,3,3,1.176864235,0.447022278,0.091835748,1.002219866,0.529443884,0.304265536,17,3,51,1,1,1,0,1,0,0.658140667,0.001839111,0.000122348,0.241313559,2,17,3,51,2,1,1,1,1,1,1.389554394,0.06670867,0.002204778,1.256355932,36,20,3,60,1,1,1,1,0,0,0.165158134,0.00047813,8.10E-06,0.533898305,31,0,2,0,0,0,0,0,0,0,0,0,0,,,0,2,0,0,0,0,0,0,0,0,0,0,,,0,1,0,0,0,0,0,0,0,0,0,0,,,
1856,ok,162,4,3,3,2.06044115,0.727253352,0.126600776,2.238571029,0.832572005,0.379081126,12,3,36,2,1,1,0,1,1,3.062565687,0.009266737,0.000616474,0.108262712,0,22,3,66,1,1,1,1,1,0,0.514604111,0.000773727,2.56E-05,0.694491525,19,20,3,60,1,1,1,1,0,0,0.133958964,0.000159078,2.70E-06,0.584745763,34,0,2,0,0,0,0,0,0,0,0,0,0,,,0,2,0,0,0,0,0,0,0,0,0,0,,,0,1,0,0,0,0,0,0,0,0,0,0,,,
1898,ok,162,4,3,3,1.411265856,0.339330041,0.096995664,1.474686311,0.707207795,0.310697037,17,3,51,1,1,1,0,1,0,0.495567535,0.000632396,4.21E-05,0.307838983,3,17,3,51,2,1,1,1,1,1,1.309835363,0.138252297,0.004569356,1.487711864,43,20,3,60,1,1,1,1,0,0,0.11571608,0.000291814,4.95E-06,0.347457627,20,0,2,0,0,0,0,0,0,0,0,0,0,,,0,2,0,0,0,0,0,0,0,0,0,0,,,0,1,0,0,0,0,0,0,0,0,0,0,,,
1910,ok,162,4,3,3,1.328550029,1.072010562,0.116920447,1.637910979,0.721452249,0.600530717,22,3,66,1,1,1,1,1,0,0.242346241,0.000280592,1.87E-05,0.640466102,8,17,3,51,2,1,1,1,1,1,1.380232829,0.26409119,0.008728438,1.785169492,52,15,3,45,1,1,1,0,0,0,0.178033162,0.000162355,2.75E-06,0.923728814,54,0,2,0,0,0,0,0,0,0,0,0,0,,,0,2,0,0,0,0,0,0,0,0,0,0,,,0,1,0,0,0,0,0,0,0,0,0,0,,,
1979,ok,162,4,3,3,1.682276981,0.652847407,0.052872206,1.630227299,0.670901255,0.367489311,17,3,51,1,1,1,0,1,0,0.306831746,0.000190974,1.27E-05,0.374364407,4,17,3,51,2,1,1,1,1,1,1.383806892,0.187927296,0.006211156,1.950423729,57,20,3,60,1,1,1,1,0,0,0.075230435,7.97E-05,1.35E-06,0.652542373,38,0,2,0,0,0,0,0,0,0,0,0,0,,,0,2,0,0,0,0,0,0,0,0,0,0,,,0,1,0,0,0,0,0,0,0,0,0,0,,,
1118,ok,162,3,3,3,1.149205153,0.553361122,0.079770185,1.573800338,0.65426731,0.201339696,17,3,51,1,1,1,0,1,0,1.216933649,0.000850054,5.66E-05,0.174788136,1,17,3,51,1,1,1,0,1,0,1.352019252,0.003939543,0.000130205,1.950423729,57,20,3,60,1,1,1,1,0,0,0.107132123,0.000139712,2.37E-06,0.584745763,34,0,2,0,0,0,0,0,0,0,0,0,0,,,0,2,0,0,0,0,0,0,0,0,0,0,,,0,1,0,0,0,0,0,0,0,0,0,0,,,
1713,ok,162,3,3,3,1.146253746,0.745980786,0.099365218,0.7392713,0.742714055,0.321358699,17,3,51,1,1,1,0,1,0,0.603220816,0.000880954,5.86E-05,0.307838983,3,17,3,51,1,1,1,0,1,0,1.359682415,30.91150264,1.021651359,1.950423729,57,20,3,60,1,1,1,1,0,0,0.217433419,0.000248177,4.21E-06,0.686440678,40,0,2,0,0,0,0,0,0,0,0,0,0,,,0,2,0,0,0,0,0,0,0,0,0,0,,,0,1,0,0,0,0,0,0,0,0,0,0,,,
1290,ok,161,4,3,3,1.09080357,0.107987027,0.380895102,0.614391698,0.272811928,0.111148187,0,3,0,0,0,0,0,0,0,0,0,0,,,22,3,66,1,1,1,1,1,0,1.236997776,16.99044501,0.561548606,1.619915254,47,17,3,51,2,1,1,1,1,1,1.209439055,0.214347499,0.003633008,0.686440678,40,0,2,0,0,0,0,0,0,0,0,0,0,,,22,2,44,1,1,1,1,1,0,0.812172094,0.001369172,1.86E-05,0.662711864,41,0,1,0,0,0,0,0,0,0,0,0,0,,,
1952,ok,161,4,3,3,1.062541238,0.865072841,0.271546557,1.289430859,0.18363251,0.946938811,22,3,66,1,1,1,1,1,0,0.500324805,0.003516279,0.000233922,0.507415254,6,17,3,51,2,1,1,1,1,1,1.447171985,0.410041023,0.013552203,1.686016949,49,0,3,0,0,0,0,0,0,0,0,0,0,,,0,2,0,0,0,0,0,0,0,0,0,0,,,22,2,44,1,1,1,1,1,0,0.443612378,0.00250201,3.39E-05,0.323728814,16,0,1,0,0,0,0,0,0,0,0,0,0,,,
1983,ok,161,4,3,3,1.893335499,0.757711825,0.172011939,1.6695559,0.285032975,0.773022007,22,3,66,1,1,1,1,1,0,0.326669034,0.002617053,0.000174101,0.507415254,6,17,3,51,2,1,1,1,1,1,1.437278776,0.681014698,0.022508113,1.917372881,56,0,3,0,0,0,0,0,0,0,0,0,0,,,0,2,0,0,0,0,0,0,0,0,0,0,,,22,2,44,1,1,1,1,1,0,0.257676334,0.001191158,1.62E-05,0.472881356,27,0,1,0,0,0,0,0,0,0,0,0,0,,,
117,ok,161,3,3,3,2.315522449,0.16073066,0.527823274,0.848922432,0.170803772,0.211907782,17,3,51,1,1,1,0,1,0,2.120865209,0.242490922,0.016131811,0.108262712,0,0,3,0,0,0,0,0,0,0,0,0,0,,,22,3,66,1,1,1,1,1,0,0.928525447,0.042819087,0.000725747,0.347457627,20,0,2,0,0,0,0,0,0,0,0,0,0,,,22,2,44,1,1,1,1,1,0,0.934843426,0.019449825,0.000263726,0.350847458,18,0,1,0,0,0,0,0,0,0,0,0,0,,,
518,ok,161,3,3,3,1.785323534,0.380233441,1.277389429,1.357137506,0.106763869,0.293974033,17,3,51,1,1,1,0,1,0,1.579573916,0.097641307,0.006495629,0.174788136,1,0,3,0,0,0,0,0,0,0,0,0,0,,,22,3,66,1,1,1,1,1,0,1.12032449,0.030010904,0.000508659,0.43220339,25,0,2,0,0,0,0,0,0,0,0,0,0,,,22,2,44,1,1,1,1,1,0,1.192493142,0.025587104,0.000346944,0.269491525,12,0,1,0,0,0,0,0,0,0,0,0,0,,,
1773,ok,161,3,3,3,1.704973852,0.242875353,1.01838583,2.443903492,0.149747057,0.226420132,17,3,51,1,1,1,0,1,0,1.782833156,0.217524599,0.014470916,0.108262712,0,0,3,0,0,0,0,0,0,0,0,0,0,,,22,3,66,1,1,1,1,1,0,0.681111753,0.024772967,0.000419881,0.36440678,21,0,2,0,0,0,0,0,0,0,0,0,0,,,22,2,44,1,1,1,1,1,0,0.671902515,0.011176156,0.000151541,0.391525424,21,0,1,0,0,0,0,0,0,0,0,0,0,,,
1828,ok,160,14,5,5,2.39568842,0.086168608,0.786341933,1.109754448,0.882038247,0.289430542,12,3,36,3,1,1,1,1,2,2.942461859,1.050684032,0.0698972,0.174788136,1,20,3,60,1,1,1,1,0,0,1.130057076,2.01E-09,6.63E-11,0.562288136,15,10,3,30,3,1,1,1,0,2,1.132656992,8.47E-09,1.44E-10,0.177966102,10,0,2,0,0,0,0,0,0,0,0,0,0,,,17,2,34,2,1,1,1,1,1,1.234648957,0.41898445,0.005681145,0.43220339,24,0,1,0,5,1,1,1,0,4,1.49691737,3.41E-09,1.16E-10,1.533898305,30,
12,ok,158,7,4,4,1.136703772,0.812638158,1.267999942,0.885692889,0.498555942,0.37712806,17,3,51,2,1,1,1,1,1,1.519823861,0.010302403,0.000685372,1.172669492,16,17,3,51,2,1,1,1,1,1,1.426568864,0.061452912,0.002031071,1.256355932,36,0,3,0,0,0,0,0,0,0,0,0,0,,,0,2,0,0,0,0,0,0,0,0,0,0,,,17,2,34,2,1,1,1,1,1,1.543033995,0.017211702,0.000233379,0.323728814,16,22,1,22,1,1,1,1,1,0,1.474267472,0.097793583,0.003315037,0.889830508,11,
133,ok,158,6,4,4,1.152891727,0.478219159,1.025342594,0.758086101,0.565296079,0.902124179,17,3,51,2,1,1,1,1,1,1.433359986,13.27490231,0.883118501,2.170550847,31,17,3,51,2,1,1,1,1,1,1.516382439,53.94799258,1.783026873,1.983474576,58,0,3,0,0,0,0,0,0,0,0,0,0,,,0,2,0,0,0,0,0,0,0,0,0,0,,,17,2,34,1,1,1,0,1,0,1.450889243,0.219370259,0.002974512,0.120338983,1,22,1,22,1,1,1,1,1,0,2.477307505,0.247840274,0.008401365,1.56779661,31,
652,ok,158,6,4,4,2.200066019,0.225310601,0.746178433,0.581246633,0.487782463,0.565856718,17,3,51,2,1,1,1,1,1,1.461001647,0.049849741,0.003316275,1.50529661,21,17,3,51,2,1,1,1,1,1,1.37526798,34.06830536,1.125986363,1.520762712,44,0,3,0,0,0,0,0,0,0,0,0,0,,,0,2,0,0,0,0,0,0,0,0,0,0,,,17,2,34,1,1,1,0,1,0,1.418842079,0.169077984,0.002292583,0.133898305,2,22,1,22,1,1,1,1,1,0,2.139731623,0.307298701,0.010416905,1.025423729,15,
1178,ok,158,6,4,4,2.180106942,0.392686053,1.186917681,0.800352189,0.516247824,0.547286093,12,3,36,3,1,1,1,1,2,2.452542433,19.13721431,1.273111291,0.108262712,0,22,3,66,1,1,1,1,1,0,1.323163449,0.191893677,0.006342249,0.76059322,21,0,3,0,0,0,0,0,0,0,0,0,0,,,0,2,0,0,0,0,0,0,0,0,0,0,,,17,2,34,1,1,1,0,1,0,1.49006548,0.11840301,0.001605465,0.120338983,1,22,1,22,1,1,1,1,1,0,2.12097967,0.247159009,0.008378271,1.330508475,24,
1882,ok,158,6,4,4,1.340706363,0.172973483,0.924149379,0.784719923,0.530394215,0.679199419,12,3,36,3,1,1,1,1,2,2.477419184,14.20800866,0.945193797,0.108262712,0,22,3,66,1,1,1,1,1,0,1.154852646,0.236112844,0.00780373,0.430084746,11,0,3,0,0,0,0,0,0,0,0,0,0,,,0,2,0,0,0,0,0,0,0,0,0,0,,,17,2,34,1,1,1,0,1,0,1.367063326,0.357973552,0.004853879,0.106779661,0,22,1,22,1,1,1,1,1,0,2.979381362,0.161026077,0.005458511,2.042372881,45,
72,ok,157,10,4,4,1.367774018,0.090516767,0.971424578,1.130055013,0.645189281,0.45543342,12,3,36,3,1,1,1,1,2,2.720067479,6.65761776,0.442900843,0.108262712,0,17,3,51,2,1,1,1,1,1,1.120617733,0.206317102,0.006818955,0.463135593,12,12,3,36,3,1,1,1,1,2,1.173681199,0.209765116,0.003555341,0.076271186,4,0,2,0,0,0,0,0,0,0,0,0,0,,,17,2,34,2,1,1,1,1,1,1.313514681,0.927749689,0.012579657,0.174576271,5,0,1,0,0,0,0,0,0,0,0,0,0,,,
1782,ok,157,10,4,4,2.300914985,0.099978218,1.278967474,2.251324987,0.818447387,0.471023962,12,3,36,3,1,1,1,1,2,2.502863255,4.000832978,0.266157109,0.241313559,2,17,3,51,2,1,1,1,1,1,1.168142266,0.189636661,0.006267652,0.793644068,22,12,3,36,3,1,1,1,1,2,1.192627615,0.29482561,0.004997044,0.245762712,14,0,2,0,0,0,0,0,0,0,0,0,0,,,17,2,34,2,1,1,1,1,1,1.269138346,0.973394977,0.013198576,0.337288136,17,0,1,0,0,0,0,0,0,0,0,0,0,,,
316,ok,157,9,4,4,1.994116795,0.34569768,0.572770588,0.619962278,0.249545247,0.470221674,12,3,36,2,1,1,0,1,1,3.16323335,7.312455753,0.486464217,0.108262712,0,12,3,36,3,1,1,1,1,2,1.408642639,35.82286756,1.183976131,0.793644068,22,17,3,51,2,1,1,1,1,1,1.343000992,0.265202796,0.004494963,0.991525424,58,0,2,0,0,0,0,0,0,0,0,0,0,,,17,2,34,2,1,1,1,1,1,1.287524723,0.087897693,0.001191833,0.63559322,39,0,1,0,0,0,0,0,0,0,0,0,0,,,
467,ok,157,9,4,4,2.134455643,0.081319355,0.602248404,1.031883375,0.599192512,0.971474718,12,3,36,2,1,1,0,1,1,2.258690176,18.95704009,1.261125125,0.108262712,0,17,3,51,2,1,1,1,1,1,1.131425919,0.246101068,0.008133849,0.198728814,4,12,3,36,3,1,1,1,1,2,1.148129713,0.330922123,0.00560885,0.279661017,16,0,2,0,0,0,0,0,0,0,0,0,0,,,17,2,34,2,1,1,1,1,1,1.304041639,0.893475067,0.012114916,0.120338983,1,0,1,0,0,0,0,0,0,0,0,0,0,,,
1043,ok,157,9,4,4,1.258077629,0.080688257,1.746144008,2.386919154,0.63912081,0.528284446,12,3,36,2,1,1,0,1,1,1.796161686,8.484981681,0.564467002,0.374364407,4,17,3,51,2,1,1,1,1,1,1.180014316,0.022115965,0.000730951,0.76059322,21,12,3,36,3,1,1,1,1,2,1.174267173,0.185515022,0.003144322,0.177966102,10,0,2,0,0,0,0,0,0,0,0,0,0,,,17,2,34,2,1,1,1,1,1,1.350209746,1.146319562,0.015543316,0.133898305,2,0,1,0,0,0,0,0,0,0,0,0,0,,,
1150,ok,157,9,4,4,1.556566546,0.165348475,0.469425973,0.514260921,0.175170015,0.475920231,12,3,36,2,1,1,0,1,1,2.436501315,1.65389396,0.110025997,0.108262712,0,12,3,36,3,1,1,1,1,2,1.341859642,26.69524607,0.882300506,0.595338983,16,17,3,51,2,1,1,1,1,1,1.305306282,0.192952774,0.003270386,0.788135593,46,0,2,0,0,0,0,0,0,0,0,0,0,,,17,2,34,2,1,1,1,1,1,1.299056627,0.134309492,0.001821146,0.106779661,0,0,1,0,0,0,0,0,0,0,0,0,0,,,
1239,ok,157,9,4,4,2.326048186,0.080750902,0.844047489,1.39510851,0.520709826,0.798087383,12,3,36,2,1,1,0,1,1,2.90762197,21.74356659,1.446499981,0.108262712,0,17,3,51,2,1,1,1,1,1,1.148828343,0.41168934,0.013606682,0.363983051,9,12,3,36,3,1,1,1,1,2,1.198946934,0.323841751,0.005488843,0.279661017,16,0,2,0,0,0,0,0,0,0,0,0,0,,,17,2,34,2,1,1,1,1,1,1.307490899,1.15517902,0.015663444,0.133898305,2,0,1,0,0,0,0,0,0,0,0,0,0,,,
1695,ok,157,9,4,4,1.610410218,0.102164361,0.712045465,1.555472887,0.619348922,0.993809703,12,3,36,2,1,1,0,1,1,1.927839464,17.19990326,1.144230852,0.307838983,3,17,3,51,2,1,1,1,1,1,1.159775458,0.30215384,0.00998644,0.330932203,8,12,3,36,3,1,1,1,1,2,1.159149466,0.411832977,0.00698022,0.43220339,25,0,2,0,0,0,0,0,0,0,0,0,0,,,17,2,34,2,1,1,1,1,1,1.265358094,1.172967969,0.01590465,0.201694915,7,0,1,0,0,0,0,0,0,0,0,0,0,,,
499,ok,157,4,3,3,1.695959032,0.788046546,0.125443904,1.524741434,0.274377323,0.847059485,22,3,66,1,1,1,1,1,0,0.277993252,0.001600797,0.000106494,0.507415254,6,17,3,51,2,1,1,1,1,1,1.429344987,0.678992675,0.022441283,1.752118644,51,0,3,0,0,0,0,0,0,0,0,0,0,,,0,2,0,0,0,0,0,0,0,0,0,0,,,20,2,40,1,1,1,1,0,0,0.212256914,0.000684852,9.29E-06,0.486440678,28,0,1,0,0,0,0,0,0,0,0,0,0,,,
671,ok,157,4,3,3,2.028442724,1.006727076,0.133208253,0.775883527,0.33810816,0.782274454,22,3,66,1,1,1,1,1,0,0.417176935,0.004927132,0.00032778,0.507415254,6,17,3,51,2,1,1,1,1,1,1.429542438,0.236246056,0.007808132,1.025,29,0,3,0,0,0,0,0,0,0,0,0,0,,,0,2,0,0,0,0,0,0,0,0,0,0,,,20,2,40,1,1,1,1,0,0,0.29924768,0.000216575,2.94E-06,0.771186441,49,0,1,0,0,0,0,0,0,0,0,0,0,,,
1552,ok,157,4,3,3,2.366149954,0.866429002,0.106290588,1.608972564,0.304777667,0.877862789,22,3,66,1,1,1,1,1,0,0.254097878,0.001956701,0.00013017,0.507415254,6,17,3,51,2,1,1,1,1,1,1.430063944,0.866326695,0.028632831,1.785169492,52,0,3,0,0,0,0,0,0,0,0,0,0,,,0,2,0,0,0,0,0,0,0,0,0,0,,,20,2,40,1,1,1,1,0,0,0.182878369,0.000584675,7.93E-06,0.527118644,31,0,1,0,0,0,0,0,0,0,0,0,0,,,
1555,ok,157,4,3,3,2.448830263,1.147742172,0.11218615,1.312287004,0.401366596,0.923431539,22,3,66,1,1,1,1,1,0,0.250531887,0.001097739,7.30E-05,0.773516949,10,17,3,51,2,1,1,1,1,1,1.413773058,0.700011694,0.02313598,1.487711864,43,0,3,0,0,0,0,0,0,0,0,0,0,,,0,2,0,0,0,0,0,0,0,0,0,0,,,20,2,40,1,1,1,1,0,0,0.206317723,0.000252927,3.43E-06,0.703389831,44,0,1,0,0,0,0,0,0,0,0,0,0,,,
210,ok,157,3,3,3,2.105401607,0.572836977,0.076340387,2.498089769,0.127857019,0.754589381,17,3,51,1,1,1,0,1,0,0.387000268,0.003195225,0.000212564,0.174788136,1,22,3,66,1,1,1,1,1,0,0.571228269,0.00318823,0.000105374,0.661440678,18,0,3,0,0,0,0,0,0,0,0,0,0,,,0,2,0,0,0,0,0,0,0,0,0,0,,,20,2,40,1,1,1,1,0,0,0.111204725,0.000293445,3.98E-06,0.43220339,24,0,1,0,0,0,0,0,0,0,0,0,0,,,
685,ok,157,3,3,3,2.082993037,0.535449552,0.073430919,0.589662245,0.131865431,0.518652399,17,3,51,1,1,1,0,1,0,1.096168119,0.030459302,0.002026318,0.108262712,0,22,3,66,1,1,1,1,1,0,1.325787891,34.74655184,1.148402985,1.553813559,45,0,3,0,0,0,0,0,0,0,0,0,0,,,0,2,0,0,0,0,0,0,0,0,0,0,,,20,2,40,1,1,1,1,0,0,0.21096304,0.000297711,4.04E-06,0.662711864,41,0,1,0,0,0,0,0,0,0,0,0,0,,,
1067,ok,157,3,3,3,1.538576947,0.901444146,0.268409793,2.164143542,0.114369019,0.696984233,17,3,51,1,1,1,0,1,0,0.608919893,0.022503771,0.001497073,0.174788136,1,22,3,66,1,1,1,1,1,0,0.725353219,0.001889072,6.24E-05,0.958898305,27,0,3,0,0,0,0,0,0,0,0,0,0,,,0,2,0,0,0,0,0,0,0,0,0,0,,,20,2,40,1,1,1,1,0,0,0.304871351,0.000632502,8.58E-06,0.608474576,37,0,1,0,0,0,0,0,0,0,0,0,0,,,
1160,ok,157,3,3,3,2.045129818,0.482981592,0.0603175,2.435178101,0.146640402,0.911712016,17,3,51,1,1,1,0,1,0,0.257856006,0.001336678,8.89E-05,0.241313559,2,22,3,66,1,1,1,1,1,0,0.416862776,0.002689625,8.89E-05,0.363983051,9,0,3,0,0,0,0,0,0,0,0,0,0,,,0,2,0,0,0,0,0,0,0,0,0,0,,,20,2,40,1,1,1,1,0,0,0.104246443,0.000357739,4.85E-06,0.283050847,13,0,1,0,0,0,0,0,0,0,0,0,0,,,
1515,ok,157,3,3,3,1.769773053,1.171601832,0.241105537,1.933065278,0.155352074,0.8358967,17,3,51,1,1,1,0,1,0,0.406786658,0.004524076,0.000300966,0.374364407,4,22,3,66,1,1,1,1,1,0,0.691375866,0.002495699,8.25E-05,0.76059322,21,0,3,0,0,0,0,0,0,0,0,0,0,,,0,2,0,0,0,0,0,0,0,0,0,0,,,20,2,40,1,1,1,1,0,0,0.312340893,0.00055272,7.49E-06,0.63559322,39,0,1,0,0,0,0,0,0,0,0,0,0,,,
1561,ok,157,3,3,3,2.19797554,0.750337292,0.148607954,1.898013776,0.234409258,0.6264373,17,3,51,1,1,1,0,1,0,0.358192954,0.004848474,0.000322547,0.307838983,3,22,3,66,1,1,1,1,1,0,0.650202776,0.004360557,0.00014412,0.694491525,19,0,3,0,0,0,0,0,0,0,0,0,0,,,0,2,0,0,0,0,0,0,0,0,0,0,,,20,2,40,1,1,1,1,0,0,0.191655834,0.000240759,3.26E-06,0.703389831,44,0,1,0,0,0,0,0,0,0,0,0,0,,,
1620,ok,157,3,3,3,1.413229411,0.351324057,0.058733042,1.43712372,0.103646107,0.552678038,17,3,51,1,1,1,0,1,0,0.737505272,0.004020894,0.000267492,0.108262712,0,22,3,66,1,1,1,1,1,0,0.862954644,0.005839701,0.000193007,0.859745763,24,0,3,0,0,0,0,0,0,0,0,0,0,,,0,2,0,0,0,0,0,0,0,0,0,0,,,20,2,40,1,1,1,1,0,0,0.10549947,0.000245037,3.32E-06,0.377966102,20,0,1,0,0,0,0,0,0,0,0,0,0,,,
1742,ok,157,3,3,3,1.439216555,0.256584414,0.150692028,2.393789211,0.634189123,0.292113534,17,3,51,1,1,1,0,1,0,0.475314277,0.001020366,6.79E-05,0.307838983,3,0,3,0,0,0,0,0,0,0,0,0,0,,,22,3,66,1,1,1,1,1,0,0.119263799,0.000611982,1.04E-05,0.262711864,15,0,2,0,0,0,0,0,0,0,0,0,0,,,20,2,40,1,1,1,1,0,0,0.142717138,0.000283048,3.84E-06,0.554237288,33,0,1,0,0,0,0,0,0,0,0,0,0,,,
365,ok,156,4,3,2,2.336716308,0.123281546,0.056559431,2.469052767,0.63266246,0.904698161,20,3,60,1,1,1,1,0,0,0.12061407,9.84E-05,6.55E-06,0.906567797,12,17,3,51,2,1,1,1,1,1,1.209364556,0.488950855,0.01616024,0.595338983,16,15,3,45,1,1,0,1,0,0,0.04008334,0.000152705,2.59E-06,0.127118644,7,0,2,0,0,0,0,0,0,0,0,0,0,,,0,2,0,0,0,0,0,0,0,0,0,0,,,0,1,0,0,0,0,0,0,0,0,0,0,,,
972,ok,153,8,4,4,2.054667319,0.665919505,1.671883616,1.051306929,0.280993361,0.387732251,17,3,51,2,1,1,1,1,1,1.549273771,0.013024939,0.00086649,1.438771186,20,17,3,51,2,1,1,1,1,1,1.475686709,0.125780732,0.00415716,1.586864407,46,0,3,0,0,0,0,0,0,0,0,0,0,,,0,2,0,0,0,0,0,0,0,0,0,0,,,17,2,34,2,1,1,1,1,1,1.567991647,0.040615861,0.000550724,0.120338983,1,17,1,17,2,1,1,1,1,1,1.608178392,31.62490467,1.072030667,1.127118644,18,
435,ok,153,7,4,4,2.327035115,1.385720575,1.929644639,1.65628762,0.509681349,0.289614843,12,3,36,3,1,1,1,1,2,3.595838831,10.65508821,0.708834258,0.108262712,0,0,3,0,0,0,0,0,0,0,0,0,0,,,17,3,51,2,1,1,1,1,1,1.433797656,0.491517353,0.008330803,0.771186441,45,0,2,0,0,0,0,0,0,0,0,0,0,,,22,2,44,1,1,1,1,1,0,1.246225214,0.003345283,4.54E-05,0.622033898,38,22,1,22,1,1,1,1,1,0,0.790151993,29.37397202,0.995727865,0.720338983,6,
1022,ok,153,7,4,4,1.504280057,0.330483994,0.719829104,0.611429773,0.626949682,0.677892038,12,3,36,3,1,1,1,1,2,2.17278398,10.95982334,0.729106891,0.108262712,0,17,3,51,2,1,1,1,1,1,1.410164409,35.59594549,1.176476164,1.586864407,46,0,3,0,0,0,0,0,0,0,0,0,0,,,0,2,0,0,0,0,0,0,0,0,0,0,,,22,2,44,1,1,1,1,1,0,1.408578659,0.169063697,0.002292389,0.201694915,7,22,1,22,1,1,1,1,1,0,2.102670659,0.23761742,0.008054828,1.059322034,16,
1054,ok,153,6,4,4,2.057365523,2.248128851,1.834294272,1.033643557,0.791870318,0.675568516,17,3,51,1,1,1,0,1,0,1.042666365,4.768784077,0.317245381,0.174788136,1,17,3,51,2,1,1,1,1,1,1.416424509,0.112864075,0.003730253,1.388559322,40,0,3,0,0,0,0,0,0,0,0,0,0,,,0,2,0,0,0,0,0,0,0,0,0,0,,,17,2,34,1,1,1,0,1,0,1.50877957,0.052290018,0.000709017,0.161016949,4,17,1,17,2,1,1,1,1,1,1.875330672,28.64401736,0.970983639,1.43220339,27,
1099,ok,153,6,4,4,1.881030645,1.35227797,0.867471893,0.535553345,0.323797327,0.834821157,22,3,66,1,1,1,1,1,0,1.506152488,0.002918806,0.000194175,2.636228814,38,12,3,36,3,1,1,1,1,2,1.460962307,30.32180165,1.002161241,0.76059322,21,0,3,0,0,0,0,0,0,0,0,0,0,,,0,2,0,0,0,0,0,0,0,0,0,0,,,17,2,34,1,1,1,0,1,0,1.515747145,0.042394923,0.000574846,0.161016949,4,17,1,17,1,1,1,0,1,0,1.721448981,0.265924746,0.009014398,0.618644068,3,
341,ok,153,6,3,3,1.190207687,0.964013988,0.235085892,0.528020275,0.447667593,0.639837965,17,3,51,2,1,1,1,1,1,3.84580126,2.442621925,0.162496459,0.108262712,0,12,3,36,3,1,1,1,1,2,1.40835732,25.40452389,0.839641044,0.694491525,19,22,3,66,1,1,1,1,1,0,0.658611791,0.003679728,6.24E-05,0.872881356,51,0,2,0,0,0,0,0,0,0,0,0,0,,,0,2,0,0,0,0,0,0,0,0,0,0,,,0,1,0,0,0,0,0,0,0,0,0,0,,,
393,ok,153,6,3,3,1.326799272,1.761671863,0.397944464,0.942011207,0.726999957,0.685862407,12,3,36,3,1,1,1,1,2,3.407568759,1.838033933,0.122275986,0.108262712,0,17,3,51,2,1,1,1,1,1,1.392945157,0.114435232,0.003782181,1.223305085,35,22,3,66,1,1,1,1,1,0,0.62515402,0.00160843,2.73E-05,0.838983051,49,0,2,0,0,0,0,0,0,0,0,0,0,,,0,2,0,0,0,0,0,0,0,0,0,0,,,0,1,0,0,0,0,0,0,0,0,0,0,,,
487,ok,153,6,3,3,1.855773381,3.236257705,0.657129319,1.164295747,0.727442823,0.646931404,12,3,36,3,1,1,1,1,2,2.248793592,7.026632442,0.467449701,0.241313559,2,17,3,51,2,1,1,1,1,1,1.448349423,0.103557504,0.003422663,1.752118644,51,22,3,66,1,1,1,1,1,0,0.772844577,0.002138075,3.62E-05,0.822033898,48,0,2,0,0,0,0,0,0,0,0,0,0,,,0,2,0,0,0,0,0,0,0,0,0,0,,,0,1,0,0,0,0,0,0,0,0,0,0,,,
503,ok,153,6,3,3,2.007363408,2.557108015,1.182889335,1.088859345,0.609925752,0.466185478,12,3,36,3,1,1,1,1,2,2.209121038,13.81293774,0.918911536,0.108262712,0,17,3,51,2,1,1,1,1,1,1.476257448,0.063029046,0.002083163,1.752118644,51,22,3,66,1,1,1,1,1,0,1.16778229,0.01059024,0.000179496,0.5,29,0,2,0,0,0,0,0,0,0,0,0,0,,,0,2,0,0,0,0,0,0,0,0,0,0,,,0,1,0,0,0,0,0,0,0,0,0,0,,,
545,ok,153,6,3,3,1.447843768,3.704347806,0.919929631,0.618928605,0.792852929,0.544482635,12,3,36,3,1,1,1,1,2,1.452846201,4.161673848,0.276857116,2.436652542,35,22,3,66,1,1,1,1,1,0,1.331399387,25.75174259,0.851116916,1.619915254,47,17,3,51,2,1,1,1,1,1,1.425685096,0.01454784,0.000246574,0.838983051,49,0,2,0,0,0,0,0,0,0,0,0,0,,,0,2,0,0,0,0,0,0,0,0,0,0,,,0,1,0,0,0,0,0,0,0,0,0,0,,,
622,ok,153,6,3,3,2.170086838,3.230271919,0.64519206,1.272287432,0.848006102,0.533629754,12,3,36,3,1,1,1,1,2,3.355976765,2.906713835,0.19337037,0.174788136,1,17,3,51,2,1,1,1,1,1,1.441798643,0.056835958,0.001878477,1.950423729,57,22,3,66,1,1,1,1,1,0,0.714895813,0.001084342,1.84E-05,0.805084746,47,0,2,0,0,0,0,0,0,0,0,0,0,,,0,2,0,0,0,0,0,0,0,0,0,0,,,0,1,0,0,0,0,0,0,0,0,0,0,,,
623,ok,153,6,3,3,1.44448209,1.884860552,1.097744455,1.183742623,0.79001319,0.325019594,12,3,36,3,1,1,1,1,2,2.01505688,3.263423335,0.21710062,0.108262712,0,17,3,51,2,1,1,1,1,1,1.44673926,0.017156557,0.000567039,1.785169492,52,22,3,66,1,1,1,1,1,0,1.032262225,0.004498891,7.63E-05,0.466101695,27,0,2,0,0,0,0,0,0,0,0,0,0,,,0,2,0,0,0,0,0,0,0,0,0,0,,,0,1,0,0,0,0,0,0,0,0,0,0,,,
874,ok,153,6,3,3,1.475548643,2.211669738,0.559879838,0.904364757,0.679876539,0.683203195,12,3,36,3,1,1,1,1,2,2.780411853,6.021995439,0.400615798,0.108262712,0,17,3,51,2,1,1,1,1,1,1.41119278,0.124864821,0.004126888,1.28940678,37,22,3,66,1,1,1,1,1,0,0.815482281,0.003257493,5.52E-05,0.788135593,46,0,2,0,0,0,0,0,0,0,0,0,0,,,0,2,0,0,0,0,0,0,0,0,0,0,,,0,1,0,0,0,0,0,0,0,0,0,0,,,
1357,ok,153,6,3,3,1.905027569,1.997982065,0.472142122,0.770500297,0.891260107,0.510632305,12,3,36,3,1,1,1,1,2,2.101857954,1.53663035,0.102224985,0.241313559,2,17,3,51,2,1,1,1,1,1,1.367627765,0.037826007,0.001250182,1.124152542,32,22,3,66,1,1,1,1,1,0,0.769715013,0.001069267,1.81E-05,0.771186441,45,0,2,0,0,0,0,0,0,0,0,0,0,,,0,2,0,0,0,0,0,0,0,0,0,0,,,0,1,0,0,0,0,0,0,0,0,0,0,,,
1600,ok,153,6,3,3,1.205689381,1.20379078,0.903121885,1.003597055,0.622282455,0.392371105,12,3,36,3,1,1,1,1,2,3.502255007,4.164790605,0.27706446,0.108262712,0,17,3,51,2,1,1,1,1,1,1.433208337,0.044747474,0.001478942,1.454661017,42,22,3,66,1,1,1,1,1,0,1.065434024,0.011444725,0.000193978,0.466101695,27,0,2,0,0,0,0,0,0,0,0,0,0,,,0,2,0,0,0,0,0,0,0,0,0,0,,,0,1,0,0,0,0,0,0,0,0,0,0,,,
356,ok,153,5,3,3,2.238398658,0.637985004,0.609673495,0.687689237,0.513645839,0.323075611,12,3,36,2,1,1,0,1,1,2.288439456,1.347714054,0.089657249,0.174788136,1,22,3,66,1,1,1,1,1,0,1.337411991,34.88224463,1.152887746,1.785169492,52,17,3,51,2,1,1,1,1,1,1.329325311,0.261852147,0.004438172,0.957627119,56,0,2,0,0,0,0,0,0,0,0,0,0,,,0,2,0,0,0,0,0,0,0,0,0,0,,,0,1,0,0,0,0,0,0,0,0,0,0,,,
376,ok,153,5,3,3,1.208448592,1.377014301,0.327604024,1.181207333,0.741407093,0.315930482,12,3,36,2,1,1,0,1,1,3.929236715,0.063270795,0.004209116,0.108262712,0,17,3,51,2,1,1,1,1,1,1.433948399,0.012611998,0.000416837,1.785169492,52,22,3,66,1,1,1,1,1,0,0.469156157,0.000940312,1.59E-05,0.805084746,47,0,2,0,0,0,0,0,0,0,0,0,0,,,0,2,0,0,0,0,0,0,0,0,0,0,,,0,1,0,0,0,0,0,0,0,0,0,0,,,
413,ok,153,5,3,3,1.200612599,0.214827258,0.163303111,0.745353397,0.113419588,0.906169115,17,3,51,1,1,1,0,1,0,0.58057292,0.011327311,0.000753554,0.241313559,2,12,3,36,3,1,1,1,1,2,1.438108345,58.81606575,1.943920817,1.950423729,57,22,3,66,1,1,1,1,1,0,0.402673886,0.002901364,4.92E-05,0.822033898,48,0,2,0,0,0,0,0,0,0,0,0,0,,,0,2,0,0,0,0,0,0,0,0,0,0,,,0,1,0,0,0,0,0,0,0,0,0,0,,,
561,ok,153,5,3,3,2.42703536,0.741902425,0.227818926,1.234802354,0.756734083,0.345024253,12,3,36,2,1,1,0,1,1,3.732609795,0.094051029,0.006256785,0.108262712,0,17,3,51,2,1,1,1,1,1,1.382654479,0.114693331,0.003790712,1.553813559,45,22,3,66,1,1,1,1,1,0,0.325205707,0.001790199,3.03E-05,0.550847458,32,0,2,0,0,0,0,0,0,0,0,0,0,,,0,2,0,0,0,0,0,0,0,0,0,0,,,0,1,0,0,0,0,0,0,0,0,0,0,,,
618,ok,153,5,3,3,1.901098036,1.849191438,0.468666194,0.936950827,0.425755583,0.672431293,17,3,51,2,1,1,1,1,1,4.572418863,12.9668178,0.862623049,0.108262712,0,17,3,51,2,1,1,1,1,1,1.472803719,0.139337661,0.004605228,1.388559322,40,17,3,51,1,1,1,0,1,0,0.744470338,0.005264058,8.92E-05,0.923728814,54,0,2,0,0,0,0,0,0,0,0,0,0,,,0,2,0,0,0,0,0,0,0,0,0,0,,,0,1,0,0,0,0,0,0,0,0,0,0,,,
825,ok,153,5,3,3,1.977583337,1.606724325,0.632586475,0.994260613,0.306160198,0.415726763,12,3,36,2,1,1,0,1,1,3.256467216,1.573627875,0.104686261,0.108262712,0,17,3,51,2,1,1,1,1,1,1.517524015,0.032090275,0.001060611,1.652966102,48,22,3,66,1,1,1,1,1,0,0.861612958,0.008036787,0.000136217,0.805084746,47,0,2,0,0,0,0,0,0,0,0,0,0,,,0,2,0,0,0,0,0,0,0,0,0,0,,,0,1,0,0,0,0,0,0,0,0,0,0,,,
986,ok,153,5,3,3,2.334743415,1.332426483,0.149792506,0.604467722,0.679088475,0.891679742,22,3,66,1,1,1,1,1,0,0.439862451,0.001101919,7.33E-05,1.172669492,16,12,3,36,3,1,1,1,1,2,1.363281539,37.94697669,1.254179738,1.586864407,46,17,3,51,1,1,1,0,1,0,0.412215715,0.001421748,2.41E-05,0.974576271,57,0,2,0,0,0,0,0,0,0,0,0,0,,,0,2,0,0,0,0,0,0,0,0,0,0,,,0,1,0,0,0,0,0,0,0,0,0,0,,,
1529,ok,153,5,3,3,1.244426239,0.644181833,0.152653799,0.728432968,0.552331232,0.430743753,17,3,51,1,1,1,0,1,0,0.565513221,0.003843281,0.000255676,0.374364407,4,12,3,36,3,1,1,1,1,2,1.37736182,37.1213523,1.226892152,1.917372881,56,22,3,66,1,1,1,1,1,0,0.343298424,0.001416372,2.40E-05,0.652542373,38,0,2,0,0,0,0,0,0,0,0,0,0,,,0,2,0,0,0,0,0,0,0,0,0,0,,,0,1,0,0,0,0,0,0,0,0,0,0,,,
1629,ok,153,5,3,3,2.47682994,1.381265261,0.256018461,1.346032859,0.808505108,0.320811592,12,3,36,2,1,1,0,1,1,3.392510225,0.072825264,0.004844732,0.108262712,0,17,3,51,2,1,1,1,1,1,1.435103519,0.046533406,0.001537969,1.983474576,58,22,3,66,1,1,1,1,1,0,0.36844002,0.000971087,1.65E-05,0.822033898,48,0,2,0,0,0,0,0,0,0,0,0,0,,,0,2,0,0,0,0,0,0,0,0,0,0,,,0,1,0,0,0,0,0,0,0,0,0,0,,,
1843,ok,153,5,3,3,1.553368027,0.409688963,0.347942126,0.500273923,0.807614758,0.155783887,12,3,36,2,1,1,0,1,1,3.80915002,0.024016549,0.001597711,0.108262712,0,22,3,66,1,1,1,1,1,0,1.233780442,14.50096971,0.479269338,1.322457627,38,17,3,51,2,1,1,1,1,1,1.196856174,0.071150751,0.001205945,0.737288136,43,0,2,0,0,0,0,0,0,0,0,0,0,,,0,2,0,0,0,0,0,0,0,0,0,0,,,0,1,0,0,0,0,0,0,0,0,0,0,,,
1937,ok,153,5,3,3,1.622707148,0.201940752,0.085282549,0.720575306,0.683564563,0.172805813,17,3,51,1,1,1,0,1,0,1.355440065,0.002392761,0.000159179,0.174788136,1,12,3,36,3,1,1,1,1,2,1.287311181,23.32258847,0.770831314,0.793644068,22,22,3,66,1,1,1,1,1,0,0.175777841,0.000702909,1.19E-05,0.211864407,12,0,2,0,0,0,0,0,0,0,0,0,0,,,0,2,0,0,0,0,0,0,0,0,0,0,,,0,1,0,0,0,0,0,0,0,0,0,0,,,
1269,ok,153,4,3,3,1.73212525,0.199237547,0.285858047,2.076286759,0.112330161,0.870770381,17,3,51,1,1,1,0,1,0,0.457986703,0.006436465,0.000428189,0.307838983,3,12,3,36,2,1,1,0,1,1,1.411136992,1.331156807,0.043995861,1.818220339,53,22,3,66,1,1,1,1,1,0,0.332000008,0.003723628,6.31E-05,0.669491525,39,0,2,0,0,0,0,0,0,0,0,0,0,,,0,2,0,0,0,0,0,0,0,0,0,0,,,0,1,0,0,0,0,0,0,0,0,0,0,,,
1687,ok,153,4,3,3,1.313256342,1.660002682,0.264300087,0.680127019,0.728164786,0.25264602,12,3,36,2,1,1,0,1,1,4.146398717,0.046640155,0.003102756,0.108262712,0,22,3,66,1,1,1,1,1,0,1.337144401,26.19092931,0.86563241,1.785169492,52,17,3,51,1,1,1,0,1,0,0.57314126,0.001160147,1.97E-05,0.957627119,56,0,2,0,0,0,0,0,0,0,0,0,0,,,0,2,0,0,0,0,0,0,0,0,0,0,,,0,1,0,0,0,0,0,0,0,0,0,0,,,
1943,ok,153,4,3,3,2.461272685,0.262241332,0.569411027,0.760813835,0.405313412,0.121304901,17,3,51,1,1,1,0,1,0,3.593587552,0.372958373,0.024811214,0.108262712,0,17,3,51,1,1,1,0,1,0,1.29843236,27.78931155,0.918460297,1.983474576,58,17,3,51,2,1,1,1,1,1,1.2837974,0.324918091,0.005507086,0.737288136,43,0,2,0,0,0,0,0,0,0,0,0,0,,,0,2,0,0,0,0,0,0,0,0,0,0,,,0,1,0,0,0,0,0,0,0,0,0,0,,,
1998,ok,153,4,3,3,1.209326946,0.810356565,0.177923885,1.317685123,0.397761633,0.362556135,17,3,51,1,1,1,0,1,0,0.662258326,0.007024991,0.000467341,0.241313559,2,17,3,51,2,1,1,1,1,1,1.458546941,0.1040528,0.003439033,1.950423729,57,17,3,51,1,1,1,0,1,0,0.300942523,0.001014278,1.72E-05,0.923728814,54,0,2,0,0,0,0,0,0,0,0,0,0,,,0,2,0,0,0,0,0,0,0,0,0,0,,,0,1,0,0,0,0,0,0,0,0,0,0,,,
1039,ok,152,14,5,5,1.853652308,0.090098998,0.203887779,1.323101092,0.867748607,0.986744453,17,3,51,2,1,1,1,1,1,2.995128979,0.250078154,0.016636555,0.108262712,0,12,3,36,2,1,1,0,1,1,1.210781587,0.011217124,0.000370735,0.231779661,5,7,3,21,4,1,1,1,1,3,0.480690655,0.013514441,0.000229058,0.449152542,26,0,2,0,0,0,0,0,0,0,0,0,0,,,22,2,44,1,1,1,1,1,0,1.029625185,0.393352783,0.005333597,0.771186441,49,0,1,0,5,1,1,1,0,4,0.928019959,1.66E-08,5.63E-10,2.110169492,47,
1403,ok,151,5,3,3,2.281189248,0.544812289,0.749538207,0.615220758,0.427896179,0.298363147,0,3,0,0,0,0,0,0,0,0,0,0,,,22,3,66,1,1,1,1,1,0,1.316428687,30.17920242,0.997448216,1.619915254,47,17,3,51,2,1,1,1,1,1,1.521630439,0.07412638,0.001256379,0.36440678,21,0,2,0,0,0,0,0,0,0,0,0,0,,,17,2,34,2,1,1,1,1,1,1.441547222,0.005472224,7.42E-05,0.649152542,40,0,1,0,0,0,0,0,0,0,0,0,0,,,
661,ok,149,4,3,3,1.943860151,0.205554362,1.369870423,0.789466228,0.178133804,0.761664737,22,3,66,1,1,1,1,1,0,1.509760709,0.004188632,0.00027865,2.237076271,32,22,3,66,1,1,1,1,1,0,1.335111101,0.332447376,0.010987668,0.76059322,21,0,3,0,0,0,0,0,0,0,0,0,0,,,0,2,0,0,0,0,0,0,0,0,0,0,,,0,2,0,0,0,0,0,0,0,0,0,0,,,17,1,17,2,1,1,1,1,1,2.58414362,35.53838796,1.204691117,1.63559322,33,
1323,ok,149,4,3,3,2.192364458,0.275823471,1.64849797,1.108725929,0.232869141,0.757239076,22,3,66,1,1,1,1,1,0,1.488816695,0.058386372,0.003884178,1.239194915,17,22,3,66,1,1,1,1,1,0,1.357647579,0.517025764,0.01708814,1.025,29,0,3,0,0,0,0,0,0,0,0,0,0,,,0,2,0,0,0,0,0,0,0,0,0,0,,,0,2,0,0,0,0,0,0,0,0,0,0,,,17,1,17,2,1,1,1,1,1,2.261456599,32.27081885,1.093926063,2.008474576,44,
1534,ok,148,6,4,4,2.415846429,0.594650037,1.485202052,1.56289662,0.315975243,0.244432998,12,3,36,2,1,1,0,1,1,3.713545915,6.547810271,0.435595853,0.108262712,0,0,3,0,0,0,0,0,0,0,0,0,0,,,17,3,51,2,1,1,1,1,1,1.402394926,0.912432254,0.015464953,0.889830508,52,0,2,0,0,0,0,0,0,0,0,0,0,,,22,2,44,1,1,1,1,1,0,1.165500204,0.01031986,0.00013993,0.581355932,35,17,1,17,1,1,1,0,1,0,0.680921218,29.14003391,0.98779776,0.550847458,1,
79,ok,147,5,3,3,1.303403122,0.877604918,0.108424625,1.54166456,0.771012689,0.414581141,12,3,36,2,1,1,0,1,1,3.482688865,0.008709778,0.000579422,0.108262712,0,17,3,51,2,1,1,1,1,1,1.375094863,0.115521134,0.003818071,1.851271186,54,20,3,60,1,1,1,1,0,0,0.156351998,0.000127953,2.17E-06,0.771186441,45,0,2,0,0,0,0,0,0,0,0,0,0,,,0,2,0,0,0,0,0,0,0,0,0,0,,,0,1,0,0,0,0,0,0,0,0,0,0,,,
135,ok,147,5,3,3,2.276143476,0.702008661,0.124701004,0.81787289,0.89340614,0.321740248,12,3,36,2,1,1,0,1,1,2.858778628,0.010177849,0.000677086,0.108262712,0,17,3,51,2,1,1,1,1,1,1.306894396,0.029930755,0.000989237,1.025,29,20,3,60,1,1,1,1,0,0,0.234836386,0.00026229,4.45E-06,0.56779661,33,0,2,0,0,0,0,0,0,0,0,0,0,,,0,2,0,0,0,0,0,0,0,0,0,0,,,0,1,0,0,0,0,0,0,0,0,0,0,,,
468,ok,147,5,3,3,2.446338792,1.07420554,0.054777905,0.518983161,0.726745525,0.85801222,22,3,66,1,1,1,1,1,0,0.220867498,0.000274154,1.82E-05,0.97309322,13,12,3,36,3,1,1,1,1,2,1.346043746,29.59827744,0.978248153,1.355508475,39,15,3,45,1,1,1,0,0,0,0.182244352,0.000249222,4.22E-06,0.940677966,55,0,2,0,0,0,0,0,0,0,0,0,0,,,0,2,0,0,0,0,0,0,0,0,0,0,,,0,1,0,0,0,0,0,0,0,0,0,0,,,
764,ok,147,5,3,3,1.907512897,0.734597213,0.060160365,0.624730358,0.502268065,0.441459742,17,3,51,1,1,1,0,1,0,0.361025744,0.001282256,8.53E-05,0.374364407,4,12,3,36,3,1,1,1,1,2,1.409555426,32.19288335,1.064002077,0.826694915,23,20,3,60,1,1,1,1,0,0,0.178253244,0.000419273,7.11E-06,0.855932203,50,0,2,0,0,0,0,0,0,0,0,0,0,,,0,2,0,0,0,0,0,0,0,0,0,0,,,0,1,0,0,0,0,0,0,0,0,0,0,,,
1075,ok,147,5,3,3,1.229725978,1.117461569,0.068957841,1.461496662,0.821665381,0.852842139,17,3,51,2,1,1,1,1,1,3.201910435,0.011025651,0.000733486,0.108262712,0,17,3,51,2,1,1,1,1,1,1.354135004,0.203020845,0.006710011,1.256355932,36,15,3,45,1,1,1,0,0,0,0.115931638,2.94E-05,4.99E-07,0.991525424,58,0,2,0,0,0,0,0,0,0,0,0,0,,,0,2,0,0,0,0,0,0,0,0,0,0,,,0,1,0,0,0,0,0,0,0,0,0,0,,,
1375,ok,147,5,3,3,1.793020896,0.997107026,0.088704412,1.07240492,0.844986326,0.391583151,12,3,36,2,1,1,0,1,1,3.046278038,0.007227355,0.000480803,0.108262712,0,17,3,51,2,1,1,1,1,1,1.35942075,0.059562847,0.001968603,1.388559322,40,20,3,60,1,1,1,1,0,0,0.160343461,0.000100798,1.71E-06,0.822033898,48,0,2,0,0,0,0,0,0,0,0,0,0,,,0,2,0,0,0,0,0,0,0,0,0,0,,,0,1,0,0,0,0,0,0,0,0,0,0,,,
1616,ok,147,5,3,3,1.859516586,0.699369198,0.078190121,0.859270438,0.813402932,0.42347422,12,3,36,2,1,1,0,1,1,3.2686497,0.011565515,0.000769401,0.108262712,0,17,3,51,2,1,1,1,1,1,1.310981782,0.085403604,0.002822662,0.991949153,28,20,3,60,1,1,1,1,0,0,0.153893517,0.000173766,2.95E-06,0.618644068,36,0,2,0,0,0,0,0,0,0,0,0,0,,,0,2,0,0,0,0,0,0,0,0,0,0,,,0,1,0,0,0,0,0,0,0,0,0,0,,,
1804,ok,147,5,3,3,1.509361446,0.754839993,0.106391043,1.160778892,0.862699279,0.375660526,12,3,36,2,1,1,0,1,1,2.952892201,0.005404808,0.000359557,0.108262712,0,17,3,51,2,1,1,1,1,1,1.322863756,0.064402837,0.002128568,1.388559322,40,20,3,60,1,1,1,1,0,0,0.163374213,0.00010105,1.71E-06,0.63559322,37,0,2,0,0,0,0,0,0,0,0,0,0,,,0,2,0,0,0,0,0,0,0,0,0,0,,,0,1,0,0,0,0,0,0,0,0,0,0,,,
76,ok,147,4,3,3,1.425113062,1.074727682,0.052672994,0.555993235,0.839264885,0.253168044,12,3,36,2,1,1,0,1,1,3.050119679,0.001154906,7.68E-05,0.108262712,0,22,3,66,1,1,1,1,1,0,1.296537286,19.14423646,0.632733239,1.454661017,42,15,3,45,1,1,1,0,0,0,0.154172763,5.02E-05,8.51E-07,0.957627119,56,0,2,0,0,0,0,0,0,0,0,0,0,,,0,2,0,0,0,0,0,0,0,0,0,0,,,0,1,0,0,0,0,0,0,0,0,0,0,,,
458,ok,147,4,3,3,1.866373018,0.597507254,0.066239591,1.610968992,0.856782728,0.19760453,12,3,36,2,1,1,0,1,1,2.845209158,0.000394871,2.63E-05,0.108262712,0,17,3,51,1,1,1,0,1,0,1.258420242,0.001917704,6.34E-05,1.884322034,55,20,3,60,1,1,1,1,0,0,0.082057069,4.91E-05,8.32E-07,0.533898305,31,0,2,0,0,0,0,0,0,0,0,0,0,,,0,2,0,0,0,0,0,0,0,0,0,0,,,0,1,0,0,0,0,0,0,0,0,0,0,,,
549,ok,147,4,3,3,1.630369447,0.842644765,0.059074062,0.947404619,0.551873488,0.373767851,17,3,51,1,1,1,0,1,0,0.426191084,0.000882002,5.87E-05,0.307838983,3,17,3,51,2,1,1,1,1,1,1.426066986,0.083737277,0.002767588,1.322457627,38,15,3,45,1,1,1,0,0,0,0.133433977,0.000193763,3.28E-06,0.923728814,54,0,2,0,0,0,0,0,0,0,0,0,0,,,0,2,0,0,0,0,0,0,0,0,0,0,,,0,1,0,0,0,0,0,0,0,0,0,0,,,
430,ok,147,5,3,2,1.059388549,0.10431224,0.051933656,1.647679146,0.840372554,0.909501224,17,3,51,2,1,1,1,1,1,3.035695972,0.00404944,0.000269391,0.108262712,0,17,3,51,2,1,1,1,1,1,1.15730799,0.057986754,0.001916511,0.330932203,8,15,3,45,1,1,0,1,0,0,0.045422915,2.88E-05,4.87E-07,0.110169492,6,0,2,0,0,0,0,0,0,0,0,0,0,,,0,2,0,0,0,0,0,0,0,0,0,0,,,0,1,0,0,0,0,0,0,0,0,0,0,,,
110,ok,146,4,3,3,2.270874797,1.357249649,0.183372284,0.915733112,0.164887851,0.99114766,17,3,51,1,1,1,0,1,0,0.471459278,0.007120921,0.000473722,0.440889831,5,17,3,51,2,1,1,1,1,1,1.482556543,0.25540421,0.008441326,1.388559322,40,0,3,0,0,0,0,0,0,0,0,0,0,,,0,2,0,0,0,0,0,0,0,0,0,0,,,22,2,44,1,1,1,1,1,0,0.388436597,0.001157141,1.57E-05,0.622033898,38,0,1,0,0,0,0,0,0,0,0,0,0,,,
235,ok,146,4,3,3,2.369900014,0.667853847,0.213790666,1.14476515,0.184737257,0.910881748,17,3,51,1,1,1,0,1,0,0.469252114,0.008272861,0.000550356,0.440889831,5,17,3,51,2,1,1,1,1,1,1.446598512,0.524797724,0.01734501,1.421610169,41,0,3,0,0,0,0,0,0,0,0,0,0,,,0,2,0,0,0,0,0,0,0,0,0,0,,,22,2,44,1,1,1,1,1,0,0.40336927,0.005782483,7.84E-05,0.283050847,13,0,1,0,0,0,0,0,0,0,0,0,0,,,
529,ok,146,4,3,3,2.4089559,0.413392623,0.187408909,0.824553852,0.121428326,0.468519809,17,3,51,1,1,1,0,1,0,1.277243869,0.113152039,0.007527487,0.108262712,0,17,3,51,2,1,1,1,1,1,1.506761109,0.084139868,0.002780894,1.256355932,36,0,3,0,0,0,0,0,0,0,0,0,0,,,0,2,0,0,0,0,0,0,0,0,0,0,,,22,2,44,1,1,1,1,1,0,0.396096345,0.003565209,4.83E-05,0.459322034,26,0,1,0,0,0,0,0,0,0,0,0,0,,,
609,ok,146,4,3,3,1.5749895,0.772935009,0.140709728,2.063016909,0.343875541,0.900471528,22,3,66,1,1,1,1,1,0,0.255696685,0.000996537,6.63E-05,0.640466102,8,12,3,36,2,1,1,0,1,1,1.421184966,1.041926474,0.034436553,1.950423729,57,0,3,0,0,0,0,0,0,0,0,0,0,,,0,2,0,0,0,0,0,0,0,0,0,0,,,22,2,44,1,1,1,1,1,0,0.211539232,0.000754533,1.02E-05,0.418644068,23,0,1,0,0,0,0,0,0,0,0,0,0,,,
1152,ok,146,4,3,3,1.135120065,0.497450935,0.11585071,0.830723132,0.157022443,0.798625012,17,3,51,1,1,1,0,1,0,0.480251173,0.006705927,0.000446115,0.241313559,2,17,3,51,2,1,1,1,1,1,1.443784906,0.216130689,0.007143302,1.091101695,31,0,3,0,0,0,0,0,0,0,0,0,0,,,0,2,0,0,0,0,0,0,0,0,0,0,,,22,2,44,1,1,1,1,1,0,0.281628674,0.00158948,2.16E-05,0.323728814,16,0,1,0,0,0,0,0,0,0,0,0,0,,,
1412,ok,146,4,3,3,1.226591542,0.821673871,0.218996721,0.919719222,0.148827943,0.766151306,17,3,51,1,1,1,0,1,0,0.564307453,0.008260105,0.000549507,0.307838983,3,17,3,51,2,1,1,1,1,1,1.477377929,0.16607086,0.005488783,1.388559322,40,0,3,0,0,0,0,0,0,0,0,0,0,,,0,2,0,0,0,0,0,0,0,0,0,0,,,22,2,44,1,1,1,1,1,0,0.42509788,0.001647387,2.23E-05,0.5,29,0,1,0,0,0,0,0,0,0,0,0,0,,,
1584,ok,146,4,3,3,2.349316984,0.468232573,0.13524003,1.124313061,0.105211644,0.816831948,17,3,51,1,1,1,0,1,0,0.536854386,0.020185195,0.001342829,0.174788136,1,17,3,51,2,1,1,1,1,1,1.464570941,0.416510999,0.013766042,1.553813559,45,0,3,0,0,0,0,0,0,0,0,0,0,,,0,2,0,0,0,0,0,0,0,0,0,0,,,22,2,44,1,1,1,1,1,0,0.277599964,0.00339415,4.60E-05,0.269491525,12,0,1,0,0,0,0,0,0,0,0,0,0,,,
1852,ok,146,4,3,3,1.509747857,0.430965866,0.16817737,1.472826257,0.125401423,0.668369883,17,3,51,1,1,1,0,1,0,0.565457948,0.013820674,0.000919426,0.174788136,1,17,3,51,2,1,1,1,1,1,1.465383589,0.385941726,0.012755701,1.983474576,58,0,3,0,0,0,0,0,0,0,0,0,0,,,0,2,0,0,0,0,0,0,0,0,0,0,,,22,2,44,1,1,1,1,1,0,0.266618701,0.002117754,2.87E-05,0.310169492,15,0,1,0,0,0,0,0,0,0,0,0,0,,,
1899,ok,146,4,3,3,2.393349397,0.351723127,0.072539851,1.04385818,0.15132979,0.881154033,17,3,51,1,1,1,0,1,0,0.345189397,0.005150781,0.000342658,0.241313559,2,17,3,51,2,1,1,1,1,1,1.41541513,0.515437078,0.017035632,1.15720339,33,0,3,0,0,0,0,0,0,0,0,0,0,,,0,2,0,0,0,0,0,0,0,0,0,0,,,22,2,44,1,1,1,1,1,0,0.178594816,0.001687013,2.29E-05,0.201694915,7,0,1,0,0,0,0,0,0,0,0,0,0,,,
1965,ok,146,4,3,3,1.9962744,0.549518597,0.135859205,1.635104038,0.219513008,0.938136958,17,3,51,1,1,1,0,1,0,0.303982893,0.002896145,0.000192667,0.440889831,5,17,3,51,2,1,1,1,1,1,1.424893205,0.95327329,0.03150649,1.652966102,48,0,3,0,0,0,0,0,0,0,0,0,0,,,0,2,0,0,0,0,0,0,0,0,0,0,,,22,2,44,1,1,1,1,1,0,0.238937219,0.002098538,2.85E-05,0.269491525,12,0,1,0,0,0,0,0,0,0,0,0,0,,,
171,ok,144,15,5,5,1.05295474,0.07613643,0.189857334,2.495281854,0.723516221,0.576529827,22,3,66,1,1,1,1,1,0,0.276201335,0.000296584,1.97E-05,0.640466102,8,-8,3,-24,7,1,1,1,1,6,1.198528373,0.02560688,0.000846329,0.727542373,20,17,3,51,2,1,1,1,1,1,0.421452289,0.015854075,0.000268713,0.805084746,47,0,2,0,0,0,0,0,0,0,0,0,0,,,22,2,44,1,1,1,1,1,0,0.396203293,0.09618744,0.001304236,0.744067797,47,7,1,7,4,1,1,1,1,3,0.315683169,0.000519661,1.76E-05,1.330508475,24,
1370,ok,144,13,5,5,2.391607807,0.084596241,0.708242027,2.132867973,0.770113575,0.195012057,12,3,36,2,1,1,0,1,1,3.620835877,0.12730742,0.00846918,0.108262712,0,7,3,21,4,1,1,1,1,3,1.154348777,0.018257806,0.000603436,1.454661017,42,12,3,36,3,1,1,1,1,2,1.165512791,0.083835635,0.001420943,0.5,29,0,2,0,0,0,0,0,0,0,0,0,0,,,17,2,34,2,1,1,1,1,1,0.592505202,0.019170659,0.000259941,0.798305085,51,17,1,17,2,1,1,1,1,1,0.588288019,0.002389,8.10E-05,1.466101695,28,
1171,ok,143,8,4,4,1.737714509,0.493066228,0.710468378,0.580471212,0.690568511,0.637529693,12,3,36,3,1,1,1,1,2,1.753090661,10.09538953,0.671600066,0.108262712,0,17,3,51,2,1,1,1,1,1,1.37425862,31.79264756,1.050773945,1.520762712,44,0,3,0,0,0,0,0,0,0,0,0,0,,,0,2,0,0,0,0,0,0,0,0,0,0,,,17,2,34,2,1,1,1,1,1,1.456142005,0.12646563,0.001714788,0.120338983,1,22,1,22,1,1,1,1,1,0,1.78683157,0.250614851,0.008495419,0.822033898,9,
221,ok,143,7,4,4,1.486234154,0.145634247,0.628250469,0.519583876,0.822617802,0.530566613,12,3,36,3,1,1,1,1,2,1.467740305,3.533431265,0.235063012,0.108262712,0,17,3,51,2,1,1,1,1,1,1.082381787,23.68816495,0.782913926,0.231779661,5,0,3,0,0,0,0,0,0,0,0,0,0,,,0,2,0,0,0,0,0,0,0,0,0,0,,,17,2,34,1,1,1,0,1,0,1.417877489,0.095326121,0.001292558,0.106779661,0,22,1,22,1,1,1,1,1,0,3.297450727,0.077599402,0.002630488,1.56779661,31,
359,ok,143,7,4,4,2.285750345,0.556284928,1.029591736,0.702850377,0.418631693,0.651013713,17,3,51,2,1,1,1,1,1,1.482144952,0.01852114,0.001232127,1.50529661,21,12,3,36,3,1,1,1,1,2,1.402265772,49.78566931,1.645458562,1.851271186,54,0,3,0,0,0,0,0,0,0,0,0,0,,,0,2,0,0,0,0,0,0,0,0,0,0,,,17,2,34,1,1,1,0,1,0,1.492980591,0.109213794,0.001480865,0.147457627,3,22,1,22,1,1,1,1,1,0,1.833030146,0.377728676,0.012804362,0.957627119,13,
1201,ok,142,10,4,4,2.307093606,0.089729091,0.638637027,0.740983051,0.801053394,0.69282099,12,3,36,3,1,1,1,1,2,1.397502362,8.692736638,0.578287988,0.640466102,8,12,3,36,2,1,1,0,1,1,1.101997385,0.097353817,0.003217626,0.165677966,3,12,3,36,3,1,1,1,1,2,1.233502451,0.091321708,0.001547826,0.076271186,4,0,2,0,0,0,0,0,0,0,0,0,0,,,17,2,34,2,1,1,1,1,1,1.259867701,0.670179831,0.009087184,0.120338983,1,0,1,0,0,0,0,0,0,0,0,0,0,,,
1994,ok,142,5,3,3,2.374702371,1.246342712,0.083524074,0.642054332,0.312124957,0.998242816,22,3,66,1,1,1,1,1,0,0.305768423,0.001982024,0.000131855,0.640466102,8,12,3,36,3,1,1,1,1,2,1.424560859,48.87191094,1.615258074,0.859745763,24,0,3,0,0,0,0,0,0,0,0,0,0,,,0,2,0,0,0,0,0,0,0,0,0,0,,,20,2,40,1,1,1,1,0,0,0.23924285,0.000146703,1.99E-06,0.771186441,49,0,1,0,0,0,0,0,0,0,0,0,0,,,
61,ok,142,4,3,3,2.273527053,1.043967789,0.066089708,2.234096808,0.479882957,0.937335379,22,3,66,1,1,1,1,1,0,0.145847987,0.000254609,1.69E-05,0.773516949,10,12,3,36,2,1,1,0,1,1,1.422593062,1.237162853,0.040889281,1.983474576,58,0,3,0,0,0,0,0,0,0,0,0,0,,,0,2,0,0,0,0,0,0,0,0,0,0,,,20,2,40,1,1,1,1,0,0,0.105777603,6.59E-05,8.94E-07,0.689830508,43,0,1,0,0,0,0,0,0,0,0,0,0,,,
125,ok,142,4,3,3,1.958528659,0.532775438,0.06484043,0.897935471,0.217882185,0.726106075,17,3,51,1,1,1,0,1,0,0.300325795,0.002215796,0.000147407,0.307838983,3,17,3,51,2,1,1,1,1,1,1.435526332,0.280927404,0.009284889,1.124152542,32,0,3,0,0,0,0,0,0,0,0,0,0,,,0,2,0,0,0,0,0,0,0,0,0,0,,,20,2,40,1,1,1,1,0,0,0.159063834,0.000589303,7.99E-06,0.418644068,23,0,1,0,0,0,0,0,0,0,0,0,0,,,
426,ok,142,4,3,3,2.31932,0.439984017,0.069135831,1.440511289,0.191830174,0.656116894,17,3,51,1,1,1,0,1,0,0.33055237,0.002644481,0.000175925,0.241313559,2,17,3,51,2,1,1,1,1,1,1.438549116,0.550011232,0.018178337,1.752118644,51,0,3,0,0,0,0,0,0,0,0,0,0,,,0,2,0,0,0,0,0,0,0,0,0,0,,,20,2,40,1,1,1,1,0,0,0.127420816,0.000541742,7.35E-06,0.377966102,20,0,1,0,0,0,0,0,0,0,0,0,0,,,
1077,ok,142,4,3,3,2.093763323,0.464384674,0.121484997,0.808373024,0.134772009,0.427520433,17,3,51,1,1,1,0,1,0,1.153274194,0.042105722,0.002801101,0.108262712,0,17,3,51,2,1,1,1,1,1,1.579002236,0.020857639,0.000689363,1.15720339,33,0,3,0,0,0,0,0,0,0,0,0,0,,,0,2,0,0,0,0,0,0,0,0,0,0,,,20,2,40,1,1,1,1,0,0,0.25321221,0.000401458,5.44E-06,0.689830508,43,0,1,0,0,0,0,0,0,0,0,0,0,,,
1128,ok,142,4,3,3,2.367749972,0.700858189,0.094543791,0.945758175,0.215078235,0.719989648,17,3,51,1,1,1,0,1,0,0.360350525,0.00510093,0.000339342,0.307838983,3,17,3,51,2,1,1,1,1,1,1.451780713,0.299646433,0.009903569,1.28940678,37,0,3,0,0,0,0,0,0,0,0,0,0,,,0,2,0,0,0,0,0,0,0,0,0,0,,,20,2,40,1,1,1,1,0,0,0.207966723,0.000700511,9.50E-06,0.554237288,33,0,1,0,0,0,0,0,0,0,0,0,0,,,
1649,ok,142,4,3,3,2.267870907,0.892684075,0.088178882,2.126547353,0.433114436,0.951697336,22,3,66,1,1,1,1,1,0,0.178261051,0.00044968,2.99E-05,0.773516949,10,12,3,36,2,1,1,0,1,1,1.417689185,1.265897146,0.041838973,1.851271186,54,0,3,0,0,0,0,0,0,0,0,0,0,,,0,2,0,0,0,0,0,0,0,0,0,0,,,20,2,40,1,1,1,1,0,0,0.143908563,0.000337273,4.57E-06,0.513559322,30,0,1,0,0,0,0,0,0,0,0,0,0,,,
1658,ok,142,4,3,3,1.119333889,0.469752576,0.051990543,0.878476526,0.159286536,0.948354248,17,3,51,1,1,1,0,1,0,0.24618283,0.000856195,5.70E-05,0.307838983,3,17,3,51,2,1,1,1,1,1,1.410431958,0.348865237,0.011530292,1.058050847,30,0,3,0,0,0,0,0,0,0,0,0,0,,,0,2,0,0,0,0,0,0,0,0,0,0,,,20,2,40,1,1,1,1,0,0,0.145189208,0.000477541,6.48E-06,0.283050847,13,0,1,0,0,0,0,0,0,0,0,0,0,,,
1664,ok,141,4,3,3,1.123899152,1.085999151,0.065403881,1.878844795,0.606894433,0.978296065,20,3,60,1,1,1,1,0,0,0.143659145,7.73E-05,5.15E-06,0.906567797,12,17,3,51,2,1,1,1,1,1,1.400057414,0.547521878,0.018096062,1.553813559,45,0,3,0,0,0,0,0,0,0,0,0,0,,,0,2,0,0,0,0,0,0,0,0,0,0,,,15,2,30,1,1,1,0,0,0,0.10654686,5.26E-06,7.13E-08,0.838983051,54,0,1,0,0,0,0,0,0,0,0,0,0,,,
203,ok,140,4,3,3,2.321659679,0.079897865,0.071859491,1.232340007,0.872919893,0.947256102,17,3,51,2,1,1,1,1,1,2.947942333,0.031218537,0.002076826,0.108262712,0,15,3,45,1,1,1,0,0,0,1.17735163,5.58E-09,1.84E-10,0.231779661,5,0,3,0,0,0,0,0,0,0,0,0,0,,,0,2,0,0,0,0,0,0,0,0,0,0,,,22,2,44,1,1,1,1,1,0,0.523245805,0.148436493,0.002012698,0.784745763,50,0,1,0,0,0,0,0,0,0,0,0,0,,,
486,ok,140,3,3,3,1.999151774,0.076015004,1.323180285,0.548270689,0.78323523,0.424823259,17,3,51,1,1,1,0,1,0,1.032357209,4.229868791,0.281393814,0.108262712,0,15,3,45,1,1,1,0,0,0,1.171583042,4.47E-09,1.48E-10,0.198728814,4,0,3,0,0,0,0,0,0,0,0,0,0,,,0,2,0,0,0,0,0,0,0,0,0,0,,,22,2,44,1,1,1,1,1,0,1.032357187,0.885614607,0.012008334,0.486440678,28,0,1,0,0,0,0,0,0,0,0,0,0,,,
31,ok,139,8,4,4,1.537733239,0.093091894,0.098937388,2.066909966,0.889823475,0.892039701,17,3,51,2,1,1,1,1,1,2.793147401,0.012204479,0.000811908,0.108262712,0,7,3,21,4,1,1,1,1,3,1.152992018,0.006764511,0.000223573,0.430084746,11,15,3,45,1,1,1,0,0,0,0.069969398,7.96E-05,1.35E-06,0.093220339,5,0,2,0,0,0,0,0,0,0,0,0,0,,,0,2,0,0,0,0,0,0,0,0,0,0,,,22,1,22,1,1,1,1,1,0,0.283572842,0.000825614,2.80E-05,0.923728814,12,
230,ok,139,3,3,3,1.837321551,0.280690895,1.910027009,0.882293296,0.42915626,0.588657533,17,3,51,1,1,1,0,1,0,1.295216394,24.0602766,1.600620096,0.108262712,0,22,3,66,1,1,1,1,1,0,1.280403278,0.280542677,0.009272173,0.76059322,21,0,3,0,0,0,0,0,0,0,0,0,0,,,0,2,0,0,0,0,0,0,0,0,0,0,,,0,2,0,0,0,0,0,0,0,0,0,0,,,22,1,22,1,1,1,1,1,0,1.197731896,28.90233245,0.979740083,0.720338983,6,
1453,ok,139,3,3,3,1.269034425,0.267341268,1.956896036,0.769890039,0.838982009,0.496407797,17,3,51,1,1,1,0,1,0,1.092553396,1.788990303,0.119013338,0.174788136,1,22,3,66,1,1,1,1,1,0,1.153142419,0.105371807,0.003482628,0.529237288,14,0,3,0,0,0,0,0,0,0,0,0,0,,,0,2,0,0,0,0,0,0,0,0,0,0,,,0,2,0,0,0,0,0,0,0,0,0,0,,,22,1,22,1,1,1,1,1,0,1.220043478,22.70703984,0.769730164,0.754237288,7,
1505,ok,139,3,3,3,2.119887901,0.506568605,1.982546902,1.036112894,0.396126989,0.896900775,17,3,51,1,1,1,0,1,0,1.034810922,21.26306448,1.414534374,0.108262712,0,22,3,66,1,1,1,1,1,0,1.357737999,0.41542884,0.013730275,0.89279661,25,0,3,0,0,0,0,0,0,0,0,0,0,,,0,2,0,0,0,0,0,0,0,0,0,0,,,0,2,0,0,0,0,0,0,0,0,0,0,,,22,1,22,1,1,1,1,1,0,1.123024692,31.62521586,1.072041215,0.754237288,7,
1651,ok,139,3,3,3,2.312022624,0.306317902,1.918444249,1.391110357,0.657309981,0.986155372,17,3,51,1,1,1,0,1,0,1.0451114,5.414978358,0.36023373,0.174788136,1,22,3,66,1,1,1,1,1,0,1.235601527,0.416208058,0.013756029,0.628389831,17,0,3,0,0,0,0,0,0,0,0,0,0,,,0,2,0,0,0,0,0,0,0,0,0,0,,,0,2,0,0,0,0,0,0,0,0,0,0,,,22,1,22,1,1,1,1,1,0,0.909125967,27.85588376,0.944267246,0.720338983,6,
270,ok,138,9,4,4,1.711679069,1.214703411,1.315697997,0.82144558,0.817651266,0.47414276,12,3,36,3,1,1,1,1,2,1.461151844,1.844586662,0.122711909,3.434533898,50,17,3,51,2,1,1,1,1,1,1.352195665,0.068818176,0.002274499,1.091101695,31,0,3,0,0,0,0,0,0,0,0,0,0,,,0,2,0,0,0,0,0,0,0,0,0,0,,,17,2,34,2,1,1,1,1,1,1.5738572,0.018869763,0.000255861,0.201694915,7,17,1,17,2,1,1,1,1,1,1.692571035,24.2493927,0.822013312,1.025423729,15,
1001,ok,138,9,4,4,2.124588891,2.036649214,1.447587842,0.914683461,0.754469352,0.444776186,12,3,36,3,1,1,1,1,2,1.468798753,5.532089424,0.368024593,2.56970339,37,17,3,51,2,1,1,1,1,1,1.442417368,0.041321026,0.001365695,1.388559322,40,0,3,0,0,0,0,0,0,0,0,0,0,,,0,2,0,0,0,0,0,0,0,0,0,0,,,17,2,34,2,1,1,1,1,1,1.526644427,0.012729599,0.000172605,0.350847458,18,17,1,17,2,1,1,1,1,1,1.54114359,26.53698531,0.899558824,0.957627119,13,
1831,ok,138,8,4,4,1.746859242,0.093747515,0.575420066,2.482887483,0.123160998,0.514308153,17,3,51,1,1,1,0,1,0,0.653245602,0.016787911,0.001116823,0.241313559,2,0,3,0,0,0,0,0,0,0,0,0,0,,,22,3,66,1,1,1,1,1,0,0.439842702,0.017644372,0.000299057,0.296610169,17,0,2,0,0,0,0,0,0,0,0,0,0,,,2,2,4,5,1,1,1,1,4,0.948822322,0.551770989,0.007481641,0.771186441,49,17,1,17,1,1,1,0,1,0,0.446840672,0.42401233,0.014373299,0.550847458,1,
78,ok,138,6,4,4,2.345095443,2.453161065,0.944604206,0.535357704,0.421035011,0.956841934,17,3,51,1,1,1,0,1,0,2.299920724,29.48352241,1.961403822,0.108262712,0,12,3,36,3,1,1,1,1,2,1.464006348,31.36134894,1.03651916,0.793644068,22,0,3,0,0,0,0,0,0,0,0,0,0,,,0,2,0,0,0,0,0,0,0,0,0,0,,,17,2,34,1,1,1,0,1,0,1.516864125,0.034600531,0.00046916,0.133898305,2,17,1,17,1,1,1,0,1,0,1.798949105,0.268756167,0.009110379,0.652542373,4,
509,ok,138,7,3,3,2.177519659,1.541121964,0.322598836,0.636627056,0.63495339,0.725024032,12,3,36,3,1,1,1,1,2,4.190231193,3.380298312,0.224875778,0.108262712,0,12,3,36,3,1,1,1,1,2,1.406199817,37.34636827,1.234329121,0.826694915,23,22,3,66,1,1,1,1,1,0,0.724201239,0.005036854,8.54E-05,0.838983051,49,0,2,0,0,0,0,0,0,0,0,0,0,,,0,2,0,0,0,0,0,0,0,0,0,0,,,0,1,0,0,0,0,0,0,0,0,0,0,,,
1247,ok,138,7,3,3,2.283958345,3.868005166,0.642542311,0.695829403,0.561393114,0.660312931,12,3,36,3,1,1,1,1,2,3.424022214,13.35723459,0.888595691,0.108262712,0,12,3,36,3,1,1,1,1,2,1.473969002,40.20764493,1.328896739,1.15720339,33,22,3,66,1,1,1,1,1,0,1.059043177,0.005519808,9.36E-05,0.889830508,52,0,2,0,0,0,0,0,0,0,0,0,0,,,0,2,0,0,0,0,0,0,0,0,0,0,,,0,1,0,0,0,0,0,0,0,0,0,0,,,
1522,ok,138,7,3,3,2.435502121,1.1284387,0.255206998,0.543837082,0.893104315,0.558008966,12,3,36,3,1,1,1,1,2,2.849229427,0.710532353,0.047268466,0.108262712,0,12,3,36,3,1,1,1,1,2,1.295258083,23.98443316,0.792705842,0.661440678,18,22,3,66,1,1,1,1,1,0,0.616330459,0.001269018,2.15E-05,0.686440678,40,0,2,0,0,0,0,0,0,0,0,0,0,,,0,2,0,0,0,0,0,0,0,0,0,0,,,0,1,0,0,0,0,0,0,0,0,0,0,,,
1243,ok,138,6,3,3,1.798783314,3.8542743,0.53184258,0.867894824,0.799806189,0.842715291,12,3,36,3,1,1,1,1,2,1.492604588,7.044801605,0.468658412,0.440889831,5,17,3,51,2,1,1,1,1,1,1.429451158,0.075731015,0.002502974,1.256355932,36,17,3,51,1,1,1,0,1,0,0.795373648,0.001105774,1.87E-05,0.974576271,57,0,2,0,0,0,0,0,0,0,0,0,0,,,0,2,0,0,0,0,0,0,0,0,0,0,,,0,1,0,0,0,0,0,0,0,0,0,0,,,
994,ok,138,5,3,3,2.448188539,0.551433992,0.916460269,1.47457393,0.770652942,0.187187625,12,3,36,2,1,1,0,1,1,3.687321123,0.332294922,0.022106061,0.108262712,0,17,3,51,1,1,1,0,1,0,1.428974246,0.005800117,0.000191699,1.884322034,55,17,3,51,2,1,1,1,1,1,1.307042266,0.549058613,0.009306078,0.872881356,51,0,2,0,0,0,0,0,0,0,0,0,0,,,0,2,0,0,0,0,0,0,0,0,0,0,,,0,1,0,0,0,0,0,0,0,0,0,0,,,
408,ok,138,4,3,3,2.343197009,1.475336653,0.717444047,0.694899323,0.135029052,0.453189812,12,3,36,2,1,1,0,1,1,2.313859708,2.571125442,0.171045209,0.108262712,0,17,3,51,1,1,1,0,1,0,1.356280497,42.78477501,1.414073072,1.818220339,53,17,3,51,1,1,1,0,1,0,1.138089912,0.007950534,0.000134755,0.906779661,53,0,2,0,0,0,0,0,0,0,0,0,0,,,0,2,0,0,0,0,0,0,0,0,0,0,,,0,1,0,0,0,0,0,0,0,0,0,0,,,
653,ok,136,5,3,3,1.250624056,0.144232229,0.774409413,0.50358394,0.532575588,0.890502349,17,3,51,2,1,1,1,1,1,1.899193961,14.89125743,0.99064721,0.108262712,0,17,3,51,2,1,1,1,1,1,1.216769923,29.11546417,0.962290765,1.322457627,38,0,3,0,0,0,0,0,0,0,0,0,0,,,0,2,0,0,0,0,0,0,0,0,0,0,,,17,2,34,1,1,1,0,1,0,1.028498519,0.18842969,0.002554979,0.852542373,55,0,1,0,0,0,0,0,0,0,0,0,0,,,
1457,ok,136,5,3,3,1.744308264,0.154359068,0.921157895,0.713359217,0.606378183,0.813857604,17,3,51,2,1,1,1,1,1,1.428146777,17.75426386,1.181109926,1.704872881,24,17,3,51,2,1,1,1,1,1,1.128887224,39.37943247,1.301523616,0.297881356,7,0,3,0,0,0,0,0,0,0,0,0,0,,,0,2,0,0,0,0,0,0,0,0,0,0,,,17,2,34,1,1,1,0,1,0,1.038731528,0.216397687,0.002934206,0.879661017,57,0,1,0,0,0,0,0,0,0,0,0,0,,,
520,ok,136,4,3,3,1.339237736,0.139389109,1.074369581,0.575924357,0.593234482,0.557824498,17,3,51,1,1,1,0,1,0,1.688340121,10.94687357,0.728245403,0.108262712,0,17,3,51,2,1,1,1,1,1,1.257076856,29.76482612,0.983752728,1.520762712,44,0,3,0,0,0,0,0,0,0,0,0,0,,,0,2,0,0,0,0,0,0,0,0,0,0,,,17,2,34,1,1,1,0,1,0,1.033744115,0.266009089,0.003606903,0.866101695,56,0,1,0,0,0,0,0,0,0,0,0,0,,,
750,ok,136,4,3,3,1.143737117,0.974474571,0.082805071,2.333615777,0.555810738,0.884131914,20,3,60,1,1,1,1,0,0,0.164579985,0.000143807,9.57E-06,0.773516949,10,12,3,36,2,1,1,0,1,1,1.407285491,0.757214385,0.025026577,1.950423729,57,0,3,0,0,0,0,0,0,0,0,0,0,,,0,2,0,0,0,0,0,0,0,0,0,0,,,20,2,40,1,1,1,1,0,0,0.117625972,1.84E-05,2.49E-07,0.771186441,49,0,1,0,0,0,0,0,0,0,0,0,0,,,
1421,ok,135,4,3,2,1.176022952,0.2222158,0.052094766,2.414802715,0.871611316,0.157911854,10,3,30,2,1,1,0,0,1,2.723658889,3.81E-05,2.54E-06,0.108262712,0,20,3,60,1,1,1,1,0,0,0.51721235,0.000163272,5.40E-06,0.925847458,26,15,3,45,1,1,0,1,0,0,0.035743014,1.23E-05,2.09E-07,0.211864407,12,0,2,0,0,0,0,0,0,0,0,0,0,,,0,2,0,0,0,0,0,0,0,0,0,0,,,0,1,0,0,0,0,0,0,0,0,0,0,,,
743,ok,134,5,3,3,2.086803109,0.388838778,1.857195507,1.266732219,0.385595863,0.66671066,17,3,51,2,1,1,1,1,1,1.760319458,34.34407137,2.2847539,0.108262712,0,22,3,66,1,1,1,1,1,0,1.350182243,0.498880793,0.016488433,1.15720339,33,0,3,0,0,0,0,0,0,0,0,0,0,,,0,2,0,0,0,0,0,0,0,0,0,0,,,0,2,0,0,0,0,0,0,0,0,0,0,,,17,1,17,2,1,1,1,1,1,2.277556754,30.23067184,1.024768537,2.313559322,53,
928,ok,134,5,3,3,2.464835062,0.310704859,1.776477785,1.04063004,0.20159234,0.776845671,22,3,66,1,1,1,1,1,0,1.502026586,0.007446,0.000495348,2.436652542,35,17,3,51,2,1,1,1,1,1,1.389419724,0.470167314,0.015539428,1.058050847,30,0,3,0,0,0,0,0,0,0,0,0,0,,,0,2,0,0,0,0,0,0,0,0,0,0,,,0,2,0,0,0,0,0,0,0,0,0,0,,,17,1,17,2,1,1,1,1,1,2.397726864,33.15277725,1.123822958,1.974576271,43,
106,ok,134,4,3,3,2.366940155,2.114695484,1.332568725,1.787414748,0.429870007,0.318803392,17,3,51,2,1,1,1,1,1,4.931843661,15.68631,1.04353842,0.108262712,0,0,3,0,0,0,0,0,0,0,0,0,0,,,22,3,66,1,1,1,1,1,0,0.924457969,0.010609848,0.000179828,0.483050847,28,0,2,0,0,0,0,0,0,0,0,0,0,,,0,2,0,0,0,0,0,0,0,0,0,0,,,17,1,17,1,1,1,0,1,0,0.641474267,28.63107804,0.970545018,0.516949153,0,
211,ok,134,4,3,3,1.089307432,0.910635116,1.361097239,0.618013755,0.773120889,0.357533316,17,3,51,1,1,1,0,1,0,1.038084413,2.857206936,0.190076902,0.108262712,0,22,3,66,1,1,1,1,1,0,1.32257604,23.90018888,0.789921497,1.619915254,47,0,3,0,0,0,0,0,0,0,0,0,0,,,0,2,0,0,0,0,0,0,0,0,0,0,,,0,2,0,0,0,0,0,0,0,0,0,0,,,17,1,17,2,1,1,1,1,1,2.148475344,21.59454875,0.732018602,1.025423729,15,
943,ok,134,4,3,3,1.387511863,0.276085756,1.235258522,0.802048398,0.797995418,0.588464555,17,3,51,2,1,1,1,1,1,1.432508162,0.806647932,0.053662595,2.968855932,43,22,3,66,1,1,1,1,1,0,1.168365476,0.117321533,0.003877576,0.496186441,13,0,3,0,0,0,0,0,0,0,0,0,0,,,0,2,0,0,0,0,0,0,0,0,0,0,,,0,2,0,0,0,0,0,0,0,0,0,0,,,17,1,17,1,1,1,0,1,0,3.441794482,0.082891632,0.002809886,2.449152542,57,
1245,ok,134,4,3,3,1.345928666,0.287315244,1.817532925,1.314419255,0.872060219,0.641063814,17,3,51,2,1,1,1,1,1,1.420754215,1.387898635,0.092330545,2.769279661,40,22,3,66,1,1,1,1,1,0,1.201703068,0.13605487,0.004496729,0.694491525,19,0,3,0,0,0,0,0,0,0,0,0,0,,,0,2,0,0,0,0,0,0,0,0,0,0,,,0,2,0,0,0,0,0,0,0,0,0,0,,,17,1,17,1,1,1,0,1,0,0.718744595,23.79246357,0.806524189,0.686440678,5,
1350,ok,134,4,3,3,2.45815545,0.213021582,1.500132266,0.887223764,0.52318698,0.533023323,17,3,51,2,1,1,1,1,1,1.543779396,23.04412694,1.533020309,0.108262712,0,22,3,66,1,1,1,1,1,0,1.245068927,0.226739623,0.007493937,0.628389831,17,0,3,0,0,0,0,0,0,0,0,0,0,,,0,2,0,0,0,0,0,0,0,0,0,0,,,0,2,0,0,0,0,0,0,0,0,0,0,,,17,1,17,1,1,1,0,1,0,1.009566847,26.75471323,0.906939431,0.584745763,2,
29,ok,134,3,3,3,1.111041612,1.234057819,1.33367638,0.558824099,0.645754047,0.261019305,17,3,51,1,1,1,0,1,0,2.588984895,4.287496932,0.28522755,0.108262712,0,22,3,66,1,1,1,1,1,0,1.310750662,19.68471559,0.650596532,1.454661017,42,0,3,0,0,0,0,0,0,0,0,0,0,,,0,2,0,0,0,0,0,0,0,0,0,0,,,0,2,0,0,0,0,0,0,0,0,0,0,,,17,1,17,1,1,1,0,1,0,1.267210418,20.07984849,0.68067283,0.516949153,0,
216,ok,134,3,3,3,1.770561695,0.134200435,1.772088322,1.230545327,0.742266748,0.00924218,17,3,51,1,1,1,0,1,0,3.484340219,0.261018266,0.017364351,0.108262712,0,0,3,0,0,0,0,0,0,0,0,0,0,,,22,3,66,1,1,1,1,1,0,1.062842916,0.403988572,0.006847264,0.449152542,26,0,2,0,0,0,0,0,0,0,0,0,0,,,0,2,0,0,0,0,0,0,0,0,0,0,,,17,1,17,1,1,1,0,1,0,0.711313189,7.551336766,0.255977517,0.686440678,5,
277,ok,134,3,3,3,2.344355408,1.744087874,1.54169196,1.767407492,0.674753263,0.069694462,17,3,51,1,1,1,0,1,0,4.892488833,0.315921751,0.021016828,0.108262712,0,0,3,0,0,0,0,0,0,0,0,0,0,,,22,3,66,1,1,1,1,1,0,1.018190788,0.014057651,0.000238265,0.36440678,21,0,2,0,0,0,0,0,0,0,0,0,0,,,0,2,0,0,0,0,0,0,0,0,0,0,,,17,1,17,1,1,1,0,1,0,0.682616112,22.42681108,0.760230884,0.584745763,2,
389,ok,134,3,3,3,1.933009074,0.562524829,1.673767658,2.281664645,0.270212133,0.106615783,17,3,51,1,1,1,0,1,0,2.821452689,0.262604369,0.017469867,0.108262712,0,0,3,0,0,0,0,0,0,0,0,0,0,,,22,3,66,1,1,1,1,1,0,0.960470471,0.035750608,0.000605943,0.313559322,18,0,2,0,0,0,0,0,0,0,0,0,0,,,0,2,0,0,0,0,0,0,0,0,0,0,,,17,1,17,1,1,1,0,1,0,0.632398663,24.0002608,0.813568163,0.652542373,4,
546,ok,134,3,3,3,1.488196535,1.98074251,1.42731699,1.565669233,0.128771575,0.33798317,17,3,51,1,1,1,0,1,0,1.261855891,0.026083604,0.001735223,0.307838983,3,0,3,0,0,0,0,0,0,0,0,0,0,,,22,3,66,1,1,1,1,1,0,0.997341702,0.002528579,4.29E-05,0.56779661,33,0,2,0,0,0,0,0,0,0,0,0,0,,,0,2,0,0,0,0,0,0,0,0,0,0,,,17,1,17,1,1,1,0,1,0,0.73663322,25.84828412,0.876213021,0.550847458,1,
574,ok,134,3,3,3,1.26269167,0.706996378,1.659446559,2.350002211,0.238747579,0.160772775,17,3,51,1,1,1,0,1,0,2.984379326,0.522690818,0.034772228,0.108262712,0,0,3,0,0,0,0,0,0,0,0,0,0,,,22,3,66,1,1,1,1,1,0,0.908659463,0.017324231,0.000293631,0.347457627,20,0,2,0,0,0,0,0,0,0,0,0,0,,,0,2,0,0,0,0,0,0,0,0,0,0,,,17,1,17,1,1,1,0,1,0,0.613156244,23.1478439,0.784672675,0.618644068,3,
615,ok,134,3,3,3,1.484114497,0.23582459,1.610440547,0.798597475,0.672805879,0.612641722,17,3,51,1,1,1,0,1,0,1.037184459,2.458026357,0.163521245,0.108262712,0,22,3,66,1,1,1,1,1,0,1.163651051,0.207793598,0.006867755,0.496186441,13,0,3,0,0,0,0,0,0,0,0,0,0,,,0,2,0,0,0,0,0,0,0,0,0,0,,,0,2,0,0,0,0,0,0,0,0,0,0,,,17,1,17,1,1,1,0,1,0,1.139550406,24.79484048,0.840503067,0.618644068,3,
1554,ok,134,3,3,3,1.18734631,0.303305014,1.527058868,0.662400195,0.805962045,0.099445076,17,3,51,1,1,1,0,1,0,2.764189647,1.185061707,0.078836732,0.108262712,0,22,3,66,1,1,1,1,1,0,1.239691137,16.26704547,0.537639638,1.719067797,50,0,3,0,0,0,0,0,0,0,0,0,0,,,0,2,0,0,0,0,0,0,0,0,0,0,,,0,2,0,0,0,0,0,0,0,0,0,0,,,17,1,17,1,1,1,0,1,0,1.134718211,14.14871297,0.479617389,0.584745763,2,
1533,ok,132,6,3,3,1.477108954,2.514013434,0.389797144,0.995323843,0.853981629,0.918797738,12,3,36,3,1,1,1,1,2,2.275264745,2.595454924,0.172663739,0.241313559,2,17,3,51,2,1,1,1,1,1,1.388963364,0.095285173,0.003149256,1.190254237,34,15,3,45,1,1,1,0,0,0,0.593767049,0.000457465,7.75E-06,0.991525424,58,0,2,0,0,0,0,0,0,0,0,0,0,,,0,2,0,0,0,0,0,0,0,0,0,0,,,0,1,0,0,0,0,0,0,0,0,0,0,,,
1,ok,132,5,3,3,1.498105575,0.50256395,0.062638312,0.684396273,0.288594812,0.459877518,17,3,51,1,1,1,0,1,0,0.469513917,0.002584289,0.000171921,0.241313559,2,12,3,36,3,1,1,1,1,2,1.440453979,38.41544491,1.26966301,0.925847458,26,15,3,45,1,1,1,0,0,0,0.183821733,0.000478385,8.11E-06,0.957627119,56,0,2,0,0,0,0,0,0,0,0,0,0,,,0,2,0,0,0,0,0,0,0,0,0,0,,,0,1,0,0,0,0,0,0,0,0,0,0,,,
938,ok,132,5,3,3,2.255778696,1.160423384,0.067840293,1.127453451,0.825399368,0.372894731,12,3,36,2,1,1,0,1,1,3.110264854,0.006160779,0.000409848,0.108262712,0,17,3,51,2,1,1,1,1,1,1.389543056,0.071451317,0.002361527,1.553813559,45,15,3,45,1,1,1,0,0,0,0.131529414,8.52E-05,1.44E-06,0.957627119,56,0,2,0,0,0,0,0,0,0,0,0,0,,,0,2,0,0,0,0,0,0,0,0,0,0,,,0,1,0,0,0,0,0,0,0,0,0,0,,,
1286,ok,132,5,3,3,1.202872554,0.532092535,0.061136273,0.659781508,0.297857058,0.4926718,17,3,51,1,1,1,0,1,0,0.484931037,0.002397501,0.000159495,0.241313559,2,12,3,36,3,1,1,1,1,2,1.42305307,34.4791785,1.139566069,0.89279661,25,15,3,45,1,1,1,0,0,0,0.183741045,0.000377503,6.40E-06,0.991525424,58,0,2,0,0,0,0,0,0,0,0,0,0,,,0,2,0,0,0,0,0,0,0,0,0,0,,,0,1,0,0,0,0,0,0,0,0,0,0,,,
1612,ok,132,5,3,3,1.434332798,0.984618349,0.063846518,2.410955595,0.76299145,0.746355798,17,3,51,2,1,1,1,1,1,3.474076421,0.008271545,0.000550268,0.108262712,0,12,3,36,2,1,1,0,1,1,1.381974659,0.524878905,0.017347693,1.983474576,58,15,3,45,1,1,1,0,0,0,0.08597678,3.26E-05,5.53E-07,0.906779661,53,0,2,0,0,0,0,0,0,0,0,0,0,,,0,2,0,0,0,0,0,0,0,0,0,0,,,0,1,0,0,0,0,0,0,0,0,0,0,,,
1971,ok,132,4,3,3,2.194484544,1.092727721,0.057896263,1.735904141,0.806405263,0.250454377,12,3,36,2,1,1,0,1,1,3.146938602,0.001180396,7.85E-05,0.108262712,0,17,3,51,1,1,1,0,1,0,1.222495303,0.002741949,9.06E-05,1.983474576,58,15,3,45,1,1,1,0,0,0,0.091086884,4.68E-05,7.93E-07,0.923728814,54,0,2,0,0,0,0,0,0,0,0,0,0,,,0,2,0,0,0,0,0,0,0,0,0,0,,,0,1,0,0,0,0,0,0,0,0,0,0,,,
96,ok,132,2,2,2,1.102908814,3.07642245,0.160564546,1.623064466,0.437717109,0.810807555,22,3,66,1,1,1,1,1,0,0.290573488,0.00076586,5.09E-05,0.706991525,9,22,3,66,1,1,1,1,1,0,0.74941535,0.001096494,3.62E-05,0.793644068,22,0,3,0,0,0,0,0,0,0,0,0,0,,,0,2,0,0,0,0,0,0,0,0,0,0,,,0,2,0,0,0,0,0,0,0,0,0,0,,,0,1,0,0,0,0,0,0,0,0,0,0,,,
130,ok,132,2,2,2,1.354482482,1.28911072,0.086873665,1.949610761,0.511652539,0.676926908,22,3,66,1,1,1,1,1,0,0.201799812,0.000352973,2.35E-05,0.573940678,7,22,3,66,1,1,1,1,1,0,0.574414867,0.001975021,6.53E-05,0.595338983,16,0,3,0,0,0,0,0,0,0,0,0,0,,,0,2,0,0,0,0,0,0,0,0,0,0,,,0,2,0,0,0,0,0,0,0,0,0,0,,,0,1,0,0,0,0,0,0,0,0,0,0,,,
148,ok,132,2,2,2,1.455158668,2.389481583,0.205305273,1.841952887,0.513170663,0.615633086,22,3,66,1,1,1,1,1,0,0.322351738,0.001252893,8.33E-05,0.640466102,8,22,3,66,1,1,1,1,1,0,0.78261303,0.0017157,5.67E-05,0.991949153,28,0,3,0,0,0,0,0,0,0,0,0,0,,,0,2,0,0,0,0,0,0,0,0,0,0,,,0,2,0,0,0,0,0,0,0,0,0,0,,,0,1,0,0,0,0,0,0,0,0,0,0,,,
158,ok,132,2,2,2,1.180638147,3.737051911,0.072308433,1.450700191,0.556688164,0.894908842,22,3,66,1,1,1,1,1,0,0.176410726,0.000190555,1.27E-05,0.773516949,10,22,3,66,1,1,1,1,1,0,0.73844521,0.000939427,3.10E-05,0.694491525,19,0,3,0,0,0,0,0,0,0,0,0,0,,,0,2,0,0,0,0,0,0,0,0,0,0,,,0,2,0,0,0,0,0,0,0,0,0,0,,,0,1,0,0,0,0,0,0,0,0,0,0,,,
244,ok,132,2,2,2,1.565756043,2.422343815,0.417202114,2.050985401,0.541033463,0.659180196,22,3,66,1,1,1,1,1,0,0.461749661,0.001461661,9.72E-05,0.97309322,13,22,3,66,1,1,1,1,1,0,0.704373095,0.001525336,5.04E-05,0.89279661,25,0,3,0,0,0,0,0,0,0,0,0,0,,,0,2,0,0,0,0,0,0,0,0,0,0,,,0,2,0,0,0,0,0,0,0,0,0,0,,,0,1,0,0,0,0,0,0,0,0,0,0,,,
247,ok,132,2,2,2,1.809297807,2.137217865,0.605440691,1.898925506,0.185043411,0.652694026,22,3,66,1,1,1,1,1,0,0.655669911,0.008746264,0.000581849,0.507415254,6,22,3,66,1,1,1,1,1,0,0.845845319,0.001475365,4.88E-05,1.190254237,34,0,3,0,0,0,0,0,0,0,0,0,0,,,0,2,0,0,0,0,0,0,0,0,0,0,,,0,2,0,0,0,0,0,0,0,0,0,0,,,0,1,0,0,0,0,0,0,0,0,0,0,,,
297,ok,132,2,2,2,1.214950925,0.73299483,0.110579283,0.66920869,0.483670249,0.030644336,0,3,0,0,0,0,0,0,0,0,0,0,,,22,3,66,1,1,1,1,1,0,1.327294117,20.02966496,0.661997401,1.752118644,51,22,3,66,1,1,1,1,1,0,0.289895166,0.000838873,1.42E-05,0.838983051,49,0,2,0,0,0,0,0,0,0,0,0,0,,,0,2,0,0,0,0,0,0,0,0,0,0,,,0,1,0,0,0,0,0,0,0,0,0,0,,,
332,ok,132,2,2,2,2.460637316,0.415741249,0.132118425,0.522039022,0.343206224,0.062199332,0,3,0,0,0,0,0,0,0,0,0,0,,,22,3,66,1,1,1,1,1,0,1.284181662,17.56917849,0.580676238,1.355508475,39,22,3,66,1,1,1,1,1,0,0.419820728,0.004217029,7.15E-05,0.618644068,36,0,2,0,0,0,0,0,0,0,0,0,0,,,0,2,0,0,0,0,0,0,0,0,0,0,,,0,1,0,0,0,0,0,0,0,0,0,0,,,
349,ok,132,2,2,2,1.174398748,1.845383354,0.072276947,1.923126929,0.364947855,0.879765255,22,3,66,1,1,1,1,1,0,0.178522868,0.000298174,1.98E-05,0.573940678,7,22,3,66,1,1,1,1,1,0,0.60582351,0.001541713,5.10E-05,0.595338983,16,0,3,0,0,0,0,0,0,0,0,0,0,,,0,2,0,0,0,0,0,0,0,0,0,0,,,0,2,0,0,0,0,0,0,0,0,0,0,,,0,1,0,0,0,0,0,0,0,0,0,0,,,
386,ok,132,2,2,2,1.944381707,1.790591661,0.072003606,1.753678599,0.342621942,0.803098738,22,3,66,1,1,1,1,1,0,0.194523696,0.000656747,4.37E-05,0.507415254,6,22,3,66,1,1,1,1,1,0,0.666678539,0.002690962,8.89E-05,0.661440678,18,0,3,0,0,0,0,0,0,0,0,0,0,,,0,2,0,0,0,0,0,0,0,0,0,0,,,0,2,0,0,0,0,0,0,0,0,0,0,,,0,1,0,0,0,0,0,0,0,0,0,0,,,
432,ok,132,2,2,2,2.339642097,2.075816646,0.225229702,2.284614991,0.388813869,0.60799776,22,3,66,1,1,1,1,1,0,0.343144982,0.003583667,0.000238405,0.507415254,6,22,3,66,1,1,1,1,1,0,0.723555344,0.002446768,8.09E-05,1.025,29,0,3,0,0,0,0,0,0,0,0,0,0,,,0,2,0,0,0,0,0,0,0,0,0,0,,,0,2,0,0,0,0,0,0,0,0,0,0,,,0,1,0,0,0,0,0,0,0,0,0,0,,,
470,ok,132,2,2,2,1.320459885,2.144215881,0.107225541,1.94803657,0.661211866,0.770384601,22,3,66,1,1,1,1,1,0,0.193394053,0.000170662,1.14E-05,0.840042373,11,22,3,66,1,1,1,1,1,0,0.595203846,0.001014198,3.35E-05,0.628389831,17,0,3,0,0,0,0,0,0,0,0,0,0,,,0,2,0,0,0,0,0,0,0,0,0,0,,,0,2,0,0,0,0,0,0,0,0,0,0,,,0,1,0,0,0,0,0,0,0,0,0,0,,,
558,ok,132,2,2,2,1.465291951,2.470042508,0.254428857,2.143160482,0.424901945,0.790225901,22,3,66,1,1,1,1,1,0,0.351051331,0.001412044,9.39E-05,0.773516949,10,22,3,66,1,1,1,1,1,0,0.649797457,0.001402749,4.64E-05,0.76059322,21,0,3,0,0,0,0,0,0,0,0,0,0,,,0,2,0,0,0,0,0,0,0,0,0,0,,,0,2,0,0,0,0,0,0,0,0,0,0,,,0,1,0,0,0,0,0,0,0,0,0,0,,,
566,ok,132,2,2,2,2.181579286,2.98974947,0.260650419,1.511612867,0.537473832,0.739384152,22,3,66,1,1,1,1,1,0,0.402811573,0.001988173,0.000132264,0.906567797,12,22,3,66,1,1,1,1,1,0,0.778700273,0.002288692,7.56E-05,0.793644068,22,0,3,0,0,0,0,0,0,0,0,0,0,,,0,2,0,0,0,0,0,0,0,0,0,0,,,0,2,0,0,0,0,0,0,0,0,0,0,,,0,1,0,0,0,0,0,0,0,0,0,0,,,
632,ok,132,2,2,2,1.689442756,1.987831067,0.180469361,1.779617556,0.474782965,0.901653481,22,3,66,1,1,1,1,1,0,0.298532144,0.000887346,5.90E-05,0.906567797,12,22,3,66,1,1,1,1,1,0,0.565733554,0.001837411,6.07E-05,0.496186441,13,0,3,0,0,0,0,0,0,0,0,0,0,,,0,2,0,0,0,0,0,0,0,0,0,0,,,0,2,0,0,0,0,0,0,0,0,0,0,,,0,1,0,0,0,0,0,0,0,0,0,0,,,
735,ok,132,2,2,2,2.282190277,2.703659619,0.050786732,1.844737647,0.545921895,0.943715086,22,3,66,1,1,1,1,1,0,0.126879337,0.000150655,1.00E-05,0.840042373,11,22,3,66,1,1,1,1,1,0,0.583055725,0.001901346,6.28E-05,0.529237288,14,0,3,0,0,0,0,0,0,0,0,0,0,,,0,2,0,0,0,0,0,0,0,0,0,0,,,0,2,0,0,0,0,0,0,0,0,0,0,,,0,1,0,0,0,0,0,0,0,0,0,0,,,
782,ok,132,2,2,2,1.377062512,2.412122587,0.078476703,2.023535757,0.456263597,0.849772381,22,3,66,1,1,1,1,1,0,0.179212294,0.000314589,2.09E-05,0.640466102,8,22,3,66,1,1,1,1,1,0,0.622695532,0.001386245,4.58E-05,0.661440678,18,0,3,0,0,0,0,0,0,0,0,0,0,,,0,2,0,0,0,0,0,0,0,0,0,0,,,0,2,0,0,0,0,0,0,0,0,0,0,,,0,1,0,0,0,0,0,0,0,0,0,0,,,
793,ok,132,2,2,2,1.966131215,1.424785157,0.100532079,1.487809557,0.658348977,0.465805498,22,3,66,1,1,1,1,1,0,0.266731878,0.00059879,3.98E-05,0.507415254,6,22,3,66,1,1,1,1,1,0,0.865343009,0.003066968,0.000101366,0.958898305,27,0,3,0,0,0,0,0,0,0,0,0,0,,,0,2,0,0,0,0,0,0,0,0,0,0,,,0,2,0,0,0,0,0,0,0,0,0,0,,,0,1,0,0,0,0,0,0,0,0,0,0,,,
843,ok,132,2,2,2,2.086374739,3.996004454,0.458763021,2.447224437,0.251239433,0.771311744,22,3,66,1,1,1,1,1,0,0.490723609,0.003586194,0.000238573,0.706991525,9,22,3,66,1,1,1,1,1,0,0.720154522,0.000702773,2.32E-05,1.058050847,30,0,3,0,0,0,0,0,0,0,0,0,0,,,0,2,0,0,0,0,0,0,0,0,0,0,,,0,2,0,0,0,0,0,0,0,0,0,0,,,0,1,0,0,0,0,0,0,0,0,0,0,,,
846,ok,132,2,2,2,1.694020932,3.240496987,0.858647226,0.586908932,0.182274502,0.060380049,0,3,0,0,0,0,0,0,0,0,0,0,,,22,3,66,1,1,1,1,1,0,1.382386403,25.70422478,0.849546412,1.520762712,44,22,3,66,1,1,1,1,1,0,1.373087817,0.00419107,7.10E-05,0.872881356,51,0,2,0,0,0,0,0,0,0,0,0,0,,,0,2,0,0,0,0,0,0,0,0,0,0,,,0,1,0,0,0,0,0,0,0,0,0,0,,,
974,ok,132,2,2,2,1.947320055,3.563491597,0.114141661,2.003653039,0.263353903,0.998847544,22,3,66,1,1,1,1,1,0,0.234512292,0.001052595,7.00E-05,0.573940678,7,22,3,66,1,1,1,1,1,0,0.673660291,0.001025987,3.39E-05,0.727542373,20,0,3,0,0,0,0,0,0,0,0,0,0,,,0,2,0,0,0,0,0,0,0,0,0,0,,,0,2,0,0,0,0,0,0,0,0,0,0,,,0,1,0,0,0,0,0,0,0,0,0,0,,,
1012,ok,132,2,2,2,1.235385284,0.186637026,0.318473598,0.67225198,0.287147853,0.095368938,0,3,0,0,0,0,0,0,0,0,0,0,,,22,3,66,1,1,1,1,1,0,1.273998878,19.6291709,0.648760733,1.752118644,51,22,3,66,1,1,1,1,1,0,0.710159695,0.016182079,0.000274273,0.313559322,18,0,2,0,0,0,0,0,0,0,0,0,0,,,0,2,0,0,0,0,0,0,0,0,0,0,,,0,1,0,0,0,0,0,0,0,0,0,0,,,
1049,ok,132,2,2,2,1.923060355,0.208415759,0.098810014,0.642795174,0.562534958,0.08132474,0,3,0,0,0,0,0,0,0,0,0,0,,,22,3,66,1,1,1,1,1,0,1.22762839,16.52050147,0.546016574,1.686016949,49,22,3,66,1,1,1,1,1,0,0.232550227,0.001616989,2.74E-05,0.228813559,13,0,2,0,0,0,0,0,0,0,0,0,0,,,0,2,0,0,0,0,0,0,0,0,0,0,,,0,1,0,0,0,0,0,0,0,0,0,0,,,
1209,ok,132,2,2,2,1.469471215,1.791769088,0.286746344,1.92003423,0.60889478,0.608531396,22,3,66,1,1,1,1,1,0,0.375557348,0.001187737,7.90E-05,0.773516949,10,22,3,66,1,1,1,1,1,0,0.671814386,0.001529876,5.06E-05,0.793644068,22,0,3,0,0,0,0,0,0,0,0,0,0,,,0,2,0,0,0,0,0,0,0,0,0,0,,,0,2,0,0,0,0,0,0,0,0,0,0,,,0,1,0,0,0,0,0,0,0,0,0,0,,,
1251,ok,132,2,2,2,1.690457617,2.16701609,0.340085631,1.402533238,0.618683727,0.601763558,22,3,66,1,1,1,1,1,0,0.488158143,0.002077451,0.000138203,0.840042373,11,22,3,66,1,1,1,1,1,0,0.859293108,0.002457179,8.12E-05,0.89279661,25,0,3,0,0,0,0,0,0,0,0,0,0,,,0,2,0,0,0,0,0,0,0,0,0,0,,,0,2,0,0,0,0,0,0,0,0,0,0,,,0,1,0,0,0,0,0,0,0,0,0,0,,,
1281,ok,132,2,2,2,1.432523966,1.755530506,0.301140866,2.30405372,0.591345352,0.443440405,22,3,66,1,1,1,1,1,0,0.402533698,0.002114701,0.000140681,0.507415254,6,22,3,66,1,1,1,1,1,0,0.799946744,0.001635563,5.41E-05,1.322457627,38,0,3,0,0,0,0,0,0,0,0,0,0,,,0,2,0,0,0,0,0,0,0,0,0,0,,,0,2,0,0,0,0,0,0,0,0,0,0,,,0,1,0,0,0,0,0,0,0,0,0,0,,,
1299,ok,132,2,2,2,2.145016754,2.159525697,0.083492217,2.254701723,0.604859178,0.807207541,22,3,66,1,1,1,1,1,0,0.159228575,0.000213672,1.42E-05,0.840042373,11,22,3,66,1,1,1,1,1,0,0.535867325,0.001558029,5.15E-05,0.562288136,15,0,3,0,0,0,0,0,0,0,0,0,0,,,0,2,0,0,0,0,0,0,0,0,0,0,,,0,2,0,0,0,0,0,0,0,0,0,0,,,0,1,0,0,0,0,0,0,0,0,0,0,,,
1420,ok,132,2,2,2,2.479521404,0.906971319,0.270079787,0.62248348,0.442188449,0.023333447,0,3,0,0,0,0,0,0,0,0,0,0,,,22,3,66,1,1,1,1,1,0,1.337782478,23.5367914,0.777910902,1.619915254,47,22,3,66,1,1,1,1,1,0,0.668930651,0.008282974,0.000140389,0.771186441,45,0,2,0,0,0,0,0,0,0,0,0,0,,,0,2,0,0,0,0,0,0,0,0,0,0,,,0,1,0,0,0,0,0,0,0,0,0,0,,,
1435,ok,132,2,2,2,2.226156548,0.91345357,0.242958345,0.644526662,0.457605221,0.067969815,0,3,0,0,0,0,0,0,0,0,0,0,,,22,3,66,1,1,1,1,1,0,1.334612093,25.0377266,0.827518083,1.686016949,49,22,3,66,1,1,1,1,1,0,0.595000704,0.005896433,9.99E-05,0.788135593,46,0,2,0,0,0,0,0,0,0,0,0,0,,,0,2,0,0,0,0,0,0,0,0,0,0,,,0,1,0,0,0,0,0,0,0,0,0,0,,,
1450,ok,132,2,2,2,1.104066305,3.323009698,1.035026146,0.660926965,0.345711868,0.033500788,0,3,0,0,0,0,0,0,0,0,0,0,,,22,3,66,1,1,1,1,1,0,1.379323426,23.33951235,0.771390662,1.719067797,50,22,3,66,1,1,1,1,1,0,1.466178367,0.006087977,0.000103186,0.669491525,39,0,2,0,0,0,0,0,0,0,0,0,0,,,0,2,0,0,0,0,0,0,0,0,0,0,,,0,1,0,0,0,0,0,0,0,0,0,0,,,
1462,ok,132,2,2,2,1.148385376,2.76758158,0.142106411,1.540621774,0.465147882,0.728085941,22,3,66,1,1,1,1,1,0,0.27709186,0.000753665,5.01E-05,0.640466102,8,22,3,66,1,1,1,1,1,0,0.797903084,0.001373342,4.54E-05,0.859745763,24,0,3,0,0,0,0,0,0,0,0,0,0,,,0,2,0,0,0,0,0,0,0,0,0,0,,,0,2,0,0,0,0,0,0,0,0,0,0,,,0,1,0,0,0,0,0,0,0,0,0,0,,,
1491,ok,132,2,2,2,1.624535936,2.112530983,0.248261351,0.610309576,0.715563576,0.412078971,22,3,66,1,1,1,1,1,0,0.733464601,0.004505863,0.000299754,0.507415254,6,22,3,66,1,1,1,1,1,0,1.328368923,25.82048176,0.853388804,1.586864407,46,0,3,0,0,0,0,0,0,0,0,0,0,,,0,2,0,0,0,0,0,0,0,0,0,0,,,0,2,0,0,0,0,0,0,0,0,0,0,,,0,1,0,0,0,0,0,0,0,0,0,0,,,
1517,ok,132,2,2,2,2.197608127,0.500715102,0.487336806,0.644166387,0.332850656,0.109862789,0,3,0,0,0,0,0,0,0,0,0,0,,,22,3,66,1,1,1,1,1,0,1.318238019,25.69358143,0.84919464,1.686016949,49,22,3,66,1,1,1,1,1,0,1.041047346,0.030830768,0.000522555,0.483050847,28,0,2,0,0,0,0,0,0,0,0,0,0,,,0,2,0,0,0,0,0,0,0,0,0,0,,,0,1,0,0,0,0,0,0,0,0,0,0,,,
1588,ok,132,2,2,2,1.15319573,1.379475101,0.56719639,0.657725051,0.49460528,0.038797036,0,3,0,0,0,0,0,0,0,0,0,0,,,22,3,66,1,1,1,1,1,0,1.352965657,21.47498791,0.70976655,1.719067797,50,22,3,66,1,1,1,1,1,0,1.046580031,0.008793643,0.000149045,0.669491525,39,0,2,0,0,0,0,0,0,0,0,0,0,,,0,2,0,0,0,0,0,0,0,0,0,0,,,0,1,0,0,0,0,0,0,0,0,0,0,,,
1650,ok,132,2,2,2,2.090812685,2.971150178,0.178472777,1.970268139,0.465227827,0.743885652,22,3,66,1,1,1,1,1,0,0.289346574,0.001459529,9.71E-05,0.706991525,9,22,3,66,1,1,1,1,1,0,0.71513672,0.001878658,6.21E-05,0.859745763,24,0,3,0,0,0,0,0,0,0,0,0,0,,,0,2,0,0,0,0,0,0,0,0,0,0,,,0,2,0,0,0,0,0,0,0,0,0,0,,,0,1,0,0,0,0,0,0,0,0,0,0,,,
1659,ok,132,2,2,2,1.179488183,1.613952422,0.331990714,1.697754117,0.269264919,0.715409598,22,3,66,1,1,1,1,1,0,0.492184641,0.004452299,0.000296191,0.507415254,6,22,3,66,1,1,1,1,1,0,0.769890249,0.002105202,6.96E-05,0.859745763,24,0,3,0,0,0,0,0,0,0,0,0,0,,,0,2,0,0,0,0,0,0,0,0,0,0,,,0,2,0,0,0,0,0,0,0,0,0,0,,,0,1,0,0,0,0,0,0,0,0,0,0,,,
1662,ok,132,2,2,2,1.140907343,2.830810087,0.079502951,2.095805984,0.547555734,0.738204336,22,3,66,1,1,1,1,1,0,0.177986613,0.000183646,1.22E-05,0.640466102,8,22,3,66,1,1,1,1,1,0,0.67213582,0.000842489,2.78E-05,0.826694915,23,0,3,0,0,0,0,0,0,0,0,0,0,,,0,2,0,0,0,0,0,0,0,0,0,0,,,0,2,0,0,0,0,0,0,0,0,0,0,,,0,1,0,0,0,0,0,0,0,0,0,0,,,
1680,ok,132,2,2,2,2.167905776,1.580141323,0.733394085,0.614238268,0.312621725,0.149759894,0,3,0,0,0,0,0,0,0,0,0,0,,,22,3,66,1,1,1,1,1,0,1.354881363,29.1898364,0.96474883,1.619915254,47,22,3,66,1,1,1,1,1,0,1.326672213,0.019928487,0.000337771,0.686440678,40,0,2,0,0,0,0,0,0,0,0,0,0,,,0,2,0,0,0,0,0,0,0,0,0,0,,,0,1,0,0,0,0,0,0,0,0,0,0,,,
1686,ok,132,2,2,2,2.132320456,2.175254781,0.241835749,2.193347176,0.586397327,0.760902283,22,3,66,1,1,1,1,1,0,0.319976008,0.000957671,6.37E-05,0.97309322,13,22,3,66,1,1,1,1,1,0,0.573542485,0.001696307,5.61E-05,0.628389831,17,0,3,0,0,0,0,0,0,0,0,0,0,,,0,2,0,0,0,0,0,0,0,0,0,0,,,0,2,0,0,0,0,0,0,0,0,0,0,,,0,1,0,0,0,0,0,0,0,0,0,0,,,
1698,ok,132,2,2,2,2.090038494,1.87917134,0.15028391,1.996673172,0.335867193,0.827330254,22,3,66,1,1,1,1,1,0,0.276495912,0.001834468,0.000122039,0.573940678,7,22,3,66,1,1,1,1,1,0,0.631031984,0.002426211,8.02E-05,0.661440678,18,0,3,0,0,0,0,0,0,0,0,0,0,,,0,2,0,0,0,0,0,0,0,0,0,0,,,0,2,0,0,0,0,0,0,0,0,0,0,,,0,1,0,0,0,0,0,0,0,0,0,0,,,
1723,ok,132,2,2,2,2.162380448,2.228223652,0.125830224,1.881625528,0.680674408,0.80605736,22,3,66,1,1,1,1,1,0,0.213640975,0.000320792,2.13E-05,0.97309322,13,22,3,66,1,1,1,1,1,0,0.554366067,0.00138126,4.57E-05,0.529237288,14,0,3,0,0,0,0,0,0,0,0,0,0,,,0,2,0,0,0,0,0,0,0,0,0,0,,,0,2,0,0,0,0,0,0,0,0,0,0,,,0,1,0,0,0,0,0,0,0,0,0,0,,,
1812,ok,132,2,2,2,2.312581424,3.56896775,0.119741359,0.504909624,0.577430988,0.711374405,22,3,66,1,1,1,1,1,0,0.439732838,0.002178456,0.000144923,0.773516949,10,22,3,66,1,1,1,1,1,0,1.313852883,24.82184044,0.820382862,1.322457627,38,0,3,0,0,0,0,0,0,0,0,0,0,,,0,2,0,0,0,0,0,0,0,0,0,0,,,0,2,0,0,0,0,0,0,0,0,0,0,,,0,1,0,0,0,0,0,0,0,0,0,0,,,
1836,ok,132,2,2,2,2.489389786,1.900145705,0.14315917,2.109931599,0.707655427,0.792735848,22,3,66,1,1,1,1,1,0,0.220251856,0.000322739,2.15E-05,1.039618644,14,22,3,66,1,1,1,1,1,0,0.48174067,0.001317619,4.35E-05,0.463135593,12,0,3,0,0,0,0,0,0,0,0,0,0,,,0,2,0,0,0,0,0,0,0,0,0,0,,,0,2,0,0,0,0,0,0,0,0,0,0,,,0,1,0,0,0,0,0,0,0,0,0,0,,,
1839,ok,132,2,2,2,1.207238987,3.977600998,0.223520313,1.294458467,0.257847492,0.980401461,22,3,66,1,1,1,1,1,0,0.429002738,0.00242792,0.000161518,0.640466102,8,22,3,66,1,1,1,1,1,0,0.824087982,0.000890802,2.94E-05,0.76059322,21,0,3,0,0,0,0,0,0,0,0,0,0,,,0,2,0,0,0,0,0,0,0,0,0,0,,,0,2,0,0,0,0,0,0,0,0,0,0,,,0,1,0,0,0,0,0,0,0,0,0,0,,,
1897,ok,132,2,2,2,2.490489397,2.538769217,0.093927314,1.442384753,0.426116227,0.68747652,22,3,66,1,1,1,1,1,0,0.251167899,0.001571168,0.000104523,0.507415254,6,22,3,66,1,1,1,1,1,0,0.856376368,0.003555101,0.000117499,0.89279661,25,0,3,0,0,0,0,0,0,0,0,0,0,,,0,2,0,0,0,0,0,0,0,0,0,0,,,0,2,0,0,0,0,0,0,0,0,0,0,,,0,1,0,0,0,0,0,0,0,0,0,0,,,
882,ok,131,6,3,3,1.222126451,1.507329715,0.301823407,0.575084566,0.379244473,0.864900287,17,3,51,2,1,1,1,1,1,2.071721472,1.178868938,0.078424756,0.174788136,1,12,3,36,3,1,1,1,1,2,1.413215933,30.91142124,1.021648668,0.826694915,23,0,3,0,0,0,0,0,0,0,0,0,0,,,0,2,0,0,0,0,0,0,0,0,0,0,,,22,2,44,1,1,1,1,1,0,0.713490837,0.000800491,1.09E-05,0.703389831,44,0,1,0,0,0,0,0,0,0,0,0,0,,,
979,ok,131,6,3,3,2.317776433,3.844136673,0.611991205,0.64094722,0.261183203,0.921719703,17,3,51,2,1,1,1,1,1,1.497343359,0.819038854,0.054486907,0.374364407,4,12,3,36,3,1,1,1,1,2,1.480287599,41.15919227,1.360346185,1.124152542,32,0,3,0,0,0,0,0,0,0,0,0,0,,,0,2,0,0,0,0,0,0,0,0,0,0,,,22,2,44,1,1,1,1,1,0,1.090422484,0.002538272,3.44E-05,0.540677966,32,0,1,0,0,0,0,0,0,0,0,0,0,,,
1032,ok,131,6,3,3,1.294188454,0.077639095,0.622672457,0.786685535,0.675958653,0.920364048,17,3,51,2,1,1,1,1,1,1.381306231,10.6622369,0.709309828,0.640466102,8,0,3,0,0,0,0,0,0,0,0,0,0,,,12,3,36,3,1,1,1,1,2,1.13027094,0.162601382,0.002755956,0.076271186,4,0,2,0,0,0,0,0,0,0,0,0,0,,,22,2,44,1,1,1,1,1,0,1.048105001,0.036129174,0.000489887,0.5,29,0,1,0,0,0,0,0,0,0,0,0,0,,,
1595,ok,131,6,3,3,1.9372617,3.498086658,0.617330755,0.658884165,0.142190915,0.981888599,17,3,51,2,1,1,1,1,1,1.82331132,4.930888873,0.328029472,0.174788136,1,12,3,36,3,1,1,1,1,2,1.496832349,39.08827056,1.291900468,1.190254237,34,0,3,0,0,0,0,0,0,0,0,0,0,,,0,2,0,0,0,0,0,0,0,0,0,0,,,22,2,44,1,1,1,1,1,0,1.073620527,0.003292018,4.46E-05,0.377966102,20,0,1,0,0,0,0,0,0,0,0,0,0,,,
602,ok,131,5,3,3,1.782053502,0.364501922,0.093666251,0.739533178,0.143362578,0.524086553,17,3,51,1,1,1,0,1,0,1.193022374,0.040070857,0.002665731,0.108262712,0,12,3,36,3,1,1,1,1,2,1.464404191,50.22526746,1.659987653,1.058050847,30,0,3,0,0,0,0,0,0,0,0,0,0,,,0,2,0,0,0,0,0,0,0,0,0,0,,,22,2,44,1,1,1,1,1,0,0.237312598,0.00124984,1.69E-05,0.391525424,21,0,1,0,0,0,0,0,0,0,0,0,0,,,
734,ok,131,5,3,3,1.560557931,0.096918314,0.154532654,0.939468557,0.872618477,0.15340537,12,3,36,2,1,1,0,1,1,2.890382388,0.001300015,8.65E-05,0.108262712,0,0,3,0,0,0,0,0,0,0,0,0,0,,,17,3,51,2,1,1,1,1,1,0.887879268,0.011929458,0.000202194,0.889830508,52,0,2,0,0,0,0,0,0,0,0,0,0,,,22,2,44,1,1,1,1,1,0,0.277044125,0.001138674,1.54E-05,0.377966102,20,0,1,0,0,0,0,0,0,0,0,0,0,,,
1106,ok,131,5,3,3,1.686380306,0.780065418,0.27222457,0.602210767,0.108370686,0.968863408,17,3,51,1,1,1,0,1,0,0.789345735,0.013201747,0.000878252,0.374364407,4,12,3,36,3,1,1,1,1,2,1.47677511,38.70811334,1.279335949,0.925847458,26,0,3,0,0,0,0,0,0,0,0,0,0,,,0,2,0,0,0,0,0,0,0,0,0,0,,,22,2,44,1,1,1,1,1,0,0.720022342,0.011009625,0.000149283,0.255932203,11,0,1,0,0,0,0,0,0,0,0,0,0,,,
1376,ok,131,5,3,3,1.105933793,0.461610309,0.097759755,0.67242639,0.112545481,0.634074082,17,3,51,1,1,1,0,1,0,1.065114714,0.028768581,0.001913842,0.108262712,0,12,3,36,3,1,1,1,1,2,1.473182639,35.81536896,1.183728296,1.025,29,0,3,0,0,0,0,0,0,0,0,0,0,,,0,2,0,0,0,0,0,0,0,0,0,0,,,22,2,44,1,1,1,1,1,0,0.26287376,0.000865855,1.17E-05,0.43220339,24,0,1,0,0,0,0,0,0,0,0,0,0,,,
1520,ok,131,5,3,3,1.937562808,1.02061253,0.106084152,0.708163801,0.129611073,0.981012837,17,3,51,1,1,1,0,1,0,0.485456811,0.012668249,0.000842761,0.241313559,2,12,3,36,3,1,1,1,1,2,1.48117523,53.18080477,1.757670666,1.091101695,31,0,3,0,0,0,0,0,0,0,0,0,0,,,0,2,0,0,0,0,0,0,0,0,0,0,,,22,2,44,1,1,1,1,1,0,0.290647199,0.00092183,1.25E-05,0.554237288,33,0,1,0,0,0,0,0,0,0,0,0,0,,,
1821,ok,131,5,3,3,2.26285105,0.381145003,0.055399895,0.730469187,0.116948189,0.97946645,17,3,51,1,1,1,0,1,0,0.305752034,0.003197009,0.000212682,0.241313559,2,12,3,36,3,1,1,1,1,2,1.404270354,66.74422031,2.205953044,0.925847458,26,0,3,0,0,0,0,0,0,0,0,0,0,,,0,2,0,0,0,0,0,0,0,0,0,0,,,22,2,44,1,1,1,1,1,0,0.178946487,0.001515722,2.06E-05,0.201694915,7,0,1,0,0,0,0,0,0,0,0,0,0,,,
1921,ok,128,7,4,4,1.348299727,1.778177058,0.940404443,0.556200326,0.534939843,0.75996984,17,3,51,1,1,1,0,1,0,1.730340107,15.3400745,1.020504956,0.108262712,0,12,3,36,3,1,1,1,1,2,1.407495419,27.48476493,0.908394773,0.793644068,22,0,3,0,0,0,0,0,0,0,0,0,0,,,0,2,0,0,0,0,0,0,0,0,0,0,,,12,2,24,2,1,1,0,1,1,1.564676385,0.011285941,0.00015303,0.120338983,1,17,1,17,1,1,1,0,1,0,1.773038089,0.155066681,0.005256498,0.686440678,5,
421,ok,127,5,3,3,1.261147136,1.236168896,0.436534883,0.725301832,0.197826218,0.631848729,17,3,51,1,1,1,0,1,0,0.960716451,0.015197085,0.001010993,0.440889831,5,12,3,36,3,1,1,1,1,2,1.485912433,38.49119339,1.272166561,1.190254237,34,0,3,0,0,0,0,0,0,0,0,0,0,,,0,2,0,0,0,0,0,0,0,0,0,0,,,20,2,40,1,1,1,1,0,0,0.763154884,0.000307916,4.18E-06,0.811864407,52,0,1,0,0,0,0,0,0,0,0,0,0,,,
1448,ok,127,3,3,3,2.300403342,0.115574933,1.792725953,0.851650878,0.21320937,0.949493604,0,3,0,0,0,0,0,0,0,0,0,0,,,22,3,66,1,1,1,1,1,0,1.255236061,0.292062905,0.009652927,0.463135593,12,0,3,0,0,0,0,0,0,0,0,0,0,,,0,2,0,0,0,0,0,0,0,0,0,0,,,22,2,44,1,1,1,1,1,0,1.029556306,0.370957294,0.005029929,0.43220339,24,17,1,17,1,1,1,0,1,0,1.206583062,29.24443654,0.991336832,0.686440678,5,
273,ok,124,5,3,3,1.196547138,0.393861417,1.00215938,0.705289175,0.411590507,0.93197771,17,3,51,2,1,1,1,1,1,2.453739629,21.39577057,1.423362703,0.108262712,0,17,3,51,2,1,1,1,1,1,1.477704558,51.92169408,1.716055991,1.851271186,54,0,3,0,0,0,0,0,0,0,0,0,0,,,0,2,0,0,0,0,0,0,0,0,0,0,,,0,2,0,0,0,0,0,0,0,0,0,0,,,22,1,22,1,1,1,1,1,0,2.541534666,0.310675623,0.010531377,1.466101695,28,
390,ok,124,4,3,3,1.342836199,0.481808901,1.155003479,0.540282472,0.725539419,0.933177615,17,3,51,1,1,1,0,1,0,1.024633196,6.775771125,0.450761045,0.174788136,1,17,3,51,2,1,1,1,1,1,1.403540395,32.1956543,1.064093659,1.421610169,41,0,3,0,0,0,0,0,0,0,0,0,0,,,0,2,0,0,0,0,0,0,0,0,0,0,,,0,2,0,0,0,0,0,0,0,0,0,0,,,22,1,22,1,1,1,1,1,0,4.714688896,0.14545778,0.004930772,2.279661017,52,
752,ok,124,4,3,3,1.950671895,0.206018899,1.139009025,0.743037836,0.765963777,0.291997835,17,3,51,1,1,1,0,1,0,1.957610058,5.340836027,0.35530138,0.108262712,0,17,3,51,2,1,1,1,1,1,1.352602128,30.89322562,1.021047287,1.950423729,57,0,3,0,0,0,0,0,0,0,0,0,0,,,0,2,0,0,0,0,0,0,0,0,0,0,,,0,2,0,0,0,0,0,0,0,0,0,0,,,22,1,22,1,1,1,1,1,0,2.221255683,0.103224721,0.003499143,1.398305085,26,
1202,ok,124,4,3,3,2.106290153,0.184148642,1.017917636,0.574189521,0.708180372,0.322666592,17,3,51,1,1,1,0,1,0,2.349473239,7.006161628,0.466087871,0.108262712,0,17,3,51,2,1,1,1,1,1,1.297123547,23.75082103,0.784984763,1.487711864,43,0,3,0,0,0,0,0,0,0,0,0,0,,,0,2,0,0,0,0,0,0,0,0,0,0,,,0,2,0,0,0,0,0,0,0,0,0,0,,,22,1,22,1,1,1,1,1,0,2.782453449,0.123202685,0.004176362,1.36440678,25,
1598,ok,124,4,3,3,1.111699273,0.503268979,1.305152445,0.56264355,0.836375593,0.507648329,17,3,51,1,1,1,0,1,0,1.031378729,0.309771633,0.020607689,0.108262712,0,17,3,51,2,1,1,1,1,1,1.224883557,24.85027545,0.821322663,1.487711864,43,0,3,0,0,0,0,0,0,0,0,0,0,,,0,2,0,0,0,0,0,0,0,0,0,0,,,0,2,0,0,0,0,0,0,0,0,0,0,,,22,1,22,1,1,1,1,1,0,3.184896569,0.078110783,0.002647823,1.56779661,31,
1639,ok,124,4,3,3,2.360371959,2.0962823,1.8945496,1.373118895,0.650278139,0.191564713,17,3,51,1,1,1,0,1,0,3.090191751,5.863488793,0.390071076,0.108262712,0,0,3,0,0,0,0,0,0,0,0,0,0,,,17,3,51,2,1,1,1,1,1,1.445087429,0.173372673,0.00293852,0.63559322,37,0,2,0,0,0,0,0,0,0,0,0,0,,,0,2,0,0,0,0,0,0,0,0,0,0,,,22,1,22,1,1,1,1,1,0,0.890713723,26.19530112,0.887976309,0.720338983,6,
1874,ok,124,4,3,3,1.166755953,0.167520907,1.200199161,0.852034961,0.747194094,0.157049773,17,3,51,1,1,1,0,1,0,3.331672153,1.407513489,0.093635431,0.108262712,0,17,3,51,2,1,1,1,1,1,1.233397343,0.023608385,0.000780277,0.89279661,25,0,3,0,0,0,0,0,0,0,0,0,0,,,0,2,0,0,0,0,0,0,0,0,0,0,,,0,2,0,0,0,0,0,0,0,0,0,0,,,22,1,22,1,1,1,1,1,0,1.629967727,0.046336043,0.001570713,1.127118644,18,
1961,ok,123,8,3,3,1.977144339,0.582952834,0.595277503,0.724242001,0.877480843,0.311614708,12,3,36,3,1,1,1,1,2,2.570576619,1.149183435,0.076449915,0.108262712,0,12,3,36,3,1,1,1,1,2,1.314405665,28.90843914,0.955448412,1.884322034,55,17,3,51,2,1,1,1,1,1,1.244140233,0.094127923,0.001595389,0.669491525,39,0,2,0,0,0,0,0,0,0,0,0,0,,,0,2,0,0,0,0,0,0,0,0,0,0,,,0,1,0,0,0,0,0,0,0,0,0,0,,,
552,ok,123,7,3,3,2.0960306,1.984482018,0.330277677,0.678793527,0.670509496,0.637278133,12,3,36,3,1,1,1,1,2,4.119109727,2.111818683,0.140489633,0.108262712,0,12,3,36,3,1,1,1,1,2,1.436119627,38.74323255,1.280496669,0.958898305,27,17,3,51,1,1,1,0,1,0,0.7038378,0.003365613,5.70E-05,0.957627119,56,0,2,0,0,0,0,0,0,0,0,0,0,,,0,2,0,0,0,0,0,0,0,0,0,0,,,0,1,0,0,0,0,0,0,0,0,0,0,,,
157,ok,121,6,3,3,2.431152332,1.240541909,0.596870392,0.697175744,0.120851947,0.942820212,17,3,51,2,1,1,1,1,1,2.619903233,14.15047436,0.941366303,0.108262712,0,12,3,36,3,1,1,1,1,2,1.47352871,53.02009542,1.752359086,1.15720339,33,0,3,0,0,0,0,0,0,0,0,0,0,,,0,2,0,0,0,0,0,0,0,0,0,0,,,17,2,34,1,1,1,0,1,0,1.050568265,0.012909004,0.000175037,0.147457627,3,0,1,0,0,0,0,0,0,0,0,0,0,,,
1096,ok,121,6,3,3,2.305361972,0.126335341,0.771087177,0.529429707,0.711052255,0.650575552,12,3,36,3,1,1,1,1,2,1.481899179,13.31161462,0.885560803,2.968855932,43,17,3,51,2,1,1,1,1,1,1.08554245,0.150893788,0.004987168,0.198728814,4,0,3,0,0,0,0,0,0,0,0,0,0,,,0,2,0,0,0,0,0,0,0,0,0,0,,,17,2,34,1,1,1,0,1,0,1.033534601,0.314239001,0.004260868,0.838983051,54,0,1,0,0,0,0,0,0,0,0,0,0,,,
372,ok,119,17,5,5,1.563502783,0.07510913,0.208401232,1.419876589,0.481704783,0.68609133,22,3,66,1,1,1,1,1,0,0.362317374,0.001660481,0.000110464,0.706991525,9,17,3,51,2,1,1,1,1,1,1.150269524,0.380480359,0.012575198,0.430084746,11,17,3,51,1,1,1,0,1,0,0.22976816,0.003772169,6.39E-05,0.093220339,5,0,2,0,0,0,0,0,0,0,0,0,0,,,-33,2,-66,12,1,1,1,1,11,0.886846989,0.558141046,0.007568014,0.689830508,43,17,1,17,1,1,1,0,1,0,0.547543514,0.192364154,0.006520819,0.618644068,3,
15,ok,119,5,3,3,1.734536219,0.729588927,1.627761465,0.772612023,0.48154493,0.699287814,17,3,51,1,1,1,0,1,0,1.033576502,19.37216999,1.288741817,0.108262712,0,17,3,51,2,1,1,1,1,1,1.373875187,0.200489339,0.006626343,0.859745763,24,0,3,0,0,0,0,0,0,0,0,0,0,,,0,2,0,0,0,0,0,0,0,0,0,0,,,0,2,0,0,0,0,0,0,0,0,0,0,,,17,1,17,2,1,1,1,1,1,2.637288227,31.74101054,1.075966459,1.63559322,33,
92,ok,119,5,3,3,1.927617105,1.727730172,1.621309797,0.800773777,0.877928363,0.891454836,17,3,51,1,1,1,0,1,0,1.067653937,2.428108519,0.161530948,0.241313559,2,17,3,51,2,1,1,1,1,1,1.324893206,0.131097465,0.004332882,0.89279661,25,0,3,0,0,0,0,0,0,0,0,0,0,,,0,2,0,0,0,0,0,0,0,0,0,0,,,0,2,0,0,0,0,0,0,0,0,0,0,,,17,1,17,2,1,1,1,1,1,2.568331638,26.63113979,0.902750501,1.703389831,35,
177,ok,119,5,3,3,1.39619848,1.079146748,1.639151024,0.842408757,0.368760842,0.688274865,17,3,51,1,1,1,0,1,0,2.268137236,22.64124978,1.506218735,0.108262712,0,17,3,51,2,1,1,1,1,1,1.430973095,0.183349099,0.006059843,1.15720339,33,0,3,0,0,0,0,0,0,0,0,0,0,,,0,2,0,0,0,0,0,0,0,0,0,0,,,0,2,0,0,0,0,0,0,0,0,0,0,,,17,1,17,2,1,1,1,1,1,2.038679824,32.18458539,1.091002894,1.262711864,22,
275,ok,119,5,3,3,1.118438125,0.691068408,1.55836863,0.655901447,0.611473296,0.87280568,17,3,51,1,1,1,0,1,0,1.02606937,9.591684661,0.638090886,0.174788136,1,17,3,51,2,1,1,1,1,1,1.424278881,40.08710196,1.324912692,1.719067797,50,0,3,0,0,0,0,0,0,0,0,0,0,,,0,2,0,0,0,0,0,0,0,0,0,0,,,0,2,0,0,0,0,0,0,0,0,0,0,,,17,1,17,2,1,1,1,1,1,3.884587935,26.91000312,0.912203496,2.211864407,50,
329,ok,119,5,3,3,1.730693221,0.317331505,1.82531856,0.973306245,0.833017644,0.297942738,17,3,51,1,1,1,0,1,0,1.056378879,1.964750485,0.130705859,0.108262712,0,17,3,51,2,1,1,1,1,1,1.233997036,0.077631116,0.002565774,0.958898305,27,0,3,0,0,0,0,0,0,0,0,0,0,,,0,2,0,0,0,0,0,0,0,0,0,0,,,0,2,0,0,0,0,0,0,0,0,0,0,,,17,1,17,2,1,1,1,1,1,2.495511065,20.5372716,0.696178698,2.042372881,45,
565,ok,119,5,3,3,1.331030881,1.717896419,1.616624959,1.147467315,0.441298701,0.279340182,17,3,51,2,1,1,1,1,1,1.602805209,0.023132283,0.001538885,0.706991525,9,0,3,0,0,0,0,0,0,0,0,0,0,,,17,3,51,2,1,1,1,1,1,1.451965268,0.127864038,0.002167187,0.720338983,42,0,2,0,0,0,0,0,0,0,0,0,0,,,0,2,0,0,0,0,0,0,0,0,0,0,,,17,1,17,1,1,1,0,1,0,0.899385646,24.17656912,0.819544716,0.618644068,3,
581,ok,119,5,3,3,2.321351291,0.326950957,1.419186112,0.750512009,0.578452211,0.583056897,17,3,51,1,1,1,0,1,0,1.038108987,18.05811854,1.201323988,0.108262712,0,17,3,51,2,1,1,1,1,1,1.452561088,49.18036631,1.625452785,1.950423729,57,0,3,0,0,0,0,0,0,0,0,0,0,,,0,2,0,0,0,0,0,0,0,0,0,0,,,0,2,0,0,0,0,0,0,0,0,0,0,,,17,1,17,2,1,1,1,1,1,3.26359492,27.41774649,0.929415135,2.076271186,46,
633,ok,119,5,3,3,1.520788289,3.554004456,1.768703984,2.264090761,0.575223021,0.371082911,12,3,36,3,1,1,1,1,2,2.747772724,8.72580265,0.580487719,0.108262712,0,0,3,0,0,0,0,0,0,0,0,0,0,,,22,3,66,1,1,1,1,1,0,0.920791343,0.003320299,5.63E-05,0.43220339,25,0,2,0,0,0,0,0,0,0,0,0,0,,,0,2,0,0,0,0,0,0,0,0,0,0,,,17,1,17,1,1,1,0,1,0,0.667773837,25.40680765,0.861247717,0.686440678,5,
640,ok,119,5,3,3,1.818006271,1.125938915,1.70111055,0.938889095,0.738884509,0.508299976,17,3,51,1,1,1,0,1,0,1.046141956,1.122321485,0.074662912,0.108262712,0,17,3,51,2,1,1,1,1,1,1.382309105,0.105447114,0.003485116,1.190254237,34,0,3,0,0,0,0,0,0,0,0,0,0,,,0,2,0,0,0,0,0,0,0,0,0,0,,,0,2,0,0,0,0,0,0,0,0,0,0,,,17,1,17,2,1,1,1,1,1,1.955074586,27.48041142,0.93153937,1.398305085,26,
642,ok,119,5,3,3,2.237275673,2.854741446,1.900336653,0.967582239,0.757128695,0.548777177,17,3,51,1,1,1,0,1,0,1.043333588,8.520446132,0.566826289,0.174788136,1,17,3,51,2,1,1,1,1,1,1.450436127,0.061063389,0.002018197,1.487711864,43,0,3,0,0,0,0,0,0,0,0,0,0,,,0,2,0,0,0,0,0,0,0,0,0,0,,,0,2,0,0,0,0,0,0,0,0,0,0,,,17,1,17,2,1,1,1,1,1,1.822271289,28.67255749,0.971951101,1.262711864,22,
947,ok,119,5,3,3,1.256237464,1.812960063,1.581911362,0.766463878,0.894062457,0.782988682,17,3,51,1,1,1,0,1,0,1.031978796,0.470661296,0.031310942,0.174788136,1,17,3,51,2,1,1,1,1,1,1.327188106,0.064174171,0.002121011,0.925847458,26,0,3,0,0,0,0,0,0,0,0,0,0,,,0,2,0,0,0,0,0,0,0,0,0,0,,,0,2,0,0,0,0,0,0,0,0,0,0,,,17,1,17,2,1,1,1,1,1,2.34245053,25.52910068,0.865393243,1.466101695,28,
1056,ok,119,5,3,3,1.445652976,1.495752369,1.943708931,0.78157196,0.816687432,0.825711505,17,3,51,1,1,1,0,1,0,1.027921037,3.06768996,0.204079374,0.241313559,2,17,3,51,2,1,1,1,1,1,1.352530059,0.079781855,0.002636858,0.859745763,24,0,3,0,0,0,0,0,0,0,0,0,0,,,0,2,0,0,0,0,0,0,0,0,0,0,,,0,2,0,0,0,0,0,0,0,0,0,0,,,17,1,17,2,1,1,1,1,1,3.166918292,25.64783663,0.869418191,2.110169492,47,
1748,ok,119,5,3,3,1.981100288,2.417105777,1.941322032,0.894644402,0.749471335,0.593181249,17,3,51,1,1,1,0,1,0,1.03814019,7.058608279,0.469576907,0.174788136,1,17,3,51,2,1,1,1,1,1,1.425606267,0.08439072,0.002789185,1.322457627,38,0,3,0,0,0,0,0,0,0,0,0,0,,,0,2,0,0,0,0,0,0,0,0,0,0,,,0,2,0,0,0,0,0,0,0,0,0,0,,,17,1,17,2,1,1,1,1,1,2.025759861,28.13547284,0.953744842,1.36440678,25,
1807,ok,119,5,3,3,2.153794487,0.677635979,1.862936887,0.980970683,0.117316717,0.58736241,17,3,51,1,1,1,0,1,0,1.511768682,0.000302092,2.01E-05,3.767161017,55,17,3,51,2,1,1,1,1,1,1.494082381,0.150260792,0.004966247,1.586864407,46,0,3,0,0,0,0,0,0,0,0,0,0,,,0,2,0,0,0,0,0,0,0,0,0,0,,,0,2,0,0,0,0,0,0,0,0,0,0,,,17,1,17,2,1,1,1,1,1,1.733821577,35.54649624,1.204965974,1.161016949,19,
1923,ok,119,5,3,3,2.041387873,2.154716605,1.411465479,1.435031712,0.544011924,0.295677868,12,3,36,3,1,1,1,1,2,4.121654871,5.573204616,0.370759799,0.108262712,0,0,3,0,0,0,0,0,0,0,0,0,0,,,22,3,66,1,1,1,1,1,0,1.093801133,0.012700084,0.000215256,0.43220339,25,0,2,0,0,0,0,0,0,0,0,0,0,,,0,2,0,0,0,0,0,0,0,0,0,0,,,17,1,17,1,1,1,0,1,0,0.73645433,25.88515732,0.87746296,0.550847458,1,
1950,ok,119,5,3,3,2.292115927,0.176140155,1.136945174,0.833604325,0.821586564,0.458456148,12,3,36,3,1,1,1,1,2,1.415201869,4.422776561,0.294227085,1.372245763,19,22,3,66,1,1,1,1,1,0,1.127677929,0.133431518,0.004410025,0.463135593,12,0,3,0,0,0,0,0,0,0,0,0,0,,,0,2,0,0,0,0,0,0,0,0,0,0,,,0,2,0,0,0,0,0,0,0,0,0,0,,,17,1,17,1,1,1,0,1,0,3.221970197,0.08539669,0.002894803,2.415254237,56,
1957,ok,119,5,3,3,2.455168388,1.059255375,1.585886099,0.875517339,0.731820176,0.374298357,17,3,51,1,1,1,0,1,0,1.049967232,8.243392398,0.548395172,0.108262712,0,17,3,51,2,1,1,1,1,1,1.424656615,0.042087492,0.001391027,1.190254237,34,0,3,0,0,0,0,0,0,0,0,0,0,,,0,2,0,0,0,0,0,0,0,0,0,0,,,0,2,0,0,0,0,0,0,0,0,0,0,,,17,1,17,2,1,1,1,1,1,1.821278462,27.28613396,0.924953694,1.161016949,19,
228,ok,119,4,3,3,1.845709558,0.179562412,1.536763609,0.697960357,0.647146247,0.601407438,17,3,51,1,1,1,0,1,0,1.033589779,6.162336844,0.40995207,0.108262712,0,17,3,51,2,1,1,1,1,1,1.311780309,40.24815025,1.330235474,1.818220339,53,0,3,0,0,0,0,0,0,0,0,0,0,,,0,2,0,0,0,0,0,0,0,0,0,0,,,0,2,0,0,0,0,0,0,0,0,0,0,,,17,1,17,1,1,1,0,1,0,1.185256868,24.61191686,0.834302266,0.584745763,2,
881,ok,119,4,3,3,1.158064128,3.479480287,1.693348767,1.375073272,0.899366573,0.117553169,17,3,51,1,1,1,0,1,0,2.466295339,0.334522687,0.022254264,0.108262712,0,0,3,0,0,0,0,0,0,0,0,0,0,,,17,3,51,2,1,1,1,1,1,1.418473893,0.043869988,0.000743559,0.923728814,54,0,2,0,0,0,0,0,0,0,0,0,0,,,0,2,0,0,0,0,0,0,0,0,0,0,,,17,1,17,1,1,1,0,1,0,0.834827323,20.19400051,0.68454239,0.652542373,4,
1148,ok,119,4,3,3,2.306014631,0.436530499,1.520333905,1.713019135,0.857364957,0.138693081,17,3,51,1,1,1,0,1,0,2.058129509,0.043708043,0.002907696,0.241313559,2,0,3,0,0,0,0,0,0,0,0,0,0,,,17,3,51,2,1,1,1,1,1,1.290410089,0.279537834,0.004737929,0.398305085,23,0,2,0,0,0,0,0,0,0,0,0,0,,,0,2,0,0,0,0,0,0,0,0,0,0,,,17,1,17,1,1,1,0,1,0,0.607475418,17.20705505,0.583290002,0.584745763,2,
1262,ok,119,4,3,3,2.133429816,3.178206436,1.574867447,2.004844906,0.538926956,0.209249635,12,3,36,2,1,1,0,1,1,4.912999491,5.942449532,0.395323973,0.108262712,0,0,3,0,0,0,0,0,0,0,0,0,0,,,22,3,66,1,1,1,1,1,0,0.93201212,0.005705376,9.67E-05,0.449152542,26,0,2,0,0,0,0,0,0,0,0,0,0,,,0,2,0,0,0,0,0,0,0,0,0,0,,,17,1,17,1,1,1,0,1,0,0.653902713,26.97627386,0.914449961,0.584745763,2,
1295,ok,119,4,3,3,1.961705166,0.392075294,1.414324416,1.810868727,0.553703479,0.152937996,17,3,51,1,1,1,0,1,0,1.703308434,0.089435342,0.005949724,0.241313559,2,0,3,0,0,0,0,0,0,0,0,0,0,,,17,3,51,2,1,1,1,1,1,1.350548263,0.639549488,0.010839822,0.584745763,34,0,2,0,0,0,0,0,0,0,0,0,0,,,0,2,0,0,0,0,0,0,0,0,0,0,,,17,1,17,1,1,1,0,1,0,0.580272129,19.64947531,0.666083909,0.550847458,1,
1343,ok,119,4,3,3,1.545723217,2.619452243,1.829427037,0.730320564,0.809137654,0.435991667,17,3,51,1,1,1,0,1,0,1.275348621,3.195600545,0.21258868,0.174788136,1,17,3,51,1,1,1,0,1,0,1.348326656,32.11370049,1.061385016,1.917372881,56,0,3,0,0,0,0,0,0,0,0,0,0,,,0,2,0,0,0,0,0,0,0,0,0,0,,,0,2,0,0,0,0,0,0,0,0,0,0,,,17,1,17,2,1,1,1,1,1,2.114728772,25.07016005,0.849835934,1.161016949,19,
1502,ok,119,4,3,3,1.227330295,0.268712458,1.547281391,0.661712513,0.723031096,0.92941314,17,3,51,1,1,1,0,1,0,1.025521542,4.284511972,0.285028974,0.174788136,1,17,3,51,2,1,1,1,1,1,1.388090524,43.68233668,1.443738246,1.719067797,50,0,3,0,0,0,0,0,0,0,0,0,0,,,0,2,0,0,0,0,0,0,0,0,0,0,,,0,2,0,0,0,0,0,0,0,0,0,0,,,17,1,17,1,1,1,0,1,0,1.223061959,25.57433515,0.866926615,0.584745763,2,
1544,ok,119,4,3,3,2.302834261,3.90498479,1.728885611,0.99108963,0.486326736,0.389393008,17,3,51,1,1,1,0,1,0,2.703831128,16.776391,1.11605652,0.108262712,0,0,3,0,0,0,0,0,0,0,0,0,0,,,17,3,51,2,1,1,1,1,1,1.526083673,0.004416591,7.49E-05,0.43220339,25,0,2,0,0,0,0,0,0,0,0,0,0,,,0,2,0,0,0,0,0,0,0,0,0,0,,,17,1,17,1,1,1,0,1,0,1.030411989,30.31946833,1.027778587,0.652542373,4,
1619,ok,119,4,3,3,1.953962078,2.580541703,1.481973635,1.018893348,0.710474741,0.270476603,17,3,51,1,1,1,0,1,0,2.071144611,6.879790237,0.457680961,0.108262712,0,0,3,0,0,0,0,0,0,0,0,0,0,,,17,3,51,2,1,1,1,1,1,1.442016901,0.068519753,0.001161352,0.652542373,38,0,2,0,0,0,0,0,0,0,0,0,0,,,0,2,0,0,0,0,0,0,0,0,0,0,,,17,1,17,1,1,1,0,1,0,0.892412702,24.33703416,0.824984209,0.550847458,1,
1949,ok,119,4,3,3,1.836311003,0.23437791,1.534943925,2.11132556,0.799211182,0.035910415,17,3,51,1,1,1,0,1,0,3.090221075,0.097998611,0.006519399,0.108262712,0,0,3,0,0,0,0,0,0,0,0,0,0,,,17,3,51,2,1,1,1,1,1,1.269959835,0.28554371,0.004839724,0.330508475,19,0,2,0,0,0,0,0,0,0,0,0,0,,,0,2,0,0,0,0,0,0,0,0,0,0,,,17,1,17,1,1,1,0,1,0,0.466320894,10.72898551,0.363694424,0.584745763,2,
379,ok,119,3,3,3,2.333556437,0.944447724,1.591145353,0.746427639,0.897909958,0.258333217,17,3,51,1,1,1,0,1,0,1.04753832,1.595957574,0.106171754,0.108262712,0,17,3,51,1,1,1,0,1,0,1.329511553,29.24450251,0.966555591,1.950423729,57,0,3,0,0,0,0,0,0,0,0,0,0,,,0,2,0,0,0,0,0,0,0,0,0,0,,,0,2,0,0,0,0,0,0,0,0,0,0,,,17,1,17,1,1,1,0,1,0,1.164643738,21.47172672,0.727855143,0.618644068,3,
58,ok,117,4,3,3,2.012037416,0.109113472,1.093661458,0.679691093,0.296086605,0.479339114,0,3,0,0,0,0,0,0,0,0,0,0,,,17,3,51,2,1,1,1,1,1,1.397043605,41.11733572,1.358962791,1.785169492,52,0,3,0,0,0,0,0,0,0,0,0,0,,,0,2,0,0,0,0,0,0,0,0,0,0,,,22,2,44,1,1,1,1,1,0,1.041606965,0.341008516,0.004623844,0.716949153,45,22,1,22,1,1,1,1,1,0,2.83009086,0.230880915,0.007826472,1.63559322,33,
24,ok,117,3,2,2,1.09264505,2.594197666,0.337380376,2.213129125,0.692384607,0.602842347,17,3,51,2,1,1,1,1,1,4.127965983,0.1705985,0.011349137,0.108262712,0,22,3,66,1,1,1,1,1,0,0.698736968,0.000546417,1.81E-05,0.991949153,28,0,3,0,0,0,0,0,0,0,0,0,0,,,0,2,0,0,0,0,0,0,0,0,0,0,,,0,2,0,0,0,0,0,0,0,0,0,0,,,0,1,0,0,0,0,0,0,0,0,0,0,,,
28,ok,117,3,2,2,2.266376277,3.818017252,0.051865198,0.568864708,0.837416886,0.472803085,17,3,51,2,1,1,1,1,1,3.145350893,0.011075476,0.000736801,0.108262712,0,22,3,66,1,1,1,1,1,0,1.327479953,23.53403222,0.777819709,1.487711864,43,0,3,0,0,0,0,0,0,0,0,0,0,,,0,2,0,0,0,0,0,0,0,0,0,0,,,0,2,0,0,0,0,0,0,0,0,0,0,,,0,1,0,0,0,0,0,0,0,0,0,0,,,
37,ok,117,3,2,2,1.364848549,1.300753874,0.111030532,1.522908447,0.683934964,0.77389357,22,3,66,1,1,1,1,1,0,0.218269787,0.000234574,1.56E-05,0.840042373,11,17,3,51,2,1,1,1,1,1,1.393675185,0.32538019,0.010754091,1.586864407,46,0,3,0,0,0,0,0,0,0,0,0,0,,,0,2,0,0,0,0,0,0,0,0,0,0,,,0,2,0,0,0,0,0,0,0,0,0,0,,,0,1,0,0,0,0,0,0,0,0,0,0,,,
80,ok,117,3,2,2,2.467204117,3.055171356,0.296659923,1.242954915,0.843774599,0.748351631,22,3,66,1,1,1,1,1,0,0.447075068,0.000482961,3.21E-05,1.305720339,18,17,3,51,2,1,1,1,1,1,1.422081581,0.146297072,0.004835242,1.686016949,49,0,3,0,0,0,0,0,0,0,0,0,0,,,0,2,0,0,0,0,0,0,0,0,0,0,,,0,2,0,0,0,0,0,0,0,0,0,0,,,0,1,0,0,0,0,0,0,0,0,0,0,,,
95,ok,117,3,2,2,2.202273124,1.712449629,0.27550771,0.989647891,0.322656096,0.727801868,22,3,66,1,1,1,1,1,0,0.553268597,0.006399127,0.000425705,0.640466102,8,17,3,51,2,1,1,1,1,1,1.481723826,0.186950267,0.006178865,1.487711864,43,0,3,0,0,0,0,0,0,0,0,0,0,,,0,2,0,0,0,0,0,0,0,0,0,0,,,0,2,0,0,0,0,0,0,0,0,0,0,,,0,1,0,0,0,0,0,0,0,0,0,0,,,
98,ok,117,3,2,2,1.748448349,0.152834022,0.266343267,0.584115788,0.459161558,0.025889154,0,3,0,0,0,0,0,0,0,0,0,0,,,22,3,66,1,1,1,1,1,0,1.185146221,10.64606401,0.351861438,1.520762712,44,17,3,51,2,1,1,1,1,1,1.163846995,0.199124666,0.003374994,0.906779661,53,0,2,0,0,0,0,0,0,0,0,0,0,,,0,2,0,0,0,0,0,0,0,0,0,0,,,0,1,0,0,0,0,0,0,0,0,0,0,,,
132,ok,117,3,2,2,2.462035782,2.269487178,0.209540944,1.208194839,0.541757593,0.598665864,22,3,66,1,1,1,1,1,0,0.411197663,0.003664858,0.000243806,0.640466102,8,17,3,51,2,1,1,1,1,1,1.468027437,0.18043317,0.005963469,1.818220339,53,0,3,0,0,0,0,0,0,0,0,0,0,,,0,2,0,0,0,0,0,0,0,0,0,0,,,0,2,0,0,0,0,0,0,0,0,0,0,,,0,1,0,0,0,0,0,0,0,0,0,0,,,
180,ok,117,3,2,2,1.457998659,2.017502137,0.053893841,0.593262929,0.761022679,0.521041763,17,3,51,2,1,1,1,1,1,3.638071328,0.011671394,0.000776444,0.108262712,0,22,3,66,1,1,1,1,1,0,1.32450416,25.45331877,0.841253756,1.553813559,45,0,3,0,0,0,0,0,0,0,0,0,0,,,0,2,0,0,0,0,0,0,0,0,0,0,,,0,2,0,0,0,0,0,0,0,0,0,0,,,0,1,0,0,0,0,0,0,0,0,0,0,,,
207,ok,117,3,2,2,1.916666014,0.171299596,1.022233212,0.823805623,0.596817768,0.737598475,17,3,51,2,1,1,1,1,1,1.432891145,20.48346186,1.36267098,1.372245763,19,22,3,66,1,1,1,1,1,0,1.149867916,0.273087372,0.009025769,0.397033898,10,0,3,0,0,0,0,0,0,0,0,0,0,,,0,2,0,0,0,0,0,0,0,0,0,0,,,0,2,0,0,0,0,0,0,0,0,0,0,,,0,1,0,0,0,0,0,0,0,0,0,0,,,
227,ok,117,3,2,2,2.428579005,1.282359404,0.148239147,1.629004769,0.628611931,0.812513535,22,3,66,1,1,1,1,1,0,0.258032077,0.000657206,4.37E-05,0.97309322,13,17,3,51,2,1,1,1,1,1,1.417287384,0.544628027,0.018000418,1.652966102,48,0,3,0,0,0,0,0,0,0,0,0,0,,,0,2,0,0,0,0,0,0,0,0,0,0,,,0,2,0,0,0,0,0,0,0,0,0,0,,,0,1,0,0,0,0,0,0,0,0,0,0,,,
276,ok,117,3,2,2,1.608022132,2.344408304,0.307034061,1.943642691,0.775187984,0.890327987,17,3,51,2,1,1,1,1,1,3.413730461,0.56727011,0.037737884,0.108262712,0,22,3,66,1,1,1,1,1,0,0.502680682,0.000564665,1.87E-05,0.463135593,12,0,3,0,0,0,0,0,0,0,0,0,0,,,0,2,0,0,0,0,0,0,0,0,0,0,,,0,2,0,0,0,0,0,0,0,0,0,0,,,0,1,0,0,0,0,0,0,0,0,0,0,,,
321,ok,117,3,2,2,2.225389556,1.200415,0.07726977,1.439076188,0.508209639,0.57092064,22,3,66,1,1,1,1,1,0,0.227184876,0.000717041,4.77E-05,0.507415254,6,17,3,51,2,1,1,1,1,1,1.439233623,0.318108683,0.010513762,1.884322034,55,0,3,0,0,0,0,0,0,0,0,0,0,,,0,2,0,0,0,0,0,0,0,0,0,0,,,0,2,0,0,0,0,0,0,0,0,0,0,,,0,1,0,0,0,0,0,0,0,0,0,0,,,
338,ok,117,3,2,2,1.142189524,2.024304395,0.312294762,1.296821846,0.715147062,0.906739371,22,3,66,1,1,1,1,1,0,0.462660166,0.000260575,1.73E-05,1.571822034,22,17,3,51,2,1,1,1,1,1,1.393222551,0.249425894,0.008243737,1.487711864,43,0,3,0,0,0,0,0,0,0,0,0,0,,,0,2,0,0,0,0,0,0,0,0,0,0,,,0,2,0,0,0,0,0,0,0,0,0,0,,,0,1,0,0,0,0,0,0,0,0,0,0,,,
344,ok,117,3,2,2,2.004147271,0.25914774,0.485875388,0.564149262,0.590493126,0.021210433,0,3,0,0,0,0,0,0,0,0,0,0,,,22,3,66,1,1,1,1,1,0,1.207165602,11.71429028,0.387167221,1.487711864,43,17,3,51,2,1,1,1,1,1,1.24705588,0.131100424,0.002222041,0.449152542,26,0,2,0,0,0,0,0,0,0,0,0,0,,,0,2,0,0,0,0,0,0,0,0,0,0,,,0,1,0,0,0,0,0,0,0,0,0,0,,,
362,ok,117,3,2,2,1.160107357,1.374126619,0.111666746,1.186144896,0.548662156,0.845714396,22,3,66,1,1,1,1,1,0,0.255801876,0.000477404,3.18E-05,0.773516949,10,17,3,51,2,1,1,1,1,1,1.408936892,0.2718663,0.008985412,1.355508475,39,0,3,0,0,0,0,0,0,0,0,0,0,,,0,2,0,0,0,0,0,0,0,0,0,0,,,0,2,0,0,0,0,0,0,0,0,0,0,,,0,1,0,0,0,0,0,0,0,0,0,0,,,
420,ok,117,3,2,2,2.182470682,1.370110756,0.297135924,0.954269014,0.420769315,0.716388018,22,3,66,1,1,1,1,1,0,0.587064854,0.005642003,0.000375337,0.773516949,10,17,3,51,2,1,1,1,1,1,1.432133733,0.279146295,0.009226022,1.322457627,38,0,3,0,0,0,0,0,0,0,0,0,0,,,0,2,0,0,0,0,0,0,0,0,0,0,,,0,2,0,0,0,0,0,0,0,0,0,0,,,0,1,0,0,0,0,0,0,0,0,0,0,,,
508,ok,117,3,2,2,1.887386052,2.997444535,0.060833026,0.795099736,0.640119268,0.742140344,22,3,66,1,1,1,1,1,0,0.19998714,0.000288777,1.92E-05,0.773516949,10,17,3,51,2,1,1,1,1,1,1.450831865,0.090972291,0.003006711,1.190254237,34,0,3,0,0,0,0,0,0,0,0,0,0,,,0,2,0,0,0,0,0,0,0,0,0,0,,,0,2,0,0,0,0,0,0,0,0,0,0,,,0,1,0,0,0,0,0,0,0,0,0,0,,,
515,ok,117,3,2,2,1.593401589,1.960427927,0.252327516,1.24074697,0.61808112,0.62029213,22,3,66,1,1,1,1,1,0,0.429377377,0.001686024,0.000112163,0.773516949,10,17,3,51,2,1,1,1,1,1,1.431408323,0.185404662,0.006127781,1.752118644,51,0,3,0,0,0,0,0,0,0,0,0,0,,,0,2,0,0,0,0,0,0,0,0,0,0,,,0,2,0,0,0,0,0,0,0,0,0,0,,,0,1,0,0,0,0,0,0,0,0,0,0,,,
522,ok,117,3,2,2,1.434108628,3.315233656,0.136962039,1.131047298,0.383648067,0.840105879,22,3,66,1,1,1,1,1,0,0.319238937,0.001517951,0.000100982,0.640466102,8,17,3,51,2,1,1,1,1,1,1.481519394,0.143704943,0.00474957,1.785169492,52,0,3,0,0,0,0,0,0,0,0,0,0,,,0,2,0,0,0,0,0,0,0,0,0,0,,,0,2,0,0,0,0,0,0,0,0,0,0,,,0,1,0,0,0,0,0,0,0,0,0,0,,,
562,ok,117,3,2,2,1.951515014,1.40461368,0.15614572,1.421148795,0.296492535,0.949739493,22,3,66,1,1,1,1,1,0,0.320337496,0.002064628,0.00013735,0.640466102,8,17,3,51,2,1,1,1,1,1,1.45456224,0.56276025,0.018599703,1.818220339,53,0,3,0,0,0,0,0,0,0,0,0,0,,,0,2,0,0,0,0,0,0,0,0,0,0,,,0,2,0,0,0,0,0,0,0,0,0,0,,,0,1,0,0,0,0,0,0,0,0,0,0,,,
595,ok,117,3,2,2,1.38570616,1.525500544,0.147969314,1.298708637,0.460122408,0.912748262,22,3,66,1,1,1,1,1,0,0.299803669,0.000840724,5.59E-05,0.840042373,11,17,3,51,2,1,1,1,1,1,1.423165717,0.417975073,0.01381443,1.553813559,45,0,3,0,0,0,0,0,0,0,0,0,0,,,0,2,0,0,0,0,0,0,0,0,0,0,,,0,2,0,0,0,0,0,0,0,0,0,0,,,0,1,0,0,0,0,0,0,0,0,0,0,,,
612,ok,117,3,2,2,1.521528597,2.352766698,0.1269424,0.816481334,0.510549747,0.774401526,22,3,66,1,1,1,1,1,0,0.349875661,0.001435747,9.55E-05,0.706991525,9,17,3,51,2,1,1,1,1,1,1.45999707,0.105219561,0.003477596,1.190254237,34,0,3,0,0,0,0,0,0,0,0,0,0,,,0,2,0,0,0,0,0,0,0,0,0,0,,,0,2,0,0,0,0,0,0,0,0,0,0,,,0,1,0,0,0,0,0,0,0,0,0,0,,,
613,ok,117,3,2,2,1.298817695,1.963952875,0.103358743,1.456799288,0.499457194,0.882900495,22,3,66,1,1,1,1,1,0,0.223067765,0.000427151,2.84E-05,0.773516949,10,17,3,51,2,1,1,1,1,1,1.442409202,0.337141992,0.011142829,1.818220339,53,0,3,0,0,0,0,0,0,0,0,0,0,,,0,2,0,0,0,0,0,0,0,0,0,0,,,0,2,0,0,0,0,0,0,0,0,0,0,,,0,1,0,0,0,0,0,0,0,0,0,0,,,
670,ok,117,3,2,2,1.75713224,3.406322146,0.525515692,0.591195893,0.295204832,0.563617675,17,3,51,2,1,1,1,1,1,1.978456398,2.314938309,0.154002252,0.174788136,1,22,3,66,1,1,1,1,1,0,1.345504911,29.37129542,0.970746204,1.553813559,45,0,3,0,0,0,0,0,0,0,0,0,0,,,0,2,0,0,0,0,0,0,0,0,0,0,,,0,2,0,0,0,0,0,0,0,0,0,0,,,0,1,0,0,0,0,0,0,0,0,0,0,,,
720,ok,117,3,2,2,1.050661741,3.006709676,0.090524437,0.999781188,0.448868495,0.893559789,22,3,66,1,1,1,1,1,0,0.244810448,0.000479371,3.19E-05,0.706991525,9,17,3,51,2,1,1,1,1,1,1.469136473,0.114647787,0.003789207,1.487711864,43,0,3,0,0,0,0,0,0,0,0,0,0,,,0,2,0,0,0,0,0,0,0,0,0,0,,,0,2,0,0,0,0,0,0,0,0,0,0,,,0,1,0,0,0,0,0,0,0,0,0,0,,,
761,ok,117,3,2,2,1.323257732,1.838460459,0.319271406,1.026077675,0.382975822,0.542414732,22,3,66,1,1,1,1,1,0,0.615142584,0.006555495,0.000436107,0.507415254,6,17,3,51,2,1,1,1,1,1,1.472126479,0.09850044,0.003255523,1.652966102,48,0,3,0,0,0,0,0,0,0,0,0,0,,,0,2,0,0,0,0,0,0,0,0,0,0,,,0,2,0,0,0,0,0,0,0,0,0,0,,,0,1,0,0,0,0,0,0,0,0,0,0,,,
795,ok,117,3,2,2,1.522199255,1.871213444,0.072574787,0.931398897,0.626524606,0.64456856,22,3,66,1,1,1,1,1,0,0.22695134,0.000357837,2.38E-05,0.640466102,8,17,3,51,2,1,1,1,1,1,1.437847749,0.100318193,0.003315601,1.28940678,37,0,3,0,0,0,0,0,0,0,0,0,0,,,0,2,0,0,0,0,0,0,0,0,0,0,,,0,2,0,0,0,0,0,0,0,0,0,0,,,0,1,0,0,0,0,0,0,0,0,0,0,,,
801,ok,117,3,2,2,1.880150257,3.728978597,0.466019632,1.953246683,0.810269449,0.639383836,17,3,51,2,1,1,1,1,1,3.026246922,0.751391072,0.049986609,0.108262712,0,22,3,66,1,1,1,1,1,0,0.74296834,0.000487688,1.61E-05,0.991949153,28,0,3,0,0,0,0,0,0,0,0,0,0,,,0,2,0,0,0,0,0,0,0,0,0,0,,,0,2,0,0,0,0,0,0,0,0,0,0,,,0,1,0,0,0,0,0,0,0,0,0,0,,,
828,ok,117,3,2,2,2.070007074,1.53496685,0.062239962,1.140130691,0.430387011,0.832435856,22,3,66,1,1,1,1,1,0,0.187508697,0.000525827,3.50E-05,0.640466102,8,17,3,51,2,1,1,1,1,1,1.433377006,0.391760474,0.012948016,1.487711864,43,0,3,0,0,0,0,0,0,0,0,0,0,,,0,2,0,0,0,0,0,0,0,0,0,0,,,0,2,0,0,0,0,0,0,0,0,0,0,,,0,1,0,0,0,0,0,0,0,0,0,0,,,
903,ok,117,3,2,2,1.316331502,3.390777569,0.893986821,1.381904778,0.462151449,0.348277357,17,3,51,2,1,1,1,1,1,4.566469072,6.372547123,0.423936398,0.108262712,0,0,3,0,0,0,0,0,0,0,0,0,0,,,22,3,66,1,1,1,1,1,0,0.840772773,0.00240681,4.08E-05,0.737288136,43,0,2,0,0,0,0,0,0,0,0,0,0,,,0,2,0,0,0,0,0,0,0,0,0,0,,,0,1,0,0,0,0,0,0,0,0,0,0,,,
908,ok,117,3,2,2,2.350601222,2.942205114,0.274960237,0.92612273,0.376110139,0.600210687,22,3,66,1,1,1,1,1,0,0.62045976,0.012923404,0.000859735,0.507415254,6,17,3,51,2,1,1,1,1,1,1.501412413,0.073848826,0.002440766,1.553813559,45,0,3,0,0,0,0,0,0,0,0,0,0,,,0,2,0,0,0,0,0,0,0,0,0,0,,,0,2,0,0,0,0,0,0,0,0,0,0,,,0,1,0,0,0,0,0,0,0,0,0,0,,,
959,ok,117,3,2,2,2.445612443,2.394111958,0.908254087,0.542426282,0.224885665,0.724966914,0,3,0,0,0,0,0,0,0,0,0,0,,,22,3,66,1,1,1,1,1,0,1.331685977,31.25487514,1.03300011,1.421610169,41,17,3,51,2,1,1,1,1,1,1.536419971,0.005119272,8.68E-05,0.754237288,44,0,2,0,0,0,0,0,0,0,0,0,0,,,0,2,0,0,0,0,0,0,0,0,0,0,,,0,1,0,0,0,0,0,0,0,0,0,0,,,
987,ok,117,3,2,2,1.577217352,1.155739002,0.108843461,1.545805926,0.517428771,0.794460261,22,3,66,1,1,1,1,1,0,0.230922154,0.000613478,4.08E-05,0.706991525,9,17,3,51,2,1,1,1,1,1,1.407977674,0.522899793,0.017282281,1.686016949,49,0,3,0,0,0,0,0,0,0,0,0,0,,,0,2,0,0,0,0,0,0,0,0,0,0,,,0,2,0,0,0,0,0,0,0,0,0,0,,,0,1,0,0,0,0,0,0,0,0,0,0,,,
1013,ok,117,3,2,2,2.419581708,2.732716637,0.2707589,1.191822895,0.87975356,0.960883534,22,3,66,1,1,1,1,1,0,0.431840439,0.000156062,1.04E-05,1.837923729,26,17,3,51,2,1,1,1,1,1,1.390942826,0.197928992,0.006541721,1.388559322,40,0,3,0,0,0,0,0,0,0,0,0,0,,,0,2,0,0,0,0,0,0,0,0,0,0,,,0,2,0,0,0,0,0,0,0,0,0,0,,,0,1,0,0,0,0,0,0,0,0,0,0,,,
1018,ok,117,3,2,2,1.446633468,2.87255922,0.145531996,1.955381624,0.781693579,0.632049518,17,3,51,2,1,1,1,1,1,3.474750836,0.035482928,0.002360517,0.108262712,0,22,3,66,1,1,1,1,1,0,0.713931567,0.000531508,1.76E-05,0.925847458,26,0,3,0,0,0,0,0,0,0,0,0,0,,,0,2,0,0,0,0,0,0,0,0,0,0,,,0,2,0,0,0,0,0,0,0,0,0,0,,,0,1,0,0,0,0,0,0,0,0,0,0,,,
1068,ok,117,3,2,2,1.82898148,3.676988401,0.630271871,1.148418766,0.215756137,0.721909633,17,3,51,2,1,1,1,1,1,3.091287856,7.374008928,0.490559069,0.108262712,0,22,3,66,1,1,1,1,1,0,1.066668309,0.001522211,5.03E-05,1.124152542,32,0,3,0,0,0,0,0,0,0,0,0,0,,,0,2,0,0,0,0,0,0,0,0,0,0,,,0,2,0,0,0,0,0,0,0,0,0,0,,,0,1,0,0,0,0,0,0,0,0,0,0,,,
1105,ok,117,3,2,2,1.680601361,0.639005185,0.700047487,0.669029188,0.429236311,0.091341318,0,3,0,0,0,0,0,0,0,0,0,0,,,22,3,66,1,1,1,1,1,0,1.322372577,23.93129052,0.790949433,1.752118644,51,17,3,51,2,1,1,1,1,1,1.360205327,0.185840331,0.003149836,0.822033898,48,0,2,0,0,0,0,0,0,0,0,0,0,,,0,2,0,0,0,0,0,0,0,0,0,0,,,0,1,0,0,0,0,0,0,0,0,0,0,,,
1116,ok,117,3,2,2,1.223357892,2.258198396,0.089483245,0.861049775,0.713812693,0.665128373,22,3,66,1,1,1,1,1,0,0.255438736,0.000260136,1.73E-05,0.706991525,9,17,3,51,2,1,1,1,1,1,1.413966162,0.071835722,0.002374232,1.223305085,35,0,3,0,0,0,0,0,0,0,0,0,0,,,0,2,0,0,0,0,0,0,0,0,0,0,,,0,2,0,0,0,0,0,0,0,0,0,0,,,0,1,0,0,0,0,0,0,0,0,0,0,,,
1134,ok,117,3,2,2,1.893037876,1.180947695,0.086733234,1.25617067,0.593982338,0.572016961,22,3,66,1,1,1,1,1,0,0.236442667,0.000575879,3.83E-05,0.573940678,7,17,3,51,2,1,1,1,1,1,1.421239243,0.228819993,0.007562695,1.586864407,46,0,3,0,0,0,0,0,0,0,0,0,0,,,0,2,0,0,0,0,0,0,0,0,0,0,,,0,2,0,0,0,0,0,0,0,0,0,0,,,0,1,0,0,0,0,0,0,0,0,0,0,,,
1146,ok,117,3,2,2,1.451620479,0.1824395,1.110424658,0.840981352,0.629884296,0.841253271,17,3,51,2,1,1,1,1,1,1.430823358,8.543749686,0.568376568,2.104025424,30,22,3,66,1,1,1,1,1,0,1.151383629,0.246597661,0.008150262,0.363983051,9,0,3,0,0,0,0,0,0,0,0,0,0,,,0,2,0,0,0,0,0,0,0,0,0,0,,,0,2,0,0,0,0,0,0,0,0,0,0,,,0,1,0,0,0,0,0,0,0,0,0,0,,,
1172,ok,117,3,2,2,1.221820674,1.551323621,0.898659814,0.582697386,0.329328139,0.184716391,0,3,0,0,0,0,0,0,0,0,0,0,,,22,3,66,1,1,1,1,1,0,1.349198172,21.58788603,0.713497928,1.520762712,44,17,3,51,2,1,1,1,1,1,1.508418028,0.002060484,3.49E-05,0.618644068,36,0,2,0,0,0,0,0,0,0,0,0,0,,,0,2,0,0,0,0,0,0,0,0,0,0,,,0,1,0,0,0,0,0,0,0,0,0,0,,,
1215,ok,117,3,2,2,1.211806594,1.564664872,0.195693419,0.924580983,0.77872716,0.966873543,22,3,66,1,1,1,1,1,0,0.391744593,0.000183431,1.22E-05,1.438771186,20,17,3,51,2,1,1,1,1,1,1.343820644,0.165327602,0.005464217,0.958898305,27,0,3,0,0,0,0,0,0,0,0,0,0,,,0,2,0,0,0,0,0,0,0,0,0,0,,,0,2,0,0,0,0,0,0,0,0,0,0,,,0,1,0,0,0,0,0,0,0,0,0,0,,,
1332,ok,117,3,2,2,1.263786589,3.173749638,0.113674391,0.784491052,0.546225506,0.978840407,22,3,66,1,1,1,1,1,0,0.310330267,0.000556215,3.70E-05,0.97309322,13,17,3,51,2,1,1,1,1,1,1.454583123,0.1018975,0.003367799,1.124152542,32,0,3,0,0,0,0,0,0,0,0,0,0,,,0,2,0,0,0,0,0,0,0,0,0,0,,,0,2,0,0,0,0,0,0,0,0,0,0,,,0,1,0,0,0,0,0,0,0,0,0,0,,,
1371,ok,117,3,2,2,1.685308146,1.652641673,0.068667093,1.424283271,0.421505932,0.822832555,22,3,66,1,1,1,1,1,0,0.196314402,0.000551902,3.67E-05,0.573940678,7,17,3,51,2,1,1,1,1,1,1.443973595,0.419331132,0.013859249,1.851271186,54,0,3,0,0,0,0,0,0,0,0,0,0,,,0,2,0,0,0,0,0,0,0,0,0,0,,,0,2,0,0,0,0,0,0,0,0,0,0,,,0,1,0,0,0,0,0,0,0,0,0,0,,,
1398,ok,117,3,2,2,1.702649187,0.258427769,0.648896868,0.60363001,0.144319435,0.151293067,0,3,0,0,0,0,0,0,0,0,0,0,,,22,3,66,1,1,1,1,1,0,1.31838565,24.74221278,0.8177511,1.586864407,46,17,3,51,2,1,1,1,1,1,1.383875378,0.19144502,0.003244831,0.906779661,53,0,2,0,0,0,0,0,0,0,0,0,0,,,0,2,0,0,0,0,0,0,0,0,0,0,,,0,1,0,0,0,0,0,0,0,0,0,0,,,
1434,ok,117,3,2,2,2.310555415,2.808591794,0.912612926,1.193197538,0.497315024,0.331234676,17,3,51,2,1,1,1,1,1,4.971090991,12.03079382,0.800353657,0.108262712,0,0,3,0,0,0,0,0,0,0,0,0,0,,,22,3,66,1,1,1,1,1,0,0.942724087,0.007606419,0.000128922,0.669491525,39,0,2,0,0,0,0,0,0,0,0,0,0,,,0,2,0,0,0,0,0,0,0,0,0,0,,,0,1,0,0,0,0,0,0,0,0,0,0,,,
1465,ok,117,3,2,2,1.841880209,3.137413751,0.088339142,1.023160189,0.327818926,0.775043862,22,3,66,1,1,1,1,1,0,0.263397909,0.001393711,9.27E-05,0.507415254,6,17,3,51,2,1,1,1,1,1,1.489954914,0.126522336,0.00418167,1.686016949,49,0,3,0,0,0,0,0,0,0,0,0,0,,,0,2,0,0,0,0,0,0,0,0,0,0,,,0,2,0,0,0,0,0,0,0,0,0,0,,,0,1,0,0,0,0,0,0,0,0,0,0,,,
1487,ok,117,3,2,2,1.597924933,1.973645606,0.108000585,1.014617461,0.424143472,0.705564561,22,3,66,1,1,1,1,1,0,0.289826191,0.001280483,8.52E-05,0.573940678,7,17,3,51,2,1,1,1,1,1,1.456279216,0.179671225,0.005938286,1.520762712,44,0,3,0,0,0,0,0,0,0,0,0,0,,,0,2,0,0,0,0,0,0,0,0,0,0,,,0,2,0,0,0,0,0,0,0,0,0,0,,,0,1,0,0,0,0,0,0,0,0,0,0,,,
1527,ok,117,3,2,2,1.495982763,2.360677383,0.364187767,1.441435794,0.878206505,0.515892895,17,3,51,2,1,1,1,1,1,2.963919014,0.10973903,0.007300435,0.108262712,0,22,3,66,1,1,1,1,1,0,0.90411206,0.000427811,1.41E-05,1.091101695,31,0,3,0,0,0,0,0,0,0,0,0,0,,,0,2,0,0,0,0,0,0,0,0,0,0,,,0,2,0,0,0,0,0,0,0,0,0,0,,,0,1,0,0,0,0,0,0,0,0,0,0,,,
1579,ok,117,3,2,2,2.036853339,3.594443237,0.232072047,0.832707803,0.860881366,0.735958181,22,3,66,1,1,1,1,1,0,0.462256328,0.000378504,2.52E-05,1.172669492,16,17,3,51,2,1,1,1,1,1,1.42229546,0.04422191,0.001461572,1.223305085,35,0,3,0,0,0,0,0,0,0,0,0,0,,,0,2,0,0,0,0,0,0,0,0,0,0,,,0,2,0,0,0,0,0,0,0,0,0,0,,,0,1,0,0,0,0,0,0,0,0,0,0,,,
1602,ok,117,3,2,2,1.90552237,2.264100305,0.147626212,1.405990196,0.437393211,0.849191348,22,3,66,1,1,1,1,1,0,0.291212821,0.001212284,8.06E-05,0.773516949,10,17,3,51,2,1,1,1,1,1,1.453920219,0.38473713,0.012715888,1.950423729,57,0,3,0,0,0,0,0,0,0,0,0,0,,,0,2,0,0,0,0,0,0,0,0,0,0,,,0,2,0,0,0,0,0,0,0,0,0,0,,,0,1,0,0,0,0,0,0,0,0,0,0,,,
1615,ok,117,3,2,2,1.17241852,2.201873242,0.087301772,1.408517632,0.66926032,0.619109579,22,3,66,1,1,1,1,1,0,0.212752976,0.000192283,1.28E-05,0.640466102,8,17,3,51,2,1,1,1,1,1,1.427132681,0.147357545,0.004870292,1.983474576,58,0,3,0,0,0,0,0,0,0,0,0,0,,,0,2,0,0,0,0,0,0,0,0,0,0,,,0,2,0,0,0,0,0,0,0,0,0,0,,,0,1,0,0,0,0,0,0,0,0,0,0,,,
1891,ok,117,3,2,2,1.601414691,3.087658016,0.05112178,1.207804095,0.378553577,0.977357603,22,3,66,1,1,1,1,1,0,0.162821254,0.000318084,2.12E-05,0.640466102,8,17,3,51,2,1,1,1,1,1,1.476569265,0.237245542,0.007841166,1.785169492,52,0,3,0,0,0,0,0,0,0,0,0,0,,,0,2,0,0,0,0,0,0,0,0,0,0,,,0,2,0,0,0,0,0,0,0,0,0,0,,,0,1,0,0,0,0,0,0,0,0,0,0,,,
1900,ok,117,3,2,2,2.141939082,1.468814643,0.095095345,1.263248135,0.516726364,0.957593177,22,3,66,1,1,1,1,1,0,0.21974334,0.00056186,3.74E-05,0.906567797,12,17,3,51,2,1,1,1,1,1,1.425118998,0.484947076,0.016027912,1.388559322,40,0,3,0,0,0,0,0,0,0,0,0,0,,,0,2,0,0,0,0,0,0,0,0,0,0,,,0,2,0,0,0,0,0,0,0,0,0,0,,,0,1,0,0,0,0,0,0,0,0,0,0,,,
1914,ok,117,3,2,2,2.220133484,3.656019565,0.176315023,1.754892026,0.774792821,0.511175314,17,3,51,2,1,1,1,1,1,3.538085281,0.075530637,0.005024708,0.108262712,0,22,3,66,1,1,1,1,1,0,0.914836079,0.000983147,3.25E-05,1.322457627,38,0,3,0,0,0,0,0,0,0,0,0,0,,,0,2,0,0,0,0,0,0,0,0,0,0,,,0,2,0,0,0,0,0,0,0,0,0,0,,,0,1,0,0,0,0,0,0,0,0,0,0,,,
1942,ok,117,3,2,2,1.909191529,2.97980114,0.231067344,1.191318522,0.359045229,0.662307437,22,3,66,1,1,1,1,1,0,0.474567257,0.006650265,0.000442412,0.507415254,6,17,3,51,2,1,1,1,1,1,1.483956739,0.142899891,0.004722963,1.983474576,58,0,3,0,0,0,0,0,0,0,0,0,0,,,0,2,0,0,0,0,0,0,0,0,0,0,,,0,2,0,0,0,0,0,0,0,0,0,0,,,0,1,0,0,0,0,0,0,0,0,0,0,,,
5,ok,117,2,2,2,1.146485086,2.067735778,0.344090467,0.508985559,0.565707699,0.141861067,17,3,51,1,1,1,0,1,0,4.286270284,0.13987998,0.009305575,0.108262712,0,22,3,66,1,1,1,1,1,0,1.336632187,16.57511343,0.547821546,1.322457627,38,0,3,0,0,0,0,0,0,0,0,0,0,,,0,2,0,0,0,0,0,0,0,0,0,0,,,0,2,0,0,0,0,0,0,0,0,0,0,,,0,1,0,0,0,0,0,0,0,0,0,0,,,
20,ok,117,2,2,2,2.384028599,2.935947551,0.768337834,2.375100096,0.816339081,0.006427488,17,3,51,1,1,1,0,1,0,3.043948312,0.047537559,0.003162456,0.108262712,0,0,3,0,0,0,0,0,0,0,0,0,0,,,22,3,66,1,1,1,1,1,0,0.589685775,0.001153666,1.96E-05,0.703389831,41,0,2,0,0,0,0,0,0,0,0,0,0,,,0,2,0,0,0,0,0,0,0,0,0,0,,,0,1,0,0,0,0,0,0,0,0,0,0,,,
26,ok,117,2,2,2,2.397437049,1.174804345,0.112586187,2.221184507,0.541546038,0.447550181,17,3,51,1,1,1,0,1,0,0.270703168,0.001001641,6.66E-05,0.440889831,5,22,3,66,1,1,1,1,1,0,0.722964983,0.003718443,0.000122898,1.025,29,0,3,0,0,0,0,0,0,0,0,0,0,,,0,2,0,0,0,0,0,0,0,0,0,0,,,0,2,0,0,0,0,0,0,0,0,0,0,,,0,1,0,0,0,0,0,0,0,0,0,0,,,
45,ok,117,2,2,2,1.42994038,1.500674085,0.103971952,0.573436615,0.208372879,0.521514676,17,3,51,1,1,1,0,1,0,0.818187183,0.018687555,0.001243198,0.174788136,1,22,3,66,1,1,1,1,1,0,1.337191712,26.34229952,0.870635323,1.487711864,43,0,3,0,0,0,0,0,0,0,0,0,0,,,0,2,0,0,0,0,0,0,0,0,0,0,,,0,2,0,0,0,0,0,0,0,0,0,0,,,0,1,0,0,0,0,0,0,0,0,0,0,,,
84,ok,117,2,2,2,2.380197438,0.692585593,0.973487657,1.449717292,0.447432204,0.212513837,17,3,51,1,1,1,0,1,0,1.566044109,0.138097572,0.009187,0.241313559,2,0,3,0,0,0,0,0,0,0,0,0,0,,,22,3,66,1,1,1,1,1,0,0.925259207,0.03348219,0.000567495,0.381355932,22,0,2,0,0,0,0,0,0,0,0,0,0,,,0,2,0,0,0,0,0,0,0,0,0,0,,,0,1,0,0,0,0,0,0,0,0,0,0,,,
94,ok,117,2,2,2,1.833346117,1.750591273,0.510347304,1.640122778,0.196566041,0.594598894,17,3,51,1,1,1,0,1,0,0.690777257,0.019160764,0.001274678,0.374364407,4,22,3,66,1,1,1,1,1,0,0.930458697,0.002400853,7.94E-05,1.223305085,35,0,3,0,0,0,0,0,0,0,0,0,0,,,0,2,0,0,0,0,0,0,0,0,0,0,,,0,2,0,0,0,0,0,0,0,0,0,0,,,0,1,0,0,0,0,0,0,0,0,0,0,,,
105,ok,117,2,2,2,1.833917003,3.459771828,0.342923929,0.508344174,0.229454187,0.403172161,17,3,51,1,1,1,0,1,0,1.312090102,0.067727369,0.004505592,0.241313559,2,22,3,66,1,1,1,1,1,0,1.360606595,22.83506483,0.754718245,1.322457627,38,0,3,0,0,0,0,0,0,0,0,0,0,,,0,2,0,0,0,0,0,0,0,0,0,0,,,0,2,0,0,0,0,0,0,0,0,0,0,,,0,1,0,0,0,0,0,0,0,0,0,0,,,
126,ok,117,2,2,2,2.14739926,1.922530937,0.05039752,0.507852629,0.313702626,0.32878454,17,3,51,1,1,1,0,1,0,0.806721138,0.005126207,0.000341023,0.174788136,1,22,3,66,1,1,1,1,1,0,1.339462882,23.50656292,0.776911825,1.322457627,38,0,3,0,0,0,0,0,0,0,0,0,0,,,0,2,0,0,0,0,0,0,0,0,0,0,,,0,2,0,0,0,0,0,0,0,0,0,0,,,0,1,0,0,0,0,0,0,0,0,0,0,,,
134,ok,117,2,2,2,2.44202037,1.746036905,0.172165135,0.563009796,0.119272938,0.340725169,17,3,51,1,1,1,0,1,0,1.281255802,0.066162162,0.004401466,0.108262712,0,22,3,66,1,1,1,1,1,0,1.36091076,31.32788551,1.035413165,1.487711864,43,0,3,0,0,0,0,0,0,0,0,0,0,,,0,2,0,0,0,0,0,0,0,0,0,0,,,0,2,0,0,0,0,0,0,0,0,0,0,,,0,1,0,0,0,0,0,0,0,0,0,0,,,
147,ok,117,2,2,2,2.302633472,1.437076306,0.316891613,0.577206427,0.376515934,0.36304451,17,3,51,1,1,1,0,1,0,1.10602509,0.04547337,0.003025135,0.307838983,3,22,3,66,1,1,1,1,1,0,1.329176072,29.7032488,0.981717545,1.520762712,44,0,3,0,0,0,0,0,0,0,0,0,0,,,0,2,0,0,0,0,0,0,0,0,0,0,,,0,2,0,0,0,0,0,0,0,0,0,0,,,0,1,0,0,0,0,0,0,0,0,0,0,,,
178,ok,117,2,2,2,1.791435233,3.783564021,0.487876968,1.087059042,0.124464646,0.590125352,17,3,51,1,1,1,0,1,0,0.937643755,0.049103325,0.003266619,0.241313559,2,22,3,66,1,1,1,1,1,0,1.261064359,0.000680714,2.25E-05,1.487711864,43,0,3,0,0,0,0,0,0,0,0,0,0,,,0,2,0,0,0,0,0,0,0,0,0,0,,,0,2,0,0,0,0,0,0,0,0,0,0,,,0,1,0,0,0,0,0,0,0,0,0,0,,,
202,ok,117,2,2,2,2.405810004,0.496655325,0.423990962,1.904135369,0.153125929,0.260421717,17,3,51,1,1,1,0,1,0,1.392384142,0.097357466,0.006476747,0.108262712,0,0,3,0,0,0,0,0,0,0,0,0,0,,,22,3,66,1,1,1,1,1,0,0.486138518,0.005419893,9.19E-05,0.822033898,48,0,2,0,0,0,0,0,0,0,0,0,0,,,0,2,0,0,0,0,0,0,0,0,0,0,,,0,1,0,0,0,0,0,0,0,0,0,0,,,
222,ok,117,2,2,2,1.274406233,1.568395409,0.054566752,2.369149395,0.285444014,0.736725438,17,3,51,1,1,1,0,1,0,0.196784668,0.000310258,2.06E-05,0.374364407,4,22,3,66,1,1,1,1,1,0,0.635040138,0.001553091,5.13E-05,0.793644068,22,0,3,0,0,0,0,0,0,0,0,0,0,,,0,2,0,0,0,0,0,0,0,0,0,0,,,0,2,0,0,0,0,0,0,0,0,0,0,,,0,1,0,0,0,0,0,0,0,0,0,0,,,
232,ok,117,2,2,2,1.394352979,0.359844514,0.193231092,1.007978797,0.815027965,0.064662511,17,3,51,1,1,1,0,1,0,3.062101989,0.003270418,0.000217566,0.108262712,0,0,3,0,0,0,0,0,0,0,0,0,0,,,22,3,66,1,1,1,1,1,0,0.276265052,0.000786537,1.33E-05,0.313559322,18,0,2,0,0,0,0,0,0,0,0,0,0,,,0,2,0,0,0,0,0,0,0,0,0,0,,,0,1,0,0,0,0,0,0,0,0,0,0,,,
241,ok,117,2,2,2,2.265002129,0.472317921,0.651627221,1.416178235,0.501752391,0.087012203,17,3,51,1,1,1,0,1,0,3.339481925,0.133220027,0.008862519,0.108262712,0,0,3,0,0,0,0,0,0,0,0,0,0,,,22,3,66,1,1,1,1,1,0,0.700340772,0.022480904,0.000381032,0.347457627,20,0,2,0,0,0,0,0,0,0,0,0,0,,,0,2,0,0,0,0,0,0,0,0,0,0,,,0,1,0,0,0,0,0,0,0,0,0,0,,,
246,ok,117,2,2,2,2.430965357,3.255714835,0.106815943,0.591947039,0.146130354,0.644075214,17,3,51,1,1,1,0,1,0,0.696701649,0.027710735,0.001843468,0.174788136,1,22,3,66,1,1,1,1,1,0,1.357035127,34.7383776,1.148132819,1.553813559,45,0,3,0,0,0,0,0,0,0,0,0,0,,,0,2,0,0,0,0,0,0,0,0,0,0,,,0,2,0,0,0,0,0,0,0,0,0,0,,,0,1,0,0,0,0,0,0,0,0,0,0,,,
249,ok,117,2,2,2,1.409905508,3.221712827,0.227364601,0.510322554,0.262902437,0.243157979,17,3,51,1,1,1,0,1,0,2.462259887,0.142510674,0.009480583,0.108262712,0,22,3,66,1,1,1,1,1,0,1.365956043,19.62733327,0.648699998,1.322457627,38,0,3,0,0,0,0,0,0,0,0,0,0,,,0,2,0,0,0,0,0,0,0,0,0,0,,,0,2,0,0,0,0,0,0,0,0,0,0,,,0,1,0,0,0,0,0,0,0,0,0,0,,,
254,ok,117,2,2,2,1.124484396,1.260605541,0.233193142,0.679370513,0.152441217,0.398416986,17,3,51,1,1,1,0,1,0,1.711647165,0.108765603,0.007235678,0.108262712,0,22,3,66,1,1,1,1,1,0,1.352870358,28.8294389,0.952837388,1.785169492,52,0,3,0,0,0,0,0,0,0,0,0,0,,,0,2,0,0,0,0,0,0,0,0,0,0,,,0,2,0,0,0,0,0,0,0,0,0,0,,,0,1,0,0,0,0,0,0,0,0,0,0,,,
255,ok,117,2,2,2,1.547998335,1.560006208,0.186771099,0.580137102,0.525569975,0.486599679,17,3,51,1,1,1,0,1,0,0.674774331,0.007589667,0.000504906,0.440889831,5,22,3,66,1,1,1,1,1,0,1.321897091,27.06861805,0.894640766,1.520762712,44,0,3,0,0,0,0,0,0,0,0,0,0,,,0,2,0,0,0,0,0,0,0,0,0,0,,,0,2,0,0,0,0,0,0,0,0,0,0,,,0,1,0,0,0,0,0,0,0,0,0,0,,,
259,ok,117,2,2,2,1.38200552,0.602085552,0.293967252,1.564553102,0.501184331,0.195820437,17,3,51,1,1,1,0,1,0,1.263368838,0.016337258,0.001086843,0.174788136,1,0,3,0,0,0,0,0,0,0,0,0,0,,,22,3,66,1,1,1,1,1,0,0.36087144,0.002867817,4.86E-05,0.56779661,33,0,2,0,0,0,0,0,0,0,0,0,0,,,0,2,0,0,0,0,0,0,0,0,0,0,,,0,1,0,0,0,0,0,0,0,0,0,0,,,
262,ok,117,2,2,2,1.805794142,0.819219812,0.136031508,0.999151744,0.598055735,0.107358255,17,3,51,1,1,1,0,1,0,3.156536746,0.011007533,0.000732281,0.108262712,0,0,3,0,0,0,0,0,0,0,0,0,0,,,22,3,66,1,1,1,1,1,0,0.260130513,0.000945967,1.60E-05,0.754237288,44,0,2,0,0,0,0,0,0,0,0,0,0,,,0,2,0,0,0,0,0,0,0,0,0,0,,,0,1,0,0,0,0,0,0,0,0,0,0,,,
284,ok,117,2,2,2,2.109818875,2.909144918,0.160901498,1.372003547,0.250815977,0.675009773,17,3,51,1,1,1,0,1,0,0.377337125,0.00519952,0.0003459,0.374364407,4,22,3,66,1,1,1,1,1,0,0.975925272,0.00219353,7.25E-05,1.124152542,32,0,3,0,0,0,0,0,0,0,0,0,0,,,0,2,0,0,0,0,0,0,0,0,0,0,,,0,2,0,0,0,0,0,0,0,0,0,0,,,0,1,0,0,0,0,0,0,0,0,0,0,,,
293,ok,117,2,2,2,1.446376786,0.235482311,0.118347788,0.974477864,0.55423329,0.156637441,17,3,51,1,1,1,0,1,0,3.014914491,0.014333308,0.000953529,0.108262712,0,0,3,0,0,0,0,0,0,0,0,0,0,,,22,3,66,1,1,1,1,1,0,0.196563283,0.001257104,2.13E-05,0.279661017,16,0,2,0,0,0,0,0,0,0,0,0,0,,,0,2,0,0,0,0,0,0,0,0,0,0,,,0,1,0,0,0,0,0,0,0,0,0,0,,,
306,ok,117,2,2,2,1.408780243,1.002960358,0.091380796,1.956501807,0.505557092,0.522469073,17,3,51,1,1,1,0,1,0,0.253308477,0.000544526,3.62E-05,0.440889831,5,22,3,66,1,1,1,1,1,0,0.628563708,0.002290491,7.57E-05,0.727542373,20,0,3,0,0,0,0,0,0,0,0,0,0,,,0,2,0,0,0,0,0,0,0,0,0,0,,,0,2,0,0,0,0,0,0,0,0,0,0,,,0,1,0,0,0,0,0,0,0,0,0,0,,,
308,ok,117,2,2,2,2.207886941,1.387653522,1.189571052,2.2289424,0.384571217,0.143407757,17,3,51,1,1,1,0,1,0,3.457785827,0.709189012,0.0471791,0.108262712,0,0,3,0,0,0,0,0,0,0,0,0,0,,,22,3,66,1,1,1,1,1,0,0.777761929,0.011715656,0.00019857,0.483050847,28,0,2,0,0,0,0,0,0,0,0,0,0,,,0,2,0,0,0,0,0,0,0,0,0,0,,,0,1,0,0,0,0,0,0,0,0,0,0,,,
314,ok,117,2,2,2,1.568370766,2.101608887,0.141900791,1.560751752,0.439303914,0.505318989,17,3,51,1,1,1,0,1,0,0.376459412,0.002757236,0.000183426,0.374364407,4,22,3,66,1,1,1,1,1,0,0.978403076,0.002813543,9.30E-05,1.256355932,36,0,3,0,0,0,0,0,0,0,0,0,0,,,0,2,0,0,0,0,0,0,0,0,0,0,,,0,2,0,0,0,0,0,0,0,0,0,0,,,0,1,0,0,0,0,0,0,0,0,0,0,,,
326,ok,117,2,2,2,1.566959554,2.194318592,0.646651233,2.029797172,0.468874837,0.167108899,17,3,51,1,1,1,0,1,0,1.441496992,0.046531538,0.00309553,0.174788136,1,0,3,0,0,0,0,0,0,0,0,0,0,,,22,3,66,1,1,1,1,1,0,0.598434086,0.002334815,3.96E-05,0.822033898,48,0,2,0,0,0,0,0,0,0,0,0,0,,,0,2,0,0,0,0,0,0,0,0,0,0,,,0,1,0,0,0,0,0,0,0,0,0,0,,,
331,ok,117,2,2,2,1.903340913,1.151626196,0.374187378,1.567149123,0.449722814,0.200956504,17,3,51,1,1,1,0,1,0,1.292611177,0.038796448,0.00258095,0.174788136,1,0,3,0,0,0,0,0,0,0,0,0,0,,,22,3,66,1,1,1,1,1,0,0.475868736,0.003464947,5.87E-05,0.805084746,47,0,2,0,0,0,0,0,0,0,0,0,0,,,0,2,0,0,0,0,0,0,0,0,0,0,,,0,1,0,0,0,0,0,0,0,0,0,0,,,
347,ok,117,2,2,2,1.47462811,3.033217288,0.251783093,2.153072638,0.148177137,0.947861204,17,3,51,1,1,1,0,1,0,0.413527196,0.00472138,0.000314092,0.374364407,4,22,3,66,1,1,1,1,1,0,0.701992842,0.000502136,1.66E-05,0.859745763,24,0,3,0,0,0,0,0,0,0,0,0,0,,,0,2,0,0,0,0,0,0,0,0,0,0,,,0,2,0,0,0,0,0,0,0,0,0,0,,,0,1,0,0,0,0,0,0,0,0,0,0,,,
380,ok,117,2,2,2,2.18507435,1.928221245,0.234002186,1.984033134,0.266471078,0.60514683,17,3,51,1,1,1,0,1,0,0.406574799,0.006649606,0.000442368,0.374364407,4,22,3,66,1,1,1,1,1,0,0.809602886,0.002404916,7.95E-05,1.124152542,32,0,3,0,0,0,0,0,0,0,0,0,0,,,0,2,0,0,0,0,0,0,0,0,0,0,,,0,2,0,0,0,0,0,0,0,0,0,0,,,0,1,0,0,0,0,0,0,0,0,0,0,,,
431,ok,117,2,2,2,2.013303072,2.531159183,0.098072837,0.557623013,0.579216503,0.467424004,17,3,51,1,1,1,0,1,0,0.451054945,0.002733261,0.000181831,0.440889831,5,22,3,66,1,1,1,1,1,0,1.325286125,25.79643716,0.852594109,1.454661017,42,0,3,0,0,0,0,0,0,0,0,0,0,,,0,2,0,0,0,0,0,0,0,0,0,0,,,0,2,0,0,0,0,0,0,0,0,0,0,,,0,1,0,0,0,0,0,0,0,0,0,0,,,
444,ok,117,2,2,2,2.487263869,0.744968225,0.101376805,0.56021338,0.102118267,0.403723517,17,3,51,1,1,1,0,1,0,0.960210584,0.025953063,0.001726539,0.108262712,0,22,3,66,1,1,1,1,1,0,1.344313989,31.12032135,1.028552994,1.454661017,42,0,3,0,0,0,0,0,0,0,0,0,0,,,0,2,0,0,0,0,0,0,0,0,0,0,,,0,2,0,0,0,0,0,0,0,0,0,0,,,0,1,0,0,0,0,0,0,0,0,0,0,,,
445,ok,117,2,2,2,1.248578523,1.292362832,0.059910775,1.663587061,0.117817941,0.881958317,17,3,51,1,1,1,0,1,0,0.372146342,0.002110088,0.000140374,0.174788136,1,22,3,66,1,1,1,1,1,0,0.753081844,0.001480901,4.89E-05,0.793644068,22,0,3,0,0,0,0,0,0,0,0,0,0,,,0,2,0,0,0,0,0,0,0,0,0,0,,,0,2,0,0,0,0,0,0,0,0,0,0,,,0,1,0,0,0,0,0,0,0,0,0,0,,,
482,ok,117,2,2,2,1.332636759,0.8234878,0.421199244,1.332826812,0.880552562,0.028080558,17,3,51,1,1,1,0,1,0,2.660610659,0.005953708,0.000396073,0.108262712,0,0,3,0,0,0,0,0,0,0,0,0,0,,,22,3,66,1,1,1,1,1,0,0.46803567,0.000711744,1.21E-05,0.5,29,0,2,0,0,0,0,0,0,0,0,0,0,,,0,2,0,0,0,0,0,0,0,0,0,0,,,0,1,0,0,0,0,0,0,0,0,0,0,,,
497,ok,117,2,2,2,1.989182969,0.476594449,0.751108555,0.570304733,0.733056312,0.149051552,17,3,51,1,1,1,0,1,0,3.947940222,1.112956694,0.074039916,0.108262712,0,22,3,66,1,1,1,1,1,0,1.260834522,18.11288981,0.598646358,1.487711864,43,0,3,0,0,0,0,0,0,0,0,0,0,,,0,2,0,0,0,0,0,0,0,0,0,0,,,0,2,0,0,0,0,0,0,0,0,0,0,,,0,1,0,0,0,0,0,0,0,0,0,0,,,
505,ok,117,2,2,2,1.884953618,3.536651823,0.110357325,0.605962062,0.705753411,0.39479972,17,3,51,1,1,1,0,1,0,0.464958611,0.00163931,0.000109056,0.440889831,5,22,3,66,1,1,1,1,1,0,1.337886595,26.03856755,0.860596724,1.586864407,46,0,3,0,0,0,0,0,0,0,0,0,0,,,0,2,0,0,0,0,0,0,0,0,0,0,,,0,2,0,0,0,0,0,0,0,0,0,0,,,0,1,0,0,0,0,0,0,0,0,0,0,,,
534,ok,117,2,2,2,2.048569179,1.081379287,0.777656941,2.475600765,0.521583146,0.179634017,17,3,51,1,1,1,0,1,0,1.602357434,0.09677216,0.006437809,0.174788136,1,0,3,0,0,0,0,0,0,0,0,0,0,,,22,3,66,1,1,1,1,1,0,0.573198335,0.007704112,0.000130578,0.516949153,30,0,2,0,0,0,0,0,0,0,0,0,0,,,0,2,0,0,0,0,0,0,0,0,0,0,,,0,1,0,0,0,0,0,0,0,0,0,0,,,
538,ok,117,2,2,2,1.35152951,2.711782704,0.662398326,0.951711682,0.560438131,0.1435528,17,3,51,1,1,1,0,1,0,2.078347342,0.063956028,0.004254702,0.174788136,1,0,3,0,0,0,0,0,0,0,0,0,0,,,22,3,66,1,1,1,1,1,0,0.881175334,0.003490381,5.92E-05,0.805084746,47,0,2,0,0,0,0,0,0,0,0,0,0,,,0,2,0,0,0,0,0,0,0,0,0,0,,,0,1,0,0,0,0,0,0,0,0,0,0,,,
555,ok,117,2,2,2,1.939776328,0.179185345,0.053811936,0.689367981,0.433786576,0.069181877,0,3,0,0,0,0,0,0,0,0,0,0,,,17,3,51,1,1,1,0,1,0,1.241537733,18.03037289,0.595919104,1.818220339,53,22,3,66,1,1,1,1,1,0,0.128688849,0.000617178,1.05E-05,0.262711864,15,0,2,0,0,0,0,0,0,0,0,0,0,,,0,2,0,0,0,0,0,0,0,0,0,0,,,0,1,0,0,0,0,0,0,0,0,0,0,,,
571,ok,117,2,2,2,2.206685696,3.959165077,0.063662985,1.362046859,0.179271584,0.923992918,17,3,51,1,1,1,0,1,0,0.251561912,0.00191062,0.000127105,0.307838983,3,22,3,66,1,1,1,1,1,0,0.864207733,0.001024414,3.39E-05,0.89279661,25,0,3,0,0,0,0,0,0,0,0,0,0,,,0,2,0,0,0,0,0,0,0,0,0,0,,,0,2,0,0,0,0,0,0,0,0,0,0,,,0,1,0,0,0,0,0,0,0,0,0,0,,,
578,ok,117,2,2,2,1.916327826,1.087966207,0.677764307,1.871336298,0.648385834,0.105340771,17,3,51,1,1,1,0,1,0,3.908855364,0.136123417,0.009055668,0.108262712,0,0,3,0,0,0,0,0,0,0,0,0,0,,,22,3,66,1,1,1,1,1,0,0.596801768,0.006486254,0.000109937,0.516949153,30,0,2,0,0,0,0,0,0,0,0,0,0,,,0,2,0,0,0,0,0,0,0,0,0,0,,,0,1,0,0,0,0,0,0,0,0,0,0,,,
579,ok,117,2,2,2,2.258653362,3.80235838,0.876666271,1.865455033,0.29863415,0.26170825,17,3,51,1,1,1,0,1,0,1.11342425,0.074383291,0.00494838,0.241313559,2,0,3,0,0,0,0,0,0,0,0,0,0,,,22,3,66,1,1,1,1,1,0,0.730976122,0.001773255,3.01E-05,0.855932203,50,0,2,0,0,0,0,0,0,0,0,0,0,,,0,2,0,0,0,0,0,0,0,0,0,0,,,0,1,0,0,0,0,0,0,0,0,0,0,,,
585,ok,117,2,2,2,2.398811642,0.138257199,0.057815618,0.75284081,0.415211863,0.11070261,0,3,0,0,0,0,0,0,0,0,0,0,,,17,3,51,1,1,1,0,1,0,1.261987091,23.34417361,0.771544721,1.983474576,58,22,3,66,1,1,1,1,1,0,0.128816689,0.000794799,1.35E-05,0.211864407,12,0,2,0,0,0,0,0,0,0,0,0,0,,,0,2,0,0,0,0,0,0,0,0,0,0,,,0,1,0,0,0,0,0,0,0,0,0,0,,,
588,ok,117,2,2,2,1.065062273,1.276675582,0.065617175,1.763471034,0.226035167,0.929954737,17,3,51,1,1,1,0,1,0,0.215063197,0.000576852,3.84E-05,0.374364407,4,22,3,66,1,1,1,1,1,0,0.619087331,0.001861262,6.15E-05,0.562288136,15,0,3,0,0,0,0,0,0,0,0,0,0,,,0,2,0,0,0,0,0,0,0,0,0,0,,,0,2,0,0,0,0,0,0,0,0,0,0,,,0,1,0,0,0,0,0,0,0,0,0,0,,,
627,ok,117,2,2,2,2.287200389,3.642506856,0.125201281,0.644856854,0.360435958,0.45084213,17,3,51,1,1,1,0,1,0,0.567807403,0.0096817,0.000644079,0.307838983,3,22,3,66,1,1,1,1,1,0,1.352941291,35.08945681,1.159736284,1.686016949,49,0,3,0,0,0,0,0,0,0,0,0,0,,,0,2,0,0,0,0,0,0,0,0,0,0,,,0,2,0,0,0,0,0,0,0,0,0,0,,,0,1,0,0,0,0,0,0,0,0,0,0,,,
656,ok,117,2,2,2,1.132170834,0.592712859,0.159006412,0.965448031,0.520360441,0.130861739,17,3,51,1,1,1,0,1,0,2.922052664,0.013156519,0.000875243,0.108262712,0,0,3,0,0,0,0,0,0,0,0,0,0,,,22,3,66,1,1,1,1,1,0,0.291237709,0.001170229,1.98E-05,0.63559322,37,0,2,0,0,0,0,0,0,0,0,0,0,,,0,2,0,0,0,0,0,0,0,0,0,0,,,0,1,0,0,0,0,0,0,0,0,0,0,,,
658,ok,117,2,2,2,1.500354221,2.503476064,0.24210998,2.476673549,0.219958237,0.733567794,17,3,51,1,1,1,0,1,0,0.384039296,0.004406634,0.000293153,0.374364407,4,22,3,66,1,1,1,1,1,0,0.705437286,0.000838269,2.77E-05,1.025,29,0,3,0,0,0,0,0,0,0,0,0,0,,,0,2,0,0,0,0,0,0,0,0,0,0,,,0,2,0,0,0,0,0,0,0,0,0,0,,,0,1,0,0,0,0,0,0,0,0,0,0,,,
673,ok,117,2,2,2,1.193456308,1.776084676,0.122543514,0.553680436,0.73487156,0.162320493,17,3,51,1,1,1,0,1,0,1.559095974,0.002904662,0.000193234,0.174788136,1,22,3,66,1,1,1,1,1,0,1.323312994,18.43992036,0.609454995,1.454661017,42,0,3,0,0,0,0,0,0,0,0,0,0,,,0,2,0,0,0,0,0,0,0,0,0,0,,,0,2,0,0,0,0,0,0,0,0,0,0,,,0,1,0,0,0,0,0,0,0,0,0,0,,,
686,ok,117,2,2,2,1.738534524,0.608689255,0.052822462,0.597077276,0.240147915,0.191201038,17,3,51,1,1,1,0,1,0,1.506104964,0.004406785,0.000293163,0.108262712,0,22,3,66,1,1,1,1,1,0,1.329556486,25.42599775,0.840350773,1.553813559,45,0,3,0,0,0,0,0,0,0,0,0,0,,,0,2,0,0,0,0,0,0,0,0,0,0,,,0,2,0,0,0,0,0,0,0,0,0,0,,,0,1,0,0,0,0,0,0,0,0,0,0,,,
694,ok,117,2,2,2,2.113483373,0.170556823,0.094746615,1.246387333,0.528640819,0.09242327,17,3,51,1,1,1,0,1,0,2.761807991,0.003953217,0.000262989,0.108262712,0,0,3,0,0,0,0,0,0,0,0,0,0,,,22,3,66,1,1,1,1,1,0,0.130355231,0.000987847,1.67E-05,0.211864407,12,0,2,0,0,0,0,0,0,0,0,0,0,,,0,2,0,0,0,0,0,0,0,0,0,0,,,0,1,0,0,0,0,0,0,0,0,0,0,,,
715,ok,117,2,2,2,1.987862094,1.558111692,0.381398708,0.527557739,0.275367399,0.388895998,17,3,51,1,1,1,0,1,0,1.520029094,0.114503693,0.007617407,0.241313559,2,22,3,66,1,1,1,1,1,0,1.332764839,25.52209902,0.843527002,1.388559322,40,0,3,0,0,0,0,0,0,0,0,0,0,,,0,2,0,0,0,0,0,0,0,0,0,0,,,0,2,0,0,0,0,0,0,0,0,0,0,,,0,1,0,0,0,0,0,0,0,0,0,0,,,
718,ok,117,2,2,2,2.221333235,0.653850723,0.093526794,1.889732977,0.256693007,0.328249092,17,3,51,1,1,1,0,1,0,0.630944957,0.003673228,0.000244363,0.174788136,1,22,3,66,1,1,1,1,1,0,1.068992079,0.007809728,0.000258118,1.652966102,48,0,3,0,0,0,0,0,0,0,0,0,0,,,0,2,0,0,0,0,0,0,0,0,0,0,,,0,2,0,0,0,0,0,0,0,0,0,0,,,0,1,0,0,0,0,0,0,0,0,0,0,,,
726,ok,117,2,2,2,2.200721669,0.211900535,0.890435831,0.638165087,0.87877268,0.071977971,17,3,51,1,1,1,0,1,0,3.409316,0.120244159,0.007999294,0.108262712,0,22,3,66,1,1,1,1,1,0,1.196157214,13.30130876,0.439619527,1.686016949,49,0,3,0,0,0,0,0,0,0,0,0,0,,,0,2,0,0,0,0,0,0,0,0,0,0,,,0,2,0,0,0,0,0,0,0,0,0,0,,,0,1,0,0,0,0,0,0,0,0,0,0,,,
745,ok,117,2,2,2,2.277359938,0.544014977,0.309519188,0.937917822,0.857919816,0.08586926,17,3,51,1,1,1,0,1,0,2.815948997,0.007320023,0.000486968,0.108262712,0,0,3,0,0,0,0,0,0,0,0,0,0,,,22,3,66,1,1,1,1,1,0,0.464129284,0.002259399,3.83E-05,0.381355932,22,0,2,0,0,0,0,0,0,0,0,0,0,,,0,2,0,0,0,0,0,0,0,0,0,0,,,0,1,0,0,0,0,0,0,0,0,0,0,,,
753,ok,117,2,2,2,1.817629435,1.636640281,0.24127941,1.275313438,0.294747054,0.574985929,17,3,51,1,1,1,0,1,0,0.511460157,0.009700935,0.000645359,0.374364407,4,22,3,66,1,1,1,1,1,0,1.013357682,0.00431089,0.000142479,1.058050847,30,0,3,0,0,0,0,0,0,0,0,0,0,,,0,2,0,0,0,0,0,0,0,0,0,0,,,0,2,0,0,0,0,0,0,0,0,0,0,,,0,1,0,0,0,0,0,0,0,0,0,0,,,
770,ok,117,2,2,2,1.755508307,0.452940811,0.100161042,0.58321707,0.19625762,0.344247031,17,3,51,1,1,1,0,1,0,1.534567356,0.040249206,0.002677596,0.108262712,0,22,3,66,1,1,1,1,1,0,1.319439683,28.52454197,0.942760286,1.520762712,44,0,3,0,0,0,0,0,0,0,0,0,0,,,0,2,0,0,0,0,0,0,0,0,0,0,,,0,2,0,0,0,0,0,0,0,0,0,0,,,0,1,0,0,0,0,0,0,0,0,0,0,,,
778,ok,117,2,2,2,1.837744297,1.72278909,0.187814064,2.249508024,0.103029842,0.973942893,17,3,51,1,1,1,0,1,0,0.398735651,0.007121952,0.000473791,0.241313559,2,22,3,66,1,1,1,1,1,0,0.670755663,0.000847076,2.80E-05,0.793644068,22,0,3,0,0,0,0,0,0,0,0,0,0,,,0,2,0,0,0,0,0,0,0,0,0,0,,,0,2,0,0,0,0,0,0,0,0,0,0,,,0,1,0,0,0,0,0,0,0,0,0,0,,,
783,ok,117,2,2,2,1.168109806,3.264808732,0.086994561,0.507067351,0.266836402,0.22168926,17,3,51,1,1,1,0,1,0,1.823219403,0.014217328,0.000945814,0.108262712,0,22,3,66,1,1,1,1,1,0,1.365207771,17.98290134,0.594350129,1.322457627,38,0,3,0,0,0,0,0,0,0,0,0,0,,,0,2,0,0,0,0,0,0,0,0,0,0,,,0,2,0,0,0,0,0,0,0,0,0,0,,,0,1,0,0,0,0,0,0,0,0,0,0,,,
827,ok,117,2,2,2,1.722467179,3.024460452,0.051071231,0.686541385,0.241490214,0.408061799,17,3,51,1,1,1,0,1,0,0.639481085,0.003431003,0.000228249,0.174788136,1,22,3,66,1,1,1,1,1,0,1.36271543,34.2525323,1.13207522,1.785169492,52,0,3,0,0,0,0,0,0,0,0,0,0,,,0,2,0,0,0,0,0,0,0,0,0,0,,,0,2,0,0,0,0,0,0,0,0,0,0,,,0,1,0,0,0,0,0,0,0,0,0,0,,,
855,ok,117,2,2,2,1.664000474,0.18120501,0.138988487,0.728962476,0.302980208,0.052712014,0,3,0,0,0,0,0,0,0,0,0,0,,,17,3,51,1,1,1,0,1,0,1.272144392,19.77904447,0.653714182,1.917372881,56,22,3,66,1,1,1,1,1,0,0.312905347,0.003706948,6.28E-05,0.330508475,19,0,2,0,0,0,0,0,0,0,0,0,0,,,0,2,0,0,0,0,0,0,0,0,0,0,,,0,1,0,0,0,0,0,0,0,0,0,0,,,
867,ok,117,2,2,2,1.100306101,0.971526085,0.146984067,1.724034757,0.21686218,0.379900701,17,3,51,1,1,1,0,1,0,0.638236039,0.004911594,0.000326746,0.174788136,1,22,3,66,1,1,1,1,1,0,1.112897634,0.003266029,0.000107945,1.719067797,50,0,3,0,0,0,0,0,0,0,0,0,0,,,0,2,0,0,0,0,0,0,0,0,0,0,,,0,2,0,0,0,0,0,0,0,0,0,0,,,0,1,0,0,0,0,0,0,0,0,0,0,,,
880,ok,117,2,2,2,2.348594606,1.758204486,0.21189511,1.550176787,0.380997998,0.528587051,17,3,51,1,1,1,0,1,0,0.403345339,0.005338822,0.000355167,0.440889831,5,22,3,66,1,1,1,1,1,0,0.93490098,0.004438837,0.000146707,1.124152542,32,0,3,0,0,0,0,0,0,0,0,0,0,,,0,2,0,0,0,0,0,0,0,0,0,0,,,0,2,0,0,0,0,0,0,0,0,0,0,,,0,1,0,0,0,0,0,0,0,0,0,0,,,
897,ok,117,2,2,2,2.454399544,3.42982508,1.042392892,2.117952922,0.851397987,0.083325454,17,3,51,1,1,1,0,1,0,2.754520124,0.020785225,0.001382746,0.108262712,0,0,3,0,0,0,0,0,0,0,0,0,0,,,22,3,66,1,1,1,1,1,0,0.718384362,0.001266536,2.15E-05,0.601694915,35,0,2,0,0,0,0,0,0,0,0,0,0,,,0,2,0,0,0,0,0,0,0,0,0,0,,,0,1,0,0,0,0,0,0,0,0,0,0,,,
948,ok,117,2,2,2,2.006976075,1.123951816,0.871529132,2.289811432,0.673788075,0.111637251,17,3,51,1,1,1,0,1,0,4.166127538,0.212545016,0.014139647,0.108262712,0,0,3,0,0,0,0,0,0,0,0,0,0,,,22,3,66,1,1,1,1,1,0,0.618658296,0.007173117,0.000121578,0.449152542,26,0,2,0,0,0,0,0,0,0,0,0,0,,,0,2,0,0,0,0,0,0,0,0,0,0,,,0,1,0,0,0,0,0,0,0,0,0,0,,,
951,ok,117,2,2,2,1.727450763,0.385294033,0.158032821,1.493453406,0.48663352,0.100220028,17,3,51,1,1,1,0,1,0,2.650147462,0.008261527,0.000549602,0.108262712,0,0,3,0,0,0,0,0,0,0,0,0,0,,,22,3,66,1,1,1,1,1,0,0.206503743,0.001518761,2.57E-05,0.449152542,26,0,2,0,0,0,0,0,0,0,0,0,0,,,0,2,0,0,0,0,0,0,0,0,0,0,,,0,1,0,0,0,0,0,0,0,0,0,0,,,
988,ok,117,2,2,2,2.468822356,0.596236836,0.149281349,0.92654319,0.314741749,0.277495516,17,3,51,1,1,1,0,1,0,0.92406791,0.019385481,0.001289627,0.174788136,1,0,3,0,0,0,0,0,0,0,0,0,0,,,22,3,66,1,1,1,1,1,0,0.32182882,0.00236919,4.02E-05,0.855932203,50,0,2,0,0,0,0,0,0,0,0,0,0,,,0,2,0,0,0,0,0,0,0,0,0,0,,,0,1,0,0,0,0,0,0,0,0,0,0,,,
990,ok,117,2,2,2,2.00033343,0.752618424,1.078832253,2.358698192,0.737966395,0.066654001,17,3,51,1,1,1,0,1,0,3.510347621,0.063268442,0.00420896,0.108262712,0,0,3,0,0,0,0,0,0,0,0,0,0,,,22,3,66,1,1,1,1,1,0,0.67184472,0.010661347,0.000180701,0.313559322,18,0,2,0,0,0,0,0,0,0,0,0,0,,,0,2,0,0,0,0,0,0,0,0,0,0,,,0,1,0,0,0,0,0,0,0,0,0,0,,,
1014,ok,117,2,2,2,1.30895863,0.542944859,0.39129067,0.827194544,0.864443643,0.049909139,17,3,51,1,1,1,0,1,0,2.771144601,0.008783252,0.00058431,0.108262712,0,0,3,0,0,0,0,0,0,0,0,0,0,,,22,3,66,1,1,1,1,1,0,0.6075923,0.001667858,2.83E-05,0.381355932,22,0,2,0,0,0,0,0,0,0,0,0,0,,,0,2,0,0,0,0,0,0,0,0,0,0,,,0,1,0,0,0,0,0,0,0,0,0,0,,,
1015,ok,117,2,2,2,1.815849636,0.970365878,0.170057179,0.779768199,0.701404889,0.223452356,17,3,51,1,1,1,0,1,0,0.961922888,0.005881035,0.000391238,0.241313559,2,0,3,0,0,0,0,0,0,0,0,0,0,,,22,3,66,1,1,1,1,1,0,0.362471937,0.00122369,2.07E-05,0.754237288,44,0,2,0,0,0,0,0,0,0,0,0,0,,,0,2,0,0,0,0,0,0,0,0,0,0,,,0,1,0,0,0,0,0,0,0,0,0,0,,,
1017,ok,117,2,2,2,1.278211032,1.618503783,0.181452716,0.669980921,0.761314031,0.032943464,17,3,51,1,1,1,0,1,0,3.400791895,0.007141538,0.000475094,0.108262712,0,22,3,66,1,1,1,1,1,0,1.344369171,21.18952344,0.700331707,1.752118644,51,0,3,0,0,0,0,0,0,0,0,0,0,,,0,2,0,0,0,0,0,0,0,0,0,0,,,0,2,0,0,0,0,0,0,0,0,0,0,,,0,1,0,0,0,0,0,0,0,0,0,0,,,
1030,ok,117,2,2,2,1.948579308,0.379116063,0.188676704,2.442175798,0.70510847,0.128372758,17,3,51,1,1,1,0,1,0,3.475045533,0.011094676,0.000738078,0.108262712,0,0,3,0,0,0,0,0,0,0,0,0,0,,,22,3,66,1,1,1,1,1,0,0.158664518,0.000880138,1.49E-05,0.347457627,20,0,2,0,0,0,0,0,0,0,0,0,0,,,0,2,0,0,0,0,0,0,0,0,0,0,,,0,1,0,0,0,0,0,0,0,0,0,0,,,
1031,ok,117,2,2,2,1.379360274,2.679922122,0.38854438,0.599626315,0.220358308,0.346393157,17,3,51,1,1,1,0,1,0,1.608462166,0.113108264,0.007524575,0.174788136,1,22,3,66,1,1,1,1,1,0,1.363616713,25.07781455,0.828843023,1.553813559,45,0,3,0,0,0,0,0,0,0,0,0,0,,,0,2,0,0,0,0,0,0,0,0,0,0,,,0,2,0,0,0,0,0,0,0,0,0,0,,,0,1,0,0,0,0,0,0,0,0,0,0,,,
1035,ok,117,2,2,2,1.096671998,1.627317005,0.058465083,0.565557099,0.318887944,0.252224808,17,3,51,1,1,1,0,1,0,1.97430706,0.008569327,0.000570078,0.108262712,0,22,3,66,1,1,1,1,1,0,1.343457212,20.84178798,0.688838755,1.487711864,43,0,3,0,0,0,0,0,0,0,0,0,0,,,0,2,0,0,0,0,0,0,0,0,0,0,,,0,2,0,0,0,0,0,0,0,0,0,0,,,0,1,0,0,0,0,0,0,0,0,0,0,,,
1047,ok,117,2,2,2,2.272292264,0.646989639,0.809176422,1.92915728,0.484130351,0.148300729,17,3,51,1,1,1,0,1,0,1.622285712,0.088422142,0.00588232,0.174788136,1,0,3,0,0,0,0,0,0,0,0,0,0,,,22,3,66,1,1,1,1,1,0,0.669922197,0.019328665,0.000327604,0.398305085,23,0,2,0,0,0,0,0,0,0,0,0,0,,,0,2,0,0,0,0,0,0,0,0,0,0,,,0,1,0,0,0,0,0,0,0,0,0,0,,,
1071,ok,117,2,2,2,2.357606967,0.880769215,0.292093233,2.307544168,0.188795961,0.560320136,17,3,51,1,1,1,0,1,0,0.537981865,0.019617639,0.001305072,0.241313559,2,22,3,66,1,1,1,1,1,0,0.735376723,0.003803316,0.000125703,1.058050847,30,0,3,0,0,0,0,0,0,0,0,0,0,,,0,2,0,0,0,0,0,0,0,0,0,0,,,0,2,0,0,0,0,0,0,0,0,0,0,,,0,1,0,0,0,0,0,0,0,0,0,0,,,
1070,ok,117,2,2,2,2.426353371,0.315803105,0.118084161,0.752050108,0.166457522,0.085457728,0,3,0,0,0,0,0,0,0,0,0,0,,,17,3,51,1,1,1,0,1,0,1.344473448,34.03854238,1.125002672,1.983474576,58,22,3,66,1,1,1,1,1,0,0.308644825,0.002276095,3.86E-05,0.889830508,52,0,2,0,0,0,0,0,0,0,0,0,0,,,0,2,0,0,0,0,0,0,0,0,0,0,,,0,1,0,0,0,0,0,0,0,0,0,0,,,
1108,ok,117,2,2,2,1.672197501,0.191008572,0.258227437,1.235998206,0.648923795,0.114692789,17,3,51,1,1,1,0,1,0,3.522698758,0.03035397,0.002019311,0.108262712,0,0,3,0,0,0,0,0,0,0,0,0,0,,,22,3,66,1,1,1,1,1,0,0.325092613,0.004234885,7.18E-05,0.194915254,11,0,2,0,0,0,0,0,0,0,0,0,0,,,0,2,0,0,0,0,0,0,0,0,0,0,,,0,1,0,0,0,0,0,0,0,0,0,0,,,
1122,ok,117,2,2,2,2.079325947,1.694228275,0.164547909,0.576739689,0.388017425,0.400567821,17,3,51,1,1,1,0,1,0,0.712971866,0.014171872,0.00094279,0.307838983,3,22,3,66,1,1,1,1,1,0,1.330284821,29.12019009,0.962446961,1.520762712,44,0,3,0,0,0,0,0,0,0,0,0,0,,,0,2,0,0,0,0,0,0,0,0,0,0,,,0,2,0,0,0,0,0,0,0,0,0,0,,,0,1,0,0,0,0,0,0,0,0,0,0,,,
1156,ok,117,2,2,2,1.291931994,2.333314316,0.32123849,1.352077143,0.273750459,0.516746072,17,3,51,1,1,1,0,1,0,0.651246027,0.015428756,0.001026405,0.307838983,3,22,3,66,1,1,1,1,1,0,1.124813369,0.002083744,6.89E-05,1.421610169,41,0,3,0,0,0,0,0,0,0,0,0,0,,,0,2,0,0,0,0,0,0,0,0,0,0,,,0,2,0,0,0,0,0,0,0,0,0,0,,,0,1,0,0,0,0,0,0,0,0,0,0,,,
1159,ok,117,2,2,2,1.808388247,0.282143965,0.433207001,0.968423847,0.26252858,0.176479803,17,3,51,1,1,1,0,1,0,2.344088641,0.167483268,0.011141895,0.108262712,0,0,3,0,0,0,0,0,0,0,0,0,0,,,22,3,66,1,1,1,1,1,0,0.69483569,0.020018908,0.000339304,0.415254237,24,0,2,0,0,0,0,0,0,0,0,0,0,,,0,2,0,0,0,0,0,0,0,0,0,0,,,0,1,0,0,0,0,0,0,0,0,0,0,,,
1163,ok,117,2,2,2,1.372986362,3.183596514,0.183185549,0.546319498,0.130321821,0.770797832,17,3,51,1,1,1,0,1,0,0.758448928,0.020750006,0.001380403,0.241313559,2,22,3,66,1,1,1,1,1,0,1.355199809,23.75666832,0.785178021,1.421610169,41,0,3,0,0,0,0,0,0,0,0,0,0,,,0,2,0,0,0,0,0,0,0,0,0,0,,,0,2,0,0,0,0,0,0,0,0,0,0,,,0,1,0,0,0,0,0,0,0,0,0,0,,,
1166,ok,117,2,2,2,1.736043288,2.695932365,0.903507707,1.387497775,0.320531915,0.262109108,17,3,51,1,1,1,0,1,0,1.40182529,0.10079359,0.006705336,0.241313559,2,0,3,0,0,0,0,0,0,0,0,0,0,,,22,3,66,1,1,1,1,1,0,0.854298842,0.003924741,6.65E-05,0.754237288,44,0,2,0,0,0,0,0,0,0,0,0,0,,,0,2,0,0,0,0,0,0,0,0,0,0,,,0,1,0,0,0,0,0,0,0,0,0,0,,,
1168,ok,117,2,2,2,2.244170464,0.802569481,0.389229618,1.11985377,0.476463238,0.095675634,17,3,51,1,1,1,0,1,0,3.028906085,0.075846675,0.005045732,0.108262712,0,0,3,0,0,0,0,0,0,0,0,0,0,,,22,3,66,1,1,1,1,1,0,0.577650957,0.008615288,0.000146022,0.618644068,36,0,2,0,0,0,0,0,0,0,0,0,0,,,0,2,0,0,0,0,0,0,0,0,0,0,,,0,1,0,0,0,0,0,0,0,0,0,0,,,
1170,ok,117,2,2,2,2.178272277,1.654607095,0.054843524,2.099071476,0.599654644,0.452202176,17,3,51,1,1,1,0,1,0,0.222899918,0.000231951,1.54E-05,0.440889831,5,22,3,66,1,1,1,1,1,0,0.803630736,0.002825746,9.34E-05,1.190254237,34,0,3,0,0,0,0,0,0,0,0,0,0,,,0,2,0,0,0,0,0,0,0,0,0,0,,,0,2,0,0,0,0,0,0,0,0,0,0,,,0,1,0,0,0,0,0,0,0,0,0,0,,,
1181,ok,117,2,2,2,1.232339831,1.238411292,0.419055176,0.79364152,0.511129089,0.319641834,17,3,51,1,1,1,0,1,0,1.14287803,0.026994653,0.001795831,0.307838983,3,0,3,0,0,0,0,0,0,0,0,0,0,,,22,3,66,1,1,1,1,1,0,0.747504238,0.005072841,8.60E-05,0.754237288,44,0,2,0,0,0,0,0,0,0,0,0,0,,,0,2,0,0,0,0,0,0,0,0,0,0,,,0,1,0,0,0,0,0,0,0,0,0,0,,,
1186,ok,117,2,2,2,1.623217797,2.029121829,1.215793495,2.376825832,0.623237449,0.072352826,17,3,51,1,1,1,0,1,0,3.926979797,0.110590626,0.007357088,0.108262712,0,0,3,0,0,0,0,0,0,0,0,0,0,,,22,3,66,1,1,1,1,1,0,0.743493113,0.004702372,7.97E-05,0.483050847,28,0,2,0,0,0,0,0,0,0,0,0,0,,,0,2,0,0,0,0,0,0,0,0,0,0,,,0,1,0,0,0,0,0,0,0,0,0,0,,,
1189,ok,117,2,2,2,1.055503368,3.335417434,0.161777107,0.633114346,0.749069921,0.127180241,17,3,51,1,1,1,0,1,0,3.517364638,0.001232571,8.20E-05,0.108262712,0,22,3,66,1,1,1,1,1,0,1.357007468,21.42245711,0.708030362,1.652966102,48,0,3,0,0,0,0,0,0,0,0,0,0,,,0,2,0,0,0,0,0,0,0,0,0,0,,,0,2,0,0,0,0,0,0,0,0,0,0,,,0,1,0,0,0,0,0,0,0,0,0,0,,,
1199,ok,117,2,2,2,1.830962167,2.280390812,0.141490265,0.664198174,0.455194332,0.513928803,17,3,51,1,1,1,0,1,0,0.494803993,0.004886717,0.000325091,0.440889831,5,22,3,66,1,1,1,1,1,0,1.337687843,35.52097095,1.173998192,1.752118644,51,0,3,0,0,0,0,0,0,0,0,0,0,,,0,2,0,0,0,0,0,0,0,0,0,0,,,0,2,0,0,0,0,0,0,0,0,0,0,,,0,1,0,0,0,0,0,0,0,0,0,0,,,
1205,ok,117,2,2,2,1.28592307,1.622591577,0.175928724,0.659352273,0.297192749,0.227895888,17,3,51,1,1,1,0,1,0,2.230907927,0.060183943,0.004003762,0.108262712,0,22,3,66,1,1,1,1,1,0,1.356127098,26.66038493,0.881148315,1.719067797,50,0,3,0,0,0,0,0,0,0,0,0,0,,,0,2,0,0,0,0,0,0,0,0,0,0,,,0,2,0,0,0,0,0,0,0,0,0,0,,,0,1,0,0,0,0,0,0,0,0,0,0,,,
1224,ok,117,2,2,2,1.615902239,1.183243035,0.13081901,1.957883231,0.133943203,0.684836423,17,3,51,1,1,1,0,1,0,0.489031987,0.008062527,0.000536363,0.174788136,1,22,3,66,1,1,1,1,1,0,0.782074267,0.001916874,6.34E-05,1.025,29,0,3,0,0,0,0,0,0,0,0,0,0,,,0,2,0,0,0,0,0,0,0,0,0,0,,,0,2,0,0,0,0,0,0,0,0,0,0,,,0,1,0,0,0,0,0,0,0,0,0,0,,,
1237,ok,117,2,2,2,1.697859797,0.485618224,0.354365489,1.219110745,0.493455187,0.199533365,17,3,51,1,1,1,0,1,0,1.44439213,0.040963606,0.002725121,0.174788136,1,0,3,0,0,0,0,0,0,0,0,0,0,,,22,3,66,1,1,1,1,1,0,0.481881338,0.007285077,0.000123476,0.449152542,26,0,2,0,0,0,0,0,0,0,0,0,0,,,0,2,0,0,0,0,0,0,0,0,0,0,,,0,1,0,0,0,0,0,0,0,0,0,0,,,
1248,ok,117,2,2,2,1.543833024,0.919398752,0.510872061,1.134248044,0.284004666,0.221029759,17,3,51,1,1,1,0,1,0,2.702789393,0.328593096,0.021859795,0.108262712,0,0,3,0,0,0,0,0,0,0,0,0,0,,,22,3,66,1,1,1,1,1,0,0.703612711,0.007592611,0.000128688,0.754237288,44,0,2,0,0,0,0,0,0,0,0,0,0,,,0,2,0,0,0,0,0,0,0,0,0,0,,,0,1,0,0,0,0,0,0,0,0,0,0,,,
1254,ok,117,2,2,2,1.985776912,2.074412106,0.062322746,1.828957557,0.206902644,0.616866451,17,3,51,1,1,1,0,1,0,0.315748614,0.001452418,9.66E-05,0.241313559,2,22,3,66,1,1,1,1,1,0,0.875233001,0.001924284,6.36E-05,1.223305085,35,0,3,0,0,0,0,0,0,0,0,0,0,,,0,2,0,0,0,0,0,0,0,0,0,0,,,0,2,0,0,0,0,0,0,0,0,0,0,,,0,1,0,0,0,0,0,0,0,0,0,0,,,
1258,ok,117,2,2,2,1.962428447,1.573954091,0.091704734,0.655181918,0.238815309,0.559939002,17,3,51,1,1,1,0,1,0,0.53087003,0.008815514,0.000586456,0.241313559,2,22,3,66,1,1,1,1,1,0,1.338241583,38.20480683,1.262701243,1.719067797,50,0,3,0,0,0,0,0,0,0,0,0,0,,,0,2,0,0,0,0,0,0,0,0,0,0,,,0,2,0,0,0,0,0,0,0,0,0,0,,,0,1,0,0,0,0,0,0,0,0,0,0,,,
1275,ok,117,2,2,2,1.485440934,0.416899342,0.789382947,2.444811612,0.773315358,0.013451891,17,3,51,1,1,1,0,1,0,3.31292676,0.034856422,0.002318838,0.108262712,0,0,3,0,0,0,0,0,0,0,0,0,0,,,22,3,66,1,1,1,1,1,0,0.501724395,0.005760615,9.76E-05,0.262711864,15,0,2,0,0,0,0,0,0,0,0,0,0,,,0,2,0,0,0,0,0,0,0,0,0,0,,,0,1,0,0,0,0,0,0,0,0,0,0,,,
1321,ok,117,2,2,2,2.36322594,1.735280682,1.150279194,1.598763029,0.598427546,0.229952966,17,3,51,1,1,1,0,1,0,1.166326148,0.028668482,0.001907183,0.440889831,5,0,3,0,0,0,0,0,0,0,0,0,0,,,22,3,66,1,1,1,1,1,0,0.917642985,0.013529777,0.000229318,0.466101695,27,0,2,0,0,0,0,0,0,0,0,0,0,,,0,2,0,0,0,0,0,0,0,0,0,0,,,0,1,0,0,0,0,0,0,0,0,0,0,,,
1329,ok,117,2,2,2,1.061299671,1.16458211,0.070110091,1.426418055,0.134003762,0.830187679,17,3,51,1,1,1,0,1,0,0.284701169,0.001082596,7.20E-05,0.241313559,2,22,3,66,1,1,1,1,1,0,0.812387642,0.002018303,6.67E-05,0.793644068,22,0,3,0,0,0,0,0,0,0,0,0,0,,,0,2,0,0,0,0,0,0,0,0,0,0,,,0,2,0,0,0,0,0,0,0,0,0,0,,,0,1,0,0,0,0,0,0,0,0,0,0,,,
1340,ok,117,2,2,2,1.105492388,3.619919994,0.823953308,1.618364592,0.315396379,0.242070569,17,3,51,1,1,1,0,1,0,1.597667049,0.10945342,0.007281435,0.174788136,1,0,3,0,0,0,0,0,0,0,0,0,0,,,22,3,66,1,1,1,1,1,0,0.752542824,0.001078355,1.83E-05,0.889830508,52,0,2,0,0,0,0,0,0,0,0,0,0,,,0,2,0,0,0,0,0,0,0,0,0,0,,,0,1,0,0,0,0,0,0,0,0,0,0,,,
1373,ok,117,2,2,2,1.158988482,1.952413124,0.074805978,1.406359666,0.408223549,0.56494007,17,3,51,1,1,1,0,1,0,0.283943692,0.000718067,4.78E-05,0.374364407,4,22,3,66,1,1,1,1,1,0,0.961936334,0.002505823,8.28E-05,1.091101695,31,0,3,0,0,0,0,0,0,0,0,0,0,,,0,2,0,0,0,0,0,0,0,0,0,0,,,0,2,0,0,0,0,0,0,0,0,0,0,,,0,1,0,0,0,0,0,0,0,0,0,0,,,
1380,ok,117,2,2,2,1.850918479,0.458069149,0.262025901,1.129421542,0.569066046,0.213299646,17,3,51,1,1,1,0,1,0,1.475615802,0.031588061,0.002101409,0.174788136,1,0,3,0,0,0,0,0,0,0,0,0,0,,,22,3,66,1,1,1,1,1,0,0.389931222,0.004547043,7.71E-05,0.43220339,25,0,2,0,0,0,0,0,0,0,0,0,0,,,0,2,0,0,0,0,0,0,0,0,0,0,,,0,1,0,0,0,0,0,0,0,0,0,0,,,
1402,ok,117,2,2,2,2.099931774,1.416608653,0.80829556,1.547055219,0.181991634,0.359253868,17,3,51,1,1,1,0,1,0,1.0667499,0.064885903,0.004316562,0.241313559,2,0,3,0,0,0,0,0,0,0,0,0,0,,,22,3,66,1,1,1,1,1,0,0.769886237,0.005007623,8.49E-05,0.788135593,46,0,2,0,0,0,0,0,0,0,0,0,0,,,0,2,0,0,0,0,0,0,0,0,0,0,,,0,1,0,0,0,0,0,0,0,0,0,0,,,
1413,ok,117,2,2,2,1.165535604,1.228894324,0.770682228,1.077133399,0.243927739,0.255334776,17,3,51,1,1,1,0,1,0,1.709118443,0.118352532,0.007873452,0.174788136,1,0,3,0,0,0,0,0,0,0,0,0,0,,,22,3,66,1,1,1,1,1,0,0.920044166,0.00737154,0.000124941,0.703389831,41,0,2,0,0,0,0,0,0,0,0,0,0,,,0,2,0,0,0,0,0,0,0,0,0,0,,,0,1,0,0,0,0,0,0,0,0,0,0,,,
1456,ok,117,2,2,2,1.440778991,1.269696521,0.174024099,2.357164006,0.157345815,0.882186621,17,3,51,1,1,1,0,1,0,0.349806179,0.003704095,0.000246416,0.307838983,3,22,3,66,1,1,1,1,1,0,0.626355792,0.001550523,5.12E-05,0.727542373,20,0,3,0,0,0,0,0,0,0,0,0,0,,,0,2,0,0,0,0,0,0,0,0,0,0,,,0,2,0,0,0,0,0,0,0,0,0,0,,,0,1,0,0,0,0,0,0,0,0,0,0,,,
1484,ok,117,2,2,2,1.312920912,0.302227187,1.134134929,0.559882654,0.70009737,0.130435564,17,3,51,1,1,1,0,1,0,3.669123611,1.99022153,0.132400331,0.108262712,0,22,3,66,1,1,1,1,1,0,1.231441441,15.23590129,0.503559449,1.454661017,42,0,3,0,0,0,0,0,0,0,0,0,0,,,0,2,0,0,0,0,0,0,0,0,0,0,,,0,2,0,0,0,0,0,0,0,0,0,0,,,0,1,0,0,0,0,0,0,0,0,0,0,,,
1500,ok,117,2,2,2,1.511044094,1.781997972,0.064887393,1.185075176,0.339137578,0.38964405,17,3,51,1,1,1,0,1,0,0.451086149,0.00138359,9.20E-05,0.241313559,2,22,3,66,1,1,1,1,1,0,1.427365121,0.004890241,0.000161627,1.719067797,50,0,3,0,0,0,0,0,0,0,0,0,0,,,0,2,0,0,0,0,0,0,0,0,0,0,,,0,2,0,0,0,0,0,0,0,0,0,0,,,0,1,0,0,0,0,0,0,0,0,0,0,,,
1503,ok,117,2,2,2,2.419469869,1.192747493,0.69382679,0.503025959,0.814180356,0.065410307,17,3,51,1,1,1,0,1,0,3.982975429,0.119490144,0.007949132,0.108262712,0,22,3,66,1,1,1,1,1,0,1.293892094,15.70743136,0.519143918,1.322457627,38,0,3,0,0,0,0,0,0,0,0,0,0,,,0,2,0,0,0,0,0,0,0,0,0,0,,,0,2,0,0,0,0,0,0,0,0,0,0,,,0,1,0,0,0,0,0,0,0,0,0,0,,,
1507,ok,117,2,2,2,1.699861435,1.334795085,1.148115737,0.533268483,0.648475238,0.226671518,17,3,51,1,1,1,0,1,0,3.212760836,4.933076183,0.328174983,0.108262712,0,22,3,66,1,1,1,1,1,0,1.309260116,19.80044695,0.654421552,1.388559322,40,0,3,0,0,0,0,0,0,0,0,0,0,,,0,2,0,0,0,0,0,0,0,0,0,0,,,0,2,0,0,0,0,0,0,0,0,0,0,,,0,1,0,0,0,0,0,0,0,0,0,0,,,
1531,ok,117,2,2,2,1.449355464,1.434647728,0.515695352,1.858969527,0.173066098,0.578078539,17,3,51,1,1,1,0,1,0,0.687523891,0.01957697,0.001302366,0.307838983,3,22,3,66,1,1,1,1,1,0,0.882666625,0.001963544,6.49E-05,1.256355932,36,0,3,0,0,0,0,0,0,0,0,0,0,,,0,2,0,0,0,0,0,0,0,0,0,0,,,0,2,0,0,0,0,0,0,0,0,0,0,,,0,1,0,0,0,0,0,0,0,0,0,0,,,
1549,ok,117,2,2,2,2.247487922,3.768872254,0.612628785,1.987509308,0.423521999,0.401501022,22,3,66,1,1,1,1,1,0,0.649343541,0.011810699,0.000785712,0.507415254,6,17,3,51,1,1,1,0,1,0,1.063486613,0.001450324,4.79E-05,1.983474576,58,0,3,0,0,0,0,0,0,0,0,0,0,,,0,2,0,0,0,0,0,0,0,0,0,0,,,0,2,0,0,0,0,0,0,0,0,0,0,,,0,1,0,0,0,0,0,0,0,0,0,0,,,
1573,ok,117,2,2,2,1.265955921,0.851445336,0.097846584,2.327240161,0.138053599,0.643702396,17,3,51,1,1,1,0,1,0,0.430622509,0.002745086,0.000182618,0.174788136,1,22,3,66,1,1,1,1,1,0,0.711352901,0.001946318,6.43E-05,0.991949153,28,0,3,0,0,0,0,0,0,0,0,0,0,,,0,2,0,0,0,0,0,0,0,0,0,0,,,0,2,0,0,0,0,0,0,0,0,0,0,,,0,1,0,0,0,0,0,0,0,0,0,0,,,
1636,ok,117,2,2,2,1.954408318,1.686079957,0.124917312,2.490489416,0.450722843,0.420303908,17,3,51,1,1,1,0,1,0,0.39318801,0.002218277,0.000147572,0.307838983,3,22,3,66,1,1,1,1,1,0,0.825794988,0.002482249,8.20E-05,1.487711864,43,0,3,0,0,0,0,0,0,0,0,0,0,,,0,2,0,0,0,0,0,0,0,0,0,0,,,0,2,0,0,0,0,0,0,0,0,0,0,,,0,1,0,0,0,0,0,0,0,0,0,0,,,
1642,ok,117,2,2,2,2.42220149,0.590747794,0.710928729,1.434437334,0.177029879,0.275558197,17,3,51,1,1,1,0,1,0,2.253361022,0.602317719,0.040069441,0.108262712,0,0,3,0,0,0,0,0,0,0,0,0,0,,,22,3,66,1,1,1,1,1,0,0.754690307,0.015242989,0.000258356,0.618644068,36,0,2,0,0,0,0,0,0,0,0,0,0,,,0,2,0,0,0,0,0,0,0,0,0,0,,,0,1,0,0,0,0,0,0,0,0,0,0,,,
1643,ok,117,2,2,2,1.955407665,2.804226649,0.261627469,0.641214932,0.311946201,0.168748688,17,3,51,1,1,1,0,1,0,2.501085467,0.11896463,0.007914172,0.108262712,0,22,3,66,1,1,1,1,1,0,1.366960819,30.62781824,1.012275349,1.686016949,49,0,3,0,0,0,0,0,0,0,0,0,0,,,0,2,0,0,0,0,0,0,0,0,0,0,,,0,2,0,0,0,0,0,0,0,0,0,0,,,0,1,0,0,0,0,0,0,0,0,0,0,,,
1648,ok,117,2,2,2,2.328026281,1.453526169,0.079606101,2.173533364,0.19359894,0.611015443,17,3,51,1,1,1,0,1,0,0.317028463,0.002019166,0.000134326,0.241313559,2,22,3,66,1,1,1,1,1,0,0.776108178,0.00244743,8.09E-05,1.124152542,32,0,3,0,0,0,0,0,0,0,0,0,0,,,0,2,0,0,0,0,0,0,0,0,0,0,,,0,2,0,0,0,0,0,0,0,0,0,0,,,0,1,0,0,0,0,0,0,0,0,0,0,,,
1668,ok,117,2,2,2,2.047713115,0.295366102,0.285193877,1.095144464,0.612581148,0.154090264,17,3,51,1,1,1,0,1,0,1.50427842,0.021016881,0.001398157,0.174788136,1,0,3,0,0,0,0,0,0,0,0,0,0,,,22,3,66,1,1,1,1,1,0,0.410709168,0.006539096,0.000110832,0.279661017,16,0,2,0,0,0,0,0,0,0,0,0,0,,,0,2,0,0,0,0,0,0,0,0,0,0,,,0,1,0,0,0,0,0,0,0,0,0,0,,,
1692,ok,117,2,2,2,1.584561714,0.398708034,0.202545801,1.759970909,0.809956825,0.084005638,17,3,51,1,1,1,0,1,0,3.084794335,0.00200082,0.000133105,0.108262712,0,0,3,0,0,0,0,0,0,0,0,0,0,,,22,3,66,1,1,1,1,1,0,0.198828204,0.000600161,1.02E-05,0.347457627,20,0,2,0,0,0,0,0,0,0,0,0,0,,,0,2,0,0,0,0,0,0,0,0,0,0,,,0,1,0,0,0,0,0,0,0,0,0,0,,,
1696,ok,117,2,2,2,1.657756878,0.395519805,0.093289408,0.891776327,0.458155829,0.182959891,17,3,51,1,1,1,0,1,0,2.599560708,0.015540104,0.001033812,0.108262712,0,0,3,0,0,0,0,0,0,0,0,0,0,,,22,3,66,1,1,1,1,1,0,0.189001733,0.000919718,1.56E-05,0.516949153,30,0,2,0,0,0,0,0,0,0,0,0,0,,,0,2,0,0,0,0,0,0,0,0,0,0,,,0,1,0,0,0,0,0,0,0,0,0,0,,,
1708,ok,117,2,2,2,2.399815685,2.47865343,0.390508241,1.624371938,0.399366839,0.46513852,17,3,51,1,1,1,0,1,0,0.585659095,0.013997285,0.000931175,0.440889831,5,22,3,66,1,1,1,1,1,0,1.044917034,0.003248566,0.000107368,1.487711864,43,0,3,0,0,0,0,0,0,0,0,0,0,,,0,2,0,0,0,0,0,0,0,0,0,0,,,0,2,0,0,0,0,0,0,0,0,0,0,,,0,1,0,0,0,0,0,0,0,0,0,0,,,
1758,ok,117,2,2,2,1.127853761,2.303678725,0.138462385,0.684318565,0.694390491,0.299962739,17,3,51,1,1,1,0,1,0,0.678566801,0.001901115,0.000126472,0.307838983,3,22,3,66,1,1,1,1,1,0,1.343440301,26.21565829,0.866449723,1.785169492,52,0,3,0,0,0,0,0,0,0,0,0,0,,,0,2,0,0,0,0,0,0,0,0,0,0,,,0,2,0,0,0,0,0,0,0,0,0,0,,,0,1,0,0,0,0,0,0,0,0,0,0,,,
1761,ok,117,2,2,2,1.91816419,0.311862415,0.221619644,1.034202446,0.358539956,0.136635437,17,3,51,1,1,1,0,1,0,2.314585616,0.039250492,0.002611156,0.108262712,0,0,3,0,0,0,0,0,0,0,0,0,0,,,22,3,66,1,1,1,1,1,0,0.370644712,0.005478673,9.29E-05,0.43220339,25,0,2,0,0,0,0,0,0,0,0,0,0,,,0,2,0,0,0,0,0,0,0,0,0,0,,,0,1,0,0,0,0,0,0,0,0,0,0,,,
1760,ok,117,2,2,2,1.554605689,1.631619276,0.054497115,0.666710505,0.435219118,0.162796443,17,3,51,1,1,1,0,1,0,2.4208448,0.005075628,0.000337658,0.108262712,0,22,3,66,1,1,1,1,1,0,1.35149032,27.42753939,0.90650342,1.752118644,51,0,3,0,0,0,0,0,0,0,0,0,0,,,0,2,0,0,0,0,0,0,0,0,0,0,,,0,2,0,0,0,0,0,0,0,0,0,0,,,0,1,0,0,0,0,0,0,0,0,0,0,,,
1765,ok,117,2,2,2,1.279762245,0.437082919,0.283632954,2.094045114,0.754298663,0.076959792,17,3,51,1,1,1,0,1,0,3.436705721,0.004063258,0.00027031,0.108262712,0,0,3,0,0,0,0,0,0,0,0,0,0,,,22,3,66,1,1,1,1,1,0,0.245291876,0.000971929,1.65E-05,0.36440678,21,0,2,0,0,0,0,0,0,0,0,0,0,,,0,2,0,0,0,0,0,0,0,0,0,0,,,0,1,0,0,0,0,0,0,0,0,0,0,,,
1774,ok,117,2,2,2,2.088021621,0.832406228,0.464541244,1.370185022,0.203369586,0.18340854,17,3,51,1,1,1,0,1,0,1.802181066,0.105221983,0.006999937,0.108262712,0,0,3,0,0,0,0,0,0,0,0,0,0,,,22,3,66,1,1,1,1,1,0,0.609980867,0.005968776,0.000101166,0.889830508,52,0,2,0,0,0,0,0,0,0,0,0,0,,,0,2,0,0,0,0,0,0,0,0,0,0,,,0,1,0,0,0,0,0,0,0,0,0,0,,,
1780,ok,117,2,2,2,1.429374257,2.000336658,0.211217394,1.32248687,0.235183911,0.811378535,17,3,51,1,1,1,0,1,0,0.435368649,0.004975428,0.000330992,0.440889831,5,22,3,66,1,1,1,1,1,0,0.840600187,0.002224297,7.35E-05,0.793644068,22,0,3,0,0,0,0,0,0,0,0,0,0,,,0,2,0,0,0,0,0,0,0,0,0,0,,,0,2,0,0,0,0,0,0,0,0,0,0,,,0,1,0,0,0,0,0,0,0,0,0,0,,,
1783,ok,117,2,2,2,2.23479561,2.58665616,0.156382915,0.671347634,0.562008638,0.219053773,17,3,51,1,1,1,0,1,0,1.454459771,0.025307203,0.001683572,0.174788136,1,22,3,66,1,1,1,1,1,0,1.353657464,30.92477713,1.022090092,1.752118644,51,0,3,0,0,0,0,0,0,0,0,0,0,,,0,2,0,0,0,0,0,0,0,0,0,0,,,0,2,0,0,0,0,0,0,0,0,0,0,,,0,1,0,0,0,0,0,0,0,0,0,0,,,
1793,ok,117,2,2,2,1.676885574,0.944108423,0.20300047,1.414233488,0.667838469,0.170378955,17,3,51,1,1,1,0,1,0,1.39787483,0.007205465,0.000479347,0.174788136,1,0,3,0,0,0,0,0,0,0,0,0,0,,,22,3,66,1,1,1,1,1,0,0.292222288,0.000968432,1.64E-05,0.737288136,43,0,2,0,0,0,0,0,0,0,0,0,0,,,0,2,0,0,0,0,0,0,0,0,0,0,,,0,1,0,0,0,0,0,0,0,0,0,0,,,
1805,ok,117,2,2,2,2.368339731,1.068127176,0.231956716,2.202525401,0.220731034,0.655625624,17,3,51,1,1,1,0,1,0,0.43348203,0.010891379,0.000724554,0.307838983,3,22,3,66,1,1,1,1,1,0,0.681495287,0.003540729,0.000117024,0.859745763,24,0,3,0,0,0,0,0,0,0,0,0,0,,,0,2,0,0,0,0,0,0,0,0,0,0,,,0,2,0,0,0,0,0,0,0,0,0,0,,,0,1,0,0,0,0,0,0,0,0,0,0,,,
1808,ok,117,2,2,2,1.889387638,1.130828095,0.850511757,1.739707014,0.884628488,0.050141603,17,3,51,1,1,1,0,1,0,2.612746407,0.020489794,0.001363092,0.108262712,0,0,3,0,0,0,0,0,0,0,0,0,0,,,22,3,66,1,1,1,1,1,0,0.672531599,0.00216063,3.66E-05,0.43220339,25,0,2,0,0,0,0,0,0,0,0,0,0,,,0,2,0,0,0,0,0,0,0,0,0,0,,,0,1,0,0,0,0,0,0,0,0,0,0,,,
1824,ok,117,2,2,2,1.580562607,1.832836334,0.067696512,1.935072619,0.460882198,0.47546773,17,3,51,1,1,1,0,1,0,0.264754627,0.000469974,3.13E-05,0.374364407,4,22,3,66,1,1,1,1,1,0,0.877296541,0.00248369,8.21E-05,1.28940678,37,0,3,0,0,0,0,0,0,0,0,0,0,,,0,2,0,0,0,0,0,0,0,0,0,0,,,0,2,0,0,0,0,0,0,0,0,0,0,,,0,1,0,0,0,0,0,0,0,0,0,0,,,
1851,ok,117,2,2,2,1.15679766,3.424913755,0.914668987,1.23894557,0.172234705,0.372083501,17,3,51,1,1,1,0,1,0,1.342515975,0.069080121,0.004595584,0.241313559,2,0,3,0,0,0,0,0,0,0,0,0,0,,,22,3,66,1,1,1,1,1,0,0.894596733,0.000989237,1.68E-05,0.889830508,52,0,2,0,0,0,0,0,0,0,0,0,0,,,0,2,0,0,0,0,0,0,0,0,0,0,,,0,1,0,0,0,0,0,0,0,0,0,0,,,
1863,ok,117,2,2,2,1.431540851,1.730501672,1.24481988,0.547727732,0.699623529,0.123361091,17,3,51,1,1,1,0,1,0,3.518674069,2.301507337,0.153108751,0.108262712,0,22,3,66,1,1,1,1,1,0,1.326724999,18.16440076,0.600348839,1.421610169,41,0,3,0,0,0,0,0,0,0,0,0,0,,,0,2,0,0,0,0,0,0,0,0,0,0,,,0,2,0,0,0,0,0,0,0,0,0,0,,,0,1,0,0,0,0,0,0,0,0,0,0,,,
1920,ok,117,2,2,2,2.074724536,0.314102591,0.179925728,2.074805931,0.504081104,0.119342714,17,3,51,1,1,1,0,1,0,2.71777758,0.013830119,0.000920055,0.108262712,0,0,3,0,0,0,0,0,0,0,0,0,0,,,22,3,66,1,1,1,1,1,0,0.17574005,0.001676887,2.84E-05,0.347457627,20,0,2,0,0,0,0,0,0,0,0,0,0,,,0,2,0,0,0,0,0,0,0,0,0,0,,,0,1,0,0,0,0,0,0,0,0,0,0,,,
1925,ok,117,2,2,2,2.378242151,1.520053967,1.112526485,1.863892057,0.206288013,0.248544877,17,3,51,1,1,1,0,1,0,1.485245559,0.185470483,0.012338502,0.174788136,1,0,3,0,0,0,0,0,0,0,0,0,0,,,22,3,66,1,1,1,1,1,0,0.821515591,0.006934845,0.00011754,0.618644068,36,0,2,0,0,0,0,0,0,0,0,0,0,,,0,2,0,0,0,0,0,0,0,0,0,0,,,0,1,0,0,0,0,0,0,0,0,0,0,,,
1930,ok,117,2,2,2,1.152006941,3.504296795,0.050990349,0.587563027,0.413775752,0.311315714,17,3,51,1,1,1,0,1,0,0.951645933,0.002606744,0.000173415,0.174788136,1,22,3,66,1,1,1,1,1,0,1.352651748,22.52702188,0.744537164,1.553813559,45,0,3,0,0,0,0,0,0,0,0,0,0,,,0,2,0,0,0,0,0,0,0,0,0,0,,,0,2,0,0,0,0,0,0,0,0,0,0,,,0,1,0,0,0,0,0,0,0,0,0,0,,,
1939,ok,117,2,2,2,1.648403902,1.866485045,0.877996895,1.365147883,0.896979797,0.055873567,17,3,51,1,1,1,0,1,0,2.522280339,0.016746978,0.0011141,0.108262712,0,0,3,0,0,0,0,0,0,0,0,0,0,,,22,3,66,1,1,1,1,1,0,0.797189153,0.001129438,1.91E-05,0.533898305,31,0,2,0,0,0,0,0,0,0,0,0,0,,,0,2,0,0,0,0,0,0,0,0,0,0,,,0,1,0,0,0,0,0,0,0,0,0,0,,,
1956,ok,117,2,2,2,1.468275536,0.182007812,0.09574306,1.188763364,0.297509545,0.17144091,17,3,51,1,1,1,0,1,0,1.786862919,0.006378793,0.000424352,0.108262712,0,0,3,0,0,0,0,0,0,0,0,0,0,,,22,3,66,1,1,1,1,1,0,0.147100691,0.001013782,1.72E-05,0.347457627,20,0,2,0,0,0,0,0,0,0,0,0,0,,,0,2,0,0,0,0,0,0,0,0,0,0,,,0,1,0,0,0,0,0,0,0,0,0,0,,,
1969,ok,117,2,2,2,1.575648429,2.751227727,0.050600446,2.14119027,0.467183977,0.421415096,17,3,51,1,1,1,0,1,0,0.32895889,0.000344613,2.29E-05,0.307838983,3,22,3,66,1,1,1,1,1,0,0.962170714,0.001480979,4.89E-05,1.752118644,51,0,3,0,0,0,0,0,0,0,0,0,0,,,0,2,0,0,0,0,0,0,0,0,0,0,,,0,2,0,0,0,0,0,0,0,0,0,0,,,0,1,0,0,0,0,0,0,0,0,0,0,,,
1976,ok,117,2,2,2,1.12042965,0.556561858,0.068856583,1.683337309,0.154524181,0.420756772,17,3,51,1,1,1,0,1,0,1.018565234,0.004234105,0.000281676,0.108262712,0,22,3,66,1,1,1,1,1,0,1.003029733,0.004424857,0.000146245,1.355508475,39,0,3,0,0,0,0,0,0,0,0,0,0,,,0,2,0,0,0,0,0,0,0,0,0,0,,,0,2,0,0,0,0,0,0,0,0,0,0,,,0,1,0,0,0,0,0,0,0,0,0,0,,,
1492,ok,112,5,3,3,1.924256367,0.091787664,1.373089943,0.722039664,0.160487783,0.408575615,0,3,0,0,0,0,0,0,0,0,0,0,,,17,3,51,2,1,1,1,1,1,1.383472161,42.87669946,1.417111253,1.884322034,55,0,3,0,0,0,0,0,0,0,0,0,0,,,0,2,0,0,0,0,0,0,0,0,0,0,,,22,2,44,1,1,1,1,1,0,1.042514944,1.24585411,0.016892937,0.581355932,35,17,1,17,2,1,1,1,1,1,2.515669012,29.73280549,1.007891711,1.466101695,28,
599,ok,111,3,2,2,1.578896938,0.107229736,0.074906298,1.249874866,0.892372214,0.648215136,17,3,51,2,1,1,1,1,1,2.781237074,0.005909088,0.000393105,0.108262712,0,0,3,0,0,0,0,0,0,0,0,0,0,,,20,3,60,1,1,1,1,0,0,0.084603796,7.59E-05,1.29E-06,0.110169492,6,0,2,0,0,0,0,0,0,0,0,0,0,,,0,2,0,0,0,0,0,0,0,0,0,0,,,0,1,0,0,0,0,0,0,0,0,0,0,,,
634,ok,111,3,2,2,1.58743262,2.676222274,0.378138934,1.799794558,0.856174404,0.975466341,20,3,60,1,1,1,1,0,0,0.451776417,5.85E-05,3.89E-06,2.303601695,33,17,3,51,2,1,1,1,1,1,1.421928153,0.202022221,0.006677006,1.884322034,55,0,3,0,0,0,0,0,0,0,0,0,0,,,0,2,0,0,0,0,0,0,0,0,0,0,,,0,2,0,0,0,0,0,0,0,0,0,0,,,0,1,0,0,0,0,0,0,0,0,0,0,,,
822,ok,111,3,2,2,1.28027327,2.738447658,0.1296243,2.461232945,0.827457051,0.724268515,17,3,51,2,1,1,1,1,1,3.151893022,0.017102762,0.001137769,0.108262712,0,20,3,60,1,1,1,1,0,0,0.583911754,0.00024767,8.19E-06,0.76059322,21,0,3,0,0,0,0,0,0,0,0,0,0,,,0,2,0,0,0,0,0,0,0,0,0,0,,,0,2,0,0,0,0,0,0,0,0,0,0,,,0,1,0,0,0,0,0,0,0,0,0,0,,,
853,ok,111,3,2,2,1.349157163,2.40794329,0.267020285,2.057908436,0.890515794,0.883020756,17,3,51,2,1,1,1,1,1,2.762744807,0.088916809,0.005915228,0.108262712,0,20,3,60,1,1,1,1,0,0,0.499798895,0.000145561,4.81E-06,0.496186441,13,0,3,0,0,0,0,0,0,0,0,0,0,,,0,2,0,0,0,0,0,0,0,0,0,0,,,0,2,0,0,0,0,0,0,0,0,0,0,,,0,1,0,0,0,0,0,0,0,0,0,0,,,
1278,ok,111,3,2,2,1.246040925,1.14639806,0.072791794,1.486962178,0.621514422,0.786672612,20,3,60,1,1,1,1,0,0,0.171613524,0.000142736,9.50E-06,0.773516949,10,17,3,51,2,1,1,1,1,1,1.39386556,0.348876073,0.01153065,1.520762712,44,0,3,0,0,0,0,0,0,0,0,0,0,,,0,2,0,0,0,0,0,0,0,0,0,0,,,0,2,0,0,0,0,0,0,0,0,0,0,,,0,1,0,0,0,0,0,0,0,0,0,0,,,
1382,ok,111,3,2,2,1.717618251,1.39353982,0.059548553,1.825495179,0.701690495,0.843216568,20,3,60,1,1,1,1,0,0,0.133408516,7.21E-05,4.80E-06,0.906567797,12,17,3,51,2,1,1,1,1,1,1.410261004,0.454355502,0.015016834,1.752118644,51,0,3,0,0,0,0,0,0,0,0,0,0,,,0,2,0,0,0,0,0,0,0,0,0,0,,,0,2,0,0,0,0,0,0,0,0,0,0,,,0,1,0,0,0,0,0,0,0,0,0,0,,,
1558,ok,111,3,2,2,1.511602067,2.590643324,0.191686217,2.321694659,0.88389488,0.858763779,17,3,51,2,1,1,1,1,1,2.860226477,0.043661925,0.002904628,0.108262712,0,20,3,60,1,1,1,1,0,0,0.496349107,0.000155626,5.14E-06,0.529237288,14,0,3,0,0,0,0,0,0,0,0,0,0,,,0,2,0,0,0,0,0,0,0,0,0,0,,,0,2,0,0,0,0,0,0,0,0,0,0,,,0,1,0,0,0,0,0,0,0,0,0,0,,,
1670,ok,111,3,2,2,1.080890646,1.768981636,0.064224793,2.279172347,0.85542891,0.697983814,17,3,51,2,1,1,1,1,1,2.905933285,0.002276696,0.000151458,0.108262712,0,20,3,60,1,1,1,1,0,0,0.50796938,0.000185448,6.13E-06,0.595338983,16,0,3,0,0,0,0,0,0,0,0,0,0,,,0,2,0,0,0,0,0,0,0,0,0,0,,,0,2,0,0,0,0,0,0,0,0,0,0,,,0,1,0,0,0,0,0,0,0,0,0,0,,,
343,ok,111,2,2,2,1.786212716,0.35754703,0.051765974,1.061274635,0.278921571,0.206307613,17,3,51,1,1,1,0,1,0,1.642554704,0.003508222,0.000233386,0.108262712,0,0,3,0,0,0,0,0,0,0,0,0,0,,,20,3,60,1,1,1,1,0,0,0.10660195,0.000288192,4.88E-06,0.720338983,42,0,2,0,0,0,0,0,0,0,0,0,0,,,0,2,0,0,0,0,0,0,0,0,0,0,,,0,1,0,0,0,0,0,0,0,0,0,0,,,
377,ok,111,2,2,2,1.188078025,0.457643394,0.065171768,1.103506288,0.511508083,0.225189922,17,3,51,1,1,1,0,1,0,1.035497579,0.001293455,8.60E-05,0.174788136,1,0,3,0,0,0,0,0,0,0,0,0,0,,,20,3,60,1,1,1,1,0,0,0.113499826,0.000226452,3.84E-06,0.56779661,33,0,2,0,0,0,0,0,0,0,0,0,0,,,0,2,0,0,0,0,0,0,0,0,0,0,,,0,1,0,0,0,0,0,0,0,0,0,0,,,
704,ok,111,2,2,2,1.55537507,0.323641283,0.055675898,0.870511014,0.291333875,0.247786739,17,3,51,1,1,1,0,1,0,1.751357665,0.00654104,0.000435145,0.108262712,0,0,3,0,0,0,0,0,0,0,0,0,0,,,20,3,60,1,1,1,1,0,0,0.125856034,0.000391456,6.63E-06,0.63559322,37,0,2,0,0,0,0,0,0,0,0,0,0,,,0,2,0,0,0,0,0,0,0,0,0,0,,,0,1,0,0,0,0,0,0,0,0,0,0,,,
894,ok,111,2,2,2,1.873851748,0.54705238,0.056217722,0.918963149,0.349109352,0.202297854,17,3,51,1,1,1,0,1,0,2.00985385,0.006256226,0.000416198,0.108262712,0,0,3,0,0,0,0,0,0,0,0,0,0,,,20,3,60,1,1,1,1,0,0,0.132878264,0.000322441,5.47E-06,0.872881356,51,0,2,0,0,0,0,0,0,0,0,0,0,,,0,2,0,0,0,0,0,0,0,0,0,0,,,0,1,0,0,0,0,0,0,0,0,0,0,,,
954,ok,111,2,2,2,1.627997655,0.216975823,0.113555139,2.19080905,0.681557166,0.088485331,17,3,51,1,1,1,0,1,0,3.295905329,0.001754421,0.000116714,0.108262712,0,0,3,0,0,0,0,0,0,0,0,0,0,,,20,3,60,1,1,1,1,0,0,0.094287585,0.000410961,6.97E-06,0.228813559,13,0,2,0,0,0,0,0,0,0,0,0,0,,,0,2,0,0,0,0,0,0,0,0,0,0,,,0,1,0,0,0,0,0,0,0,0,0,0,,,
1499,ok,111,2,2,2,1.155419722,0.310819703,0.103418716,1.604503771,0.444136716,0.120251469,17,3,51,1,1,1,0,1,0,2.405860057,0.002842716,0.000189113,0.108262712,0,0,3,0,0,0,0,0,0,0,0,0,0,,,20,3,60,1,1,1,1,0,0,0.129738886,0.000522696,8.86E-06,0.43220339,25,0,2,0,0,0,0,0,0,0,0,0,0,,,0,2,0,0,0,0,0,0,0,0,0,0,,,0,1,0,0,0,0,0,0,0,0,0,0,,,
1945,ok,111,2,2,2,2.117799695,0.29734428,0.074273375,0.797023814,0.875718683,0.009865723,17,3,51,1,1,1,0,1,0,2.675297246,0.000807911,5.37E-05,0.108262712,0,0,3,0,0,0,0,0,0,0,0,0,0,,,20,3,60,1,1,1,1,0,0,0.12994697,0.000159495,2.70E-06,0.262711864,15,0,2,0,0,0,0,0,0,0,0,0,0,,,0,2,0,0,0,0,0,0,0,0,0,0,,,0,1,0,0,0,0,0,0,0,0,0,0,,,
1576,ok,110,2,2,2,2.10904004,0.167324061,0.724334399,1.029209947,0.131134333,0.161721101,0,3,0,0,0,0,0,0,0,0,0,0,,,0,3,0,0,0,0,0,0,0,0,0,0,,,22,3,66,1,1,1,1,1,0,0.997500365,0.048840541,0.000827806,0.36440678,21,0,2,0,0,0,0,0,0,0,0,0,0,,,22,2,44,1,1,1,1,1,0,1.002777301,0.013621272,0.000184695,0.486440678,28,0,1,0,0,0,0,0,0,0,0,0,0,,,
1386,ok,109,6,3,3,1.518801981,0.195894266,0.635539181,0.514328508,0.520823415,0.744717352,12,3,36,3,1,1,1,1,2,3.350971466,12.30038798,0.818288522,0.108262712,0,17,3,51,2,1,1,1,1,1,1.397540479,31.23702943,1.032410295,1.355508475,39,0,3,0,0,0,0,0,0,0,0,0,0,,,0,2,0,0,0,0,0,0,0,0,0,0,,,0,2,0,0,0,0,0,0,0,0,0,0,,,22,1,22,1,1,1,1,1,0,2.858593356,0.236444227,0.008015059,1.262711864,22,
121,ok,109,5,3,3,1.225949274,1.523753379,1.858680857,1.504882617,0.552906322,0.131715557,12,3,36,2,1,1,0,1,1,2.509714015,0.366247746,0.024364786,0.174788136,1,0,3,0,0,0,0,0,0,0,0,0,0,,,17,3,51,2,1,1,1,1,1,1.427051279,0.25274865,0.004283875,0.720338983,42,0,2,0,0,0,0,0,0,0,0,0,0,,,0,2,0,0,0,0,0,0,0,0,0,0,,,22,1,22,1,1,1,1,1,0,0.84503292,21.60128489,0.732246945,0.720338983,6,
449,ok,109,5,3,3,1.863650172,0.456602758,1.015290185,0.618536024,0.597757816,0.309070863,17,3,51,1,1,1,0,1,0,3.499954783,6.995951517,0.465408639,0.108262712,0,12,3,36,3,1,1,1,1,2,1.360482849,27.19054401,0.898670522,0.76059322,21,0,3,0,0,0,0,0,0,0,0,0,0,,,0,2,0,0,0,0,0,0,0,0,0,0,,,0,2,0,0,0,0,0,0,0,0,0,0,,,22,1,22,1,1,1,1,1,0,1.807699061,0.124048294,0.004205027,0.822033898,9,
713,ok,109,5,3,3,1.084201919,2.034202972,1.175413019,0.541255476,0.699039212,0.746924695,17,3,51,1,1,1,0,1,0,1.027124029,2.398444734,0.159557552,0.108262712,0,12,3,36,3,1,1,1,1,2,1.368843609,23.82256692,0.787356025,0.76059322,21,0,3,0,0,0,0,0,0,0,0,0,0,,,0,2,0,0,0,0,0,0,0,0,0,0,,,0,2,0,0,0,0,0,0,0,0,0,0,,,22,1,22,1,1,1,1,1,0,2.164600372,0.111708669,0.003786735,0.889830508,11,
823,ok,109,5,3,3,1.450222484,1.213143634,1.021059385,0.640173022,0.892676049,0.433282738,17,3,51,1,1,1,0,1,0,1.04144844,1.11714978,0.074318862,0.108262712,0,12,3,36,3,1,1,1,1,2,1.324549156,26.30729897,0.869478525,0.793644068,22,0,3,0,0,0,0,0,0,0,0,0,0,,,0,2,0,0,0,0,0,0,0,0,0,0,,,0,2,0,0,0,0,0,0,0,0,0,0,,,22,1,22,1,1,1,1,1,0,1.571102472,0.045052401,0.0015272,0.754237288,7,
1161,ok,109,5,3,3,2.271439172,1.036817253,1.261343352,0.701889747,0.743691375,0.570300519,17,3,51,1,1,1,0,1,0,1.038032931,4.736182675,0.315076559,0.108262712,0,12,3,36,3,1,1,1,1,2,1.385366359,40.10105097,1.325373719,1.851271186,54,0,3,0,0,0,0,0,0,0,0,0,0,,,0,2,0,0,0,0,0,0,0,0,0,0,,,0,2,0,0,0,0,0,0,0,0,0,0,,,22,1,22,1,1,1,1,1,0,2.030351231,0.185815419,0.006298828,1.093220339,17,
1433,ok,109,5,3,3,1.466464385,2.052418031,1.298869928,0.547308476,0.866829516,0.831899199,17,3,51,1,1,1,0,1,0,1.024760845,1.78858557,0.118986413,0.174788136,1,12,3,36,3,1,1,1,1,2,1.330813404,24.75693337,0.818237628,0.694491525,19,0,3,0,0,0,0,0,0,0,0,0,0,,,0,2,0,0,0,0,0,0,0,0,0,0,,,0,2,0,0,0,0,0,0,0,0,0,0,,,22,1,22,1,1,1,1,1,0,2.529687199,0.102150836,0.00346274,1.127118644,18,
1652,ok,109,5,3,3,1.780654868,0.329034722,1.161896101,0.706918535,0.675159869,0.284189729,17,3,51,1,1,1,0,1,0,2.709662194,6.148542777,0.409034414,0.108262712,0,12,3,36,3,1,1,1,1,2,1.336008372,30.11805685,0.995427303,1.851271186,54,0,3,0,0,0,0,0,0,0,0,0,0,,,0,2,0,0,0,0,0,0,0,0,0,0,,,0,2,0,0,0,0,0,0,0,0,0,0,,,22,1,22,1,1,1,1,1,0,1.915055766,0.121299301,0.004111841,1.059322034,16,
194,ok,106,8,3,3,1.822548459,0.095948328,0.78741122,0.783462369,0.845668667,0.549184012,12,3,36,3,1,1,1,1,2,1.384779753,3.868389136,0.257346226,0.706991525,9,0,3,0,0,0,0,0,0,0,0,0,0,,,12,3,36,3,1,1,1,1,2,1.327737243,0.032879008,0.000557271,0.076271186,4,0,2,0,0,0,0,0,0,0,0,0,0,,,17,2,34,2,1,1,1,1,1,1.366120436,0.299744568,0.004064333,0.106779661,0,0,1,0,0,0,0,0,0,0,0,0,0,,,
471,ok,106,2,2,2,1.258963031,0.102963401,0.190434432,1.535821459,0.331020416,0.107927111,0,3,0,0,0,0,0,0,0,0,0,0,,,0,3,0,0,0,0,0,0,0,0,0,0,,,22,3,66,1,1,1,1,1,0,0.208448504,0.003170104,5.37E-05,0.177966102,10,0,2,0,0,0,0,0,0,0,0,0,0,,,20,2,40,1,1,1,1,0,0,0.196047644,0.000117824,1.60E-06,0.703389831,44,0,1,0,0,0,0,0,0,0,0,0,0,,,
238,ok,104,6,3,3,2.398374274,0.404048371,1.753745448,0.755415757,0.562881965,0.34141117,17,3,51,1,1,1,0,1,0,1.97929596,13.65588711,0.908463676,0.108262712,0,12,3,36,3,1,1,1,1,2,1.376187603,40.95406551,1.353566572,1.983474576,58,0,3,0,0,0,0,0,0,0,0,0,0,,,0,2,0,0,0,0,0,0,0,0,0,0,,,0,2,0,0,0,0,0,0,0,0,0,0,,,17,1,17,2,1,1,1,1,1,2.595866245,27.15104591,0.920374438,1.56779661,31,
416,ok,104,6,3,3,1.548931728,0.791252711,1.569891736,0.73201123,0.792156966,0.467929683,17,3,51,1,1,1,0,1,0,1.038698539,0.829159997,0.05516022,0.108262712,0,12,3,36,3,1,1,1,1,2,1.391003262,35.37115739,1.169046727,1.917372881,56,0,3,0,0,0,0,0,0,0,0,0,0,,,0,2,0,0,0,0,0,0,0,0,0,0,,,0,2,0,0,0,0,0,0,0,0,0,0,,,17,1,17,2,1,1,1,1,1,2.403689085,25.08780994,0.850434235,1.43220339,27,
512,ok,104,6,3,3,1.180417845,1.327462367,1.760070972,0.676443824,0.656914734,0.503717793,17,3,51,1,1,1,0,1,0,1.032796053,4.065269928,0.270443805,0.108262712,0,12,3,36,3,1,1,1,1,2,1.387393281,31.87038044,1.053343082,0.958898305,27,0,3,0,0,0,0,0,0,0,0,0,0,,,0,2,0,0,0,0,0,0,0,0,0,0,,,0,2,0,0,0,0,0,0,0,0,0,0,,,17,1,17,2,1,1,1,1,1,2.521576618,26.02517648,0.882209372,1.330508475,24,
691,ok,104,6,3,3,1.877732778,3.938967589,1.712012134,0.74041458,0.733825368,0.702049309,17,3,51,1,1,1,0,1,0,1.031200104,7.379963383,0.490955191,0.174788136,1,12,3,36,3,1,1,1,1,2,1.45601789,39.67572954,1.311316485,1.15720339,33,0,3,0,0,0,0,0,0,0,0,0,0,,,0,2,0,0,0,0,0,0,0,0,0,0,,,0,2,0,0,0,0,0,0,0,0,0,0,,,17,1,17,2,1,1,1,1,1,2.066808695,28.66537919,0.971707769,1.127118644,18,
696,ok,104,6,3,3,2.026242267,2.920552548,1.366794889,0.646676543,0.603540364,0.78143344,17,3,51,1,1,1,0,1,0,1.029331438,7.588236557,0.504810652,0.108262712,0,12,3,36,3,1,1,1,1,2,1.464056064,36.89589119,1.219440472,0.958898305,27,0,3,0,0,0,0,0,0,0,0,0,0,,,0,2,0,0,0,0,0,0,0,0,0,0,,,0,2,0,0,0,0,0,0,0,0,0,0,,,17,1,17,2,1,1,1,1,1,1.964005938,32.04623705,1.08631312,0.923728814,12,
791,ok,104,6,3,3,1.091654428,1.141559632,1.600706519,0.757913252,0.85806301,0.861247589,17,3,51,1,1,1,0,1,0,1.029854954,0.303710536,0.020204472,0.174788136,1,12,3,36,3,1,1,1,1,2,1.294839413,43.83364173,1.448739006,0.727542373,20,0,3,0,0,0,0,0,0,0,0,0,0,,,0,2,0,0,0,0,0,0,0,0,0,0,,,0,2,0,0,0,0,0,0,0,0,0,0,,,17,1,17,2,1,1,1,1,1,3.141287419,25.21896942,0.854880319,2.042372881,45,
794,ok,104,6,3,3,1.820657176,1.101682758,1.796832453,0.72710917,0.594558959,0.484081827,17,3,51,1,1,1,0,1,0,1.035477632,10.74673185,0.71493089,0.108262712,0,12,3,36,3,1,1,1,1,2,1.420786645,41.1955393,1.361547485,0.991949153,28,0,3,0,0,0,0,0,0,0,0,0,0,,,0,2,0,0,0,0,0,0,0,0,0,0,,,0,2,0,0,0,0,0,0,0,0,0,0,,,17,1,17,2,1,1,1,1,1,2.425799531,29.32250918,0.993983362,1.36440678,25,
852,ok,104,6,3,3,2.453237373,3.034490999,1.514991836,0.66300485,0.422494974,0.756144921,17,3,51,1,1,1,0,1,0,1.253393062,30.28402464,2.014657572,0.108262712,0,12,3,36,3,1,1,1,1,2,1.496483379,43.25720166,1.429687173,1.058050847,30,0,3,0,0,0,0,0,0,0,0,0,0,,,0,2,0,0,0,0,0,0,0,0,0,0,,,0,2,0,0,0,0,0,0,0,0,0,0,,,17,1,17,2,1,1,1,1,1,2.030610934,35.83358488,1.214697793,0.957627119,13,
893,ok,104,6,3,3,2.423645878,0.527956924,1.450101539,0.590467285,0.899987791,0.391096705,17,3,51,1,1,1,0,1,0,1.034487093,0.07031607,0.004677806,0.108262712,0,12,3,36,3,1,1,1,1,2,1.272340316,24.40500556,0.806606116,1.553813559,45,0,3,0,0,0,0,0,0,0,0,0,0,,,0,2,0,0,0,0,0,0,0,0,0,0,,,0,2,0,0,0,0,0,0,0,0,0,0,,,17,1,17,2,1,1,1,1,1,2.981487397,22.26984757,0.754910087,1.5,29,
1509,ok,104,6,3,3,1.868846236,2.722509825,1.625129573,0.763016785,0.78855753,0.908138321,17,3,51,1,1,1,0,1,0,1.028920503,2.053391737,0.136602755,0.174788136,1,12,3,36,3,1,1,1,1,2,1.408212676,45.62134503,1.507824115,0.991949153,28,0,3,0,0,0,0,0,0,0,0,0,0,,,0,2,0,0,0,0,0,0,0,0,0,0,,,0,2,0,0,0,0,0,0,0,0,0,0,,,17,1,17,2,1,1,1,1,1,2.306823848,29.59963709,1.003377528,1.36440678,25,
1915,ok,104,6,3,3,1.063826879,2.063534772,1.721305891,1.413475685,0.735618315,0.266701656,12,3,36,3,1,1,1,1,2,1.673911599,3.637839871,0.242008839,0.108262712,0,0,3,0,0,0,0,0,0,0,0,0,0,,,17,3,51,2,1,1,1,1,1,1.410255613,0.146305895,0.002479761,0.771186441,45,0,2,0,0,0,0,0,0,0,0,0,0,,,0,2,0,0,0,0,0,0,0,0,0,0,,,17,1,17,1,1,1,0,1,0,0.814393681,21.94059078,0.74374884,0.652542373,4,
434,ok,104,5,3,3,1.359411794,0.952845641,1.590093028,2.339197425,0.754974838,0.113430343,12,3,36,2,1,1,0,1,1,3.747158694,0.053991232,0.00359179,0.108262712,0,0,3,0,0,0,0,0,0,0,0,0,0,,,17,3,51,2,1,1,1,1,1,1.379597744,0.712978771,0.012084386,0.957627119,56,0,2,0,0,0,0,0,0,0,0,0,0,,,0,2,0,0,0,0,0,0,0,0,0,0,,,17,1,17,1,1,1,0,1,0,0.579943179,18.55440911,0.628963021,0.618644068,3,
1475,ok,102,15,5,5,1.239736967,0.094348751,0.507322898,1.383027797,0.874678388,0.271714651,12,3,36,2,1,1,0,1,1,3.073213141,0.03525323,0.002345236,0.108262712,0,7,3,21,4,1,1,1,1,3,1.108417924,0.018388601,0.000607759,0.76059322,21,2,3,6,5,1,1,1,1,4,1.115968485,0.030939521,0.000524399,0.449152542,26,0,2,0,0,0,0,0,0,0,0,0,0,,,12,2,24,2,1,1,0,1,1,0.818620641,0.06297857,0.000853947,0.866101695,56,15,1,15,2,1,1,1,0,1,0.76137021,8.95E-07,3.03E-08,1.63559322,33,
1944,ok,102,5,3,3,2.060787568,0.195458703,1.436285165,1.286402433,0.255730195,0.159092537,0,3,0,0,0,0,0,0,0,0,0,0,,,0,3,0,0,0,0,0,0,0,0,0,0,,,17,3,51,2,1,1,1,1,1,1.440423761,0.261052086,0.004424612,0.194915254,11,0,2,0,0,0,0,0,0,0,0,0,0,,,17,2,34,2,1,1,1,1,1,1.455295454,0.03385697,0.000459078,0.391525424,21,17,1,17,1,1,1,0,1,0,0.714904609,21.98505528,0.745256111,0.550847458,1,
695,ok,102,4,3,3,1.465517943,0.08673046,1.422046992,1.842857197,0.111320036,0.045469014,0,3,0,0,0,0,0,0,0,0,0,0,,,0,3,0,0,0,0,0,0,0,0,0,0,,,17,3,51,2,1,1,1,1,1,1.359800466,0.945904945,0.016032287,0.63559322,37,0,2,0,0,0,0,0,0,0,0,0,0,,,17,2,34,1,1,1,0,1,0,0.060360939,0.043078077,0.00058411,0.838983051,54,17,1,17,1,1,1,0,1,0,0.566292887,15.07322186,0.510956673,0.550847458,1,
47,ok,102,4,2,2,2.482594212,0.96114719,0.080159329,0.700391459,0.482691773,0.614462311,22,3,66,1,1,1,1,1,0,0.317987207,0.002045461,0.000136075,0.507415254,6,12,3,36,3,1,1,1,1,2,1.426869298,47.05890333,1.555336635,0.89279661,25,0,3,0,0,0,0,0,0,0,0,0,0,,,0,2,0,0,0,0,0,0,0,0,0,0,,,0,2,0,0,0,0,0,0,0,0,0,0,,,0,1,0,0,0,0,0,0,0,0,0,0,,,
172,ok,102,4,2,2,2.41666919,3.411934899,0.376803818,0.965789904,0.581375719,0.638345404,17,3,51,2,1,1,1,1,1,4.833706145,6.674451677,0.444020726,0.108262712,0,17,3,51,2,1,1,1,1,1,1.471731771,0.110107749,0.003639154,1.553813559,45,0,3,0,0,0,0,0,0,0,0,0,0,,,0,2,0,0,0,0,0,0,0,0,0,0,,,0,2,0,0,0,0,0,0,0,0,0,0,,,0,1,0,0,0,0,0,0,0,0,0,0,,,
188,ok,102,4,2,2,1.639277268,2.451191171,0.235434563,1.073512454,0.717094744,0.775997259,17,3,51,2,1,1,1,1,1,4.124331199,0.558877931,0.037179591,0.108262712,0,17,3,51,2,1,1,1,1,1,1.430688645,0.134136336,0.00443332,1.421610169,41,0,3,0,0,0,0,0,0,0,0,0,0,,,0,2,0,0,0,0,0,0,0,0,0,0,,,0,2,0,0,0,0,0,0,0,0,0,0,,,0,1,0,0,0,0,0,0,0,0,0,0,,,
195,ok,102,4,2,2,2.135897156,3.003502454,0.12811982,0.546056694,0.860767053,0.892560903,22,3,66,1,1,1,1,1,0,0.385847015,0.000250113,1.66E-05,1.239194915,17,12,3,36,3,1,1,1,1,2,1.362724985,25.38659589,0.839048508,0.76059322,21,0,3,0,0,0,0,0,0,0,0,0,0,,,0,2,0,0,0,0,0,0,0,0,0,0,,,0,2,0,0,0,0,0,0,0,0,0,0,,,0,1,0,0,0,0,0,0,0,0,0,0,,,
258,ok,102,4,2,2,2.223415018,1.741786501,0.259059749,0.664782781,0.233397218,0.86864384,22,3,66,1,1,1,1,1,0,0.704795807,0.011771411,0.000783098,0.573940678,7,12,3,36,3,1,1,1,1,2,1.475741488,47.0699206,1.555700766,1.058050847,30,0,3,0,0,0,0,0,0,0,0,0,0,,,0,2,0,0,0,0,0,0,0,0,0,0,,,0,2,0,0,0,0,0,0,0,0,0,0,,,0,1,0,0,0,0,0,0,0,0,0,0,,,
260,ok,102,4,2,2,2.27915954,3.471924068,0.05327155,1.117613027,0.868932825,0.861742037,17,3,51,2,1,1,1,1,1,2.921797604,0.015528833,0.001033062,0.108262712,0,17,3,51,2,1,1,1,1,1,1.417279036,0.115754385,0.003825781,1.487711864,43,0,3,0,0,0,0,0,0,0,0,0,0,,,0,2,0,0,0,0,0,0,0,0,0,0,,,0,2,0,0,0,0,0,0,0,0,0,0,,,0,1,0,0,0,0,0,0,0,0,0,0,,,
295,ok,102,4,2,2,2.298682017,1.298841226,0.054028752,1.099262138,0.854378846,0.745481122,17,3,51,2,1,1,1,1,1,2.991592109,0.014239683,0.000947301,0.108262712,0,17,3,51,2,1,1,1,1,1,1.338050813,0.21279782,0.007033148,1.15720339,33,0,3,0,0,0,0,0,0,0,0,0,0,,,0,2,0,0,0,0,0,0,0,0,0,0,,,0,2,0,0,0,0,0,0,0,0,0,0,,,0,1,0,0,0,0,0,0,0,0,0,0,,,
339,ok,102,4,2,2,1.225337877,1.26485788,0.056033647,0.511565415,0.485467551,0.924392479,22,3,66,1,1,1,1,1,0,0.253431179,0.000497614,3.31E-05,0.706991525,9,12,3,36,3,1,1,1,1,2,1.387170288,27.33168688,0.903335414,0.628389831,17,0,3,0,0,0,0,0,0,0,0,0,0,,,0,2,0,0,0,0,0,0,0,0,0,0,,,0,2,0,0,0,0,0,0,0,0,0,0,,,0,1,0,0,0,0,0,0,0,0,0,0,,,
360,ok,102,4,2,2,1.362969098,1.593355365,0.084103441,0.933146014,0.807277533,0.939930908,17,3,51,2,1,1,1,1,1,3.466159983,0.043794279,0.002913433,0.108262712,0,17,3,51,2,1,1,1,1,1,1.362797351,0.118654221,0.003921623,0.958898305,27,0,3,0,0,0,0,0,0,0,0,0,0,,,0,2,0,0,0,0,0,0,0,0,0,0,,,0,2,0,0,0,0,0,0,0,0,0,0,,,0,1,0,0,0,0,0,0,0,0,0,0,,,
411,ok,102,4,2,2,1.654301764,1.411485466,0.112121586,0.725105486,0.50149871,0.616138989,22,3,66,1,1,1,1,1,0,0.390261297,0.002475173,0.000164662,0.507415254,6,12,3,36,3,1,1,1,1,2,1.437306254,43.18438881,1.427280647,1.025,29,0,3,0,0,0,0,0,0,0,0,0,0,,,0,2,0,0,0,0,0,0,0,0,0,0,,,0,2,0,0,0,0,0,0,0,0,0,0,,,0,1,0,0,0,0,0,0,0,0,0,0,,,
479,ok,102,4,2,2,1.62125345,1.911644141,0.063457576,0.551784789,0.324237432,0.84505018,22,3,66,1,1,1,1,1,0,0.29183499,0.001409337,9.38E-05,0.507415254,6,12,3,36,3,1,1,1,1,2,1.45626276,30.06935928,0.993817807,0.859745763,24,0,3,0,0,0,0,0,0,0,0,0,0,,,0,2,0,0,0,0,0,0,0,0,0,0,,,0,2,0,0,0,0,0,0,0,0,0,0,,,0,1,0,0,0,0,0,0,0,0,0,0,,,
531,ok,102,4,2,2,2.356481922,3.203985987,0.197226847,0.652060693,0.68227333,0.803648171,22,3,66,1,1,1,1,1,0,0.520619233,0.001722093,0.000114563,1.106144068,15,12,3,36,3,1,1,1,1,2,1.452640993,38.36240751,1.267910079,0.958898305,27,0,3,0,0,0,0,0,0,0,0,0,0,,,0,2,0,0,0,0,0,0,0,0,0,0,,,0,2,0,0,0,0,0,0,0,0,0,0,,,0,1,0,0,0,0,0,0,0,0,0,0,,,
629,ok,102,4,2,2,2.474969683,3.403651999,0.131634563,0.703962749,0.373113449,0.755663987,22,3,66,1,1,1,1,1,0,0.416284487,0.004517338,0.000300518,0.573940678,7,12,3,36,3,1,1,1,1,2,1.481649254,47.20071356,1.560023584,1.190254237,34,0,3,0,0,0,0,0,0,0,0,0,0,,,0,2,0,0,0,0,0,0,0,0,0,0,,,0,2,0,0,0,0,0,0,0,0,0,0,,,0,1,0,0,0,0,0,0,0,0,0,0,,,
733,ok,102,4,2,2,2.403232108,1.251888274,0.068278681,0.751359354,0.558281533,0.630954685,22,3,66,1,1,1,1,1,0,0.262404686,0.001003677,6.68E-05,0.573940678,7,12,3,36,3,1,1,1,1,2,1.419407474,52.9591704,1.750345462,0.991949153,28,0,3,0,0,0,0,0,0,0,0,0,0,,,0,2,0,0,0,0,0,0,0,0,0,0,,,0,2,0,0,0,0,0,0,0,0,0,0,,,0,1,0,0,0,0,0,0,0,0,0,0,,,
736,ok,102,4,2,2,1.240921576,1.721114534,0.10029408,0.911736653,0.729557255,0.897562686,17,3,51,2,1,1,1,1,1,4.017030248,0.079624978,0.005297085,0.108262712,0,17,3,51,2,1,1,1,1,1,1.389689383,0.120829338,0.003993512,1.025,29,0,3,0,0,0,0,0,0,0,0,0,0,,,0,2,0,0,0,0,0,0,0,0,0,0,,,0,2,0,0,0,0,0,0,0,0,0,0,,,0,1,0,0,0,0,0,0,0,0,0,0,,,
776,ok,102,4,2,2,2.438282949,2.564136592,0.065478317,0.524836335,0.368095947,0.796942669,22,3,66,1,1,1,1,1,0,0.320907958,0.002470659,0.000164362,0.507415254,6,12,3,36,3,1,1,1,1,2,1.497659447,30.18640416,0.997686239,0.826694915,23,0,3,0,0,0,0,0,0,0,0,0,0,,,0,2,0,0,0,0,0,0,0,0,0,0,,,0,2,0,0,0,0,0,0,0,0,0,0,,,0,1,0,0,0,0,0,0,0,0,0,0,,,
780,ok,102,4,2,2,1.952194537,3.079691631,1.066335623,0.880480948,0.624257676,0.38500703,12,3,36,3,1,1,1,1,2,2.858887724,9.206937931,0.612495447,0.108262712,0,0,3,0,0,0,0,0,0,0,0,0,0,,,22,3,66,1,1,1,1,1,0,1.254256648,0.009077956,0.000153864,0.56779661,33,0,2,0,0,0,0,0,0,0,0,0,0,,,0,2,0,0,0,0,0,0,0,0,0,0,,,0,1,0,0,0,0,0,0,0,0,0,0,,,
891,ok,102,4,2,2,1.185032493,1.041268418,0.109947183,0.638602959,0.391849652,0.72677387,22,3,66,1,1,1,1,1,0,0.399617905,0.002213605,0.000147261,0.507415254,6,12,3,36,3,1,1,1,1,2,1.408195273,35.91500551,1.187021369,0.859745763,24,0,3,0,0,0,0,0,0,0,0,0,0,,,0,2,0,0,0,0,0,0,0,0,0,0,,,0,2,0,0,0,0,0,0,0,0,0,0,,,0,1,0,0,0,0,0,0,0,0,0,0,,,
899,ok,102,4,2,2,1.710534316,3.948171863,0.097170772,0.769259263,0.86223183,0.606480002,17,3,51,2,1,1,1,1,1,3.130203008,0.024921008,0.001657881,0.108262712,0,17,3,51,2,1,1,1,1,1,1.4291647,0.016219528,0.000536069,1.223305085,35,0,3,0,0,0,0,0,0,0,0,0,0,,,0,2,0,0,0,0,0,0,0,0,0,0,,,0,2,0,0,0,0,0,0,0,0,0,0,,,0,1,0,0,0,0,0,0,0,0,0,0,,,
1242,ok,102,4,2,2,1.972439384,3.719941112,0.165649227,0.526835695,0.316087627,0.804865657,22,3,66,1,1,1,1,1,0,0.591683122,0.007177097,0.000477459,0.573940678,7,12,3,36,3,1,1,1,1,2,1.5436003,27.34520948,0.903782347,0.826694915,23,0,3,0,0,0,0,0,0,0,0,0,0,,,0,2,0,0,0,0,0,0,0,0,0,0,,,0,2,0,0,0,0,0,0,0,0,0,0,,,0,1,0,0,0,0,0,0,0,0,0,0,,,
1418,ok,102,4,2,2,1.200895953,1.473702979,0.088072756,0.867577906,0.755969943,0.47805037,17,3,51,2,1,1,1,1,1,3.675996225,0.013364901,0.000889106,0.108262712,0,17,3,51,2,1,1,1,1,1,1.386289902,0.050836805,0.001680199,1.223305085,35,0,3,0,0,0,0,0,0,0,0,0,0,,,0,2,0,0,0,0,0,0,0,0,0,0,,,0,2,0,0,0,0,0,0,0,0,0,0,,,0,1,0,0,0,0,0,0,0,0,0,0,,,
1647,ok,102,4,2,2,1.869319594,2.837682414,0.227043108,1.166960051,0.649793543,0.885314332,17,3,51,2,1,1,1,1,1,4.575872338,0.920161471,0.061214132,0.108262712,0,17,3,51,2,1,1,1,1,1,1.441128884,0.228718185,0.00755933,1.553813559,45,0,3,0,0,0,0,0,0,0,0,0,0,,,0,2,0,0,0,0,0,0,0,0,0,0,,,0,2,0,0,0,0,0,0,0,0,0,0,,,0,1,0,0,0,0,0,0,0,0,0,0,,,
1677,ok,102,4,2,2,2.040844442,1.823131328,0.09291916,0.708950759,0.508460298,0.991737003,22,3,66,1,1,1,1,1,0,0.285993214,0.000776138,5.16E-05,0.97309322,13,12,3,36,3,1,1,1,1,2,1.397480503,52.29622385,1.728434517,0.925847458,26,0,3,0,0,0,0,0,0,0,0,0,0,,,0,2,0,0,0,0,0,0,0,0,0,0,,,0,2,0,0,0,0,0,0,0,0,0,0,,,0,1,0,0,0,0,0,0,0,0,0,0,,,
1720,ok,102,4,2,2,2.231042524,2.120973053,0.238517195,0.832000445,0.600233123,0.984390513,17,3,51,2,1,1,1,1,1,4.702551761,2.715880729,0.180675116,0.108262712,0,17,3,51,2,1,1,1,1,1,1.403799968,0.281023798,0.009288075,1.058050847,30,0,3,0,0,0,0,0,0,0,0,0,0,,,0,2,0,0,0,0,0,0,0,0,0,0,,,0,2,0,0,0,0,0,0,0,0,0,0,,,0,1,0,0,0,0,0,0,0,0,0,0,,,
1739,ok,102,4,2,2,1.858713812,2.235227032,0.456276582,1.221240609,0.41823794,0.844314579,17,3,51,2,1,1,1,1,1,4.732196693,16.07530481,1.069416464,0.108262712,0,17,3,51,2,1,1,1,1,1,1.450434095,0.330156539,0.010911953,1.752118644,51,0,3,0,0,0,0,0,0,0,0,0,0,,,0,2,0,0,0,0,0,0,0,0,0,0,,,0,2,0,0,0,0,0,0,0,0,0,0,,,0,1,0,0,0,0,0,0,0,0,0,0,,,
1814,ok,102,4,2,2,1.479478614,1.411024921,0.140902627,1.51511675,0.849712796,0.538985822,17,3,51,2,1,1,1,1,1,3.079386195,0.018409439,0.001224696,0.108262712,0,17,3,51,2,1,1,1,1,1,1.390439229,0.093926371,0.003104346,1.818220339,53,0,3,0,0,0,0,0,0,0,0,0,0,,,0,2,0,0,0,0,0,0,0,0,0,0,,,0,2,0,0,0,0,0,0,0,0,0,0,,,0,1,0,0,0,0,0,0,0,0,0,0,,,
1885,ok,102,4,2,2,1.733066524,3.097082812,0.236733543,0.747153562,0.741981865,0.75919777,22,3,66,1,1,1,1,1,0,0.528001862,0.001022829,6.80E-05,1.106144068,15,12,3,36,3,1,1,1,1,2,1.431525204,41.12213416,1.359121383,1.091101695,31,0,3,0,0,0,0,0,0,0,0,0,0,,,0,2,0,0,0,0,0,0,0,0,0,0,,,0,2,0,0,0,0,0,0,0,0,0,0,,,0,1,0,0,0,0,0,0,0,0,0,0,,,
1934,ok,102,4,2,2,2.376764554,3.883413321,0.239152494,1.178853375,0.852944809,0.787323961,17,3,51,2,1,1,1,1,1,3.115393014,0.430950562,0.028669169,0.108262712,0,17,3,51,2,1,1,1,1,1,1.422717716,0.12953642,0.004281288,1.686016949,49,0,3,0,0,0,0,0,0,0,0,0,0,,,0,2,0,0,0,0,0,0,0,0,0,0,,,0,2,0,0,0,0,0,0,0,0,0,0,,,0,1,0,0,0,0,0,0,0,0,0,0,,,
19,ok,102,3,2,2,1.370906278,1.588958591,0.135467928,1.03279733,0.704500143,0.438852523,17,3,51,1,1,1,0,1,0,0.411667636,0.001126974,7.50E-05,0.440889831,5,17,3,51,2,1,1,1,1,1,1.421693151,0.06054356,0.002001016,1.520762712,44,0,3,0,0,0,0,0,0,0,0,0,0,,,0,2,0,0,0,0,0,0,0,0,0,0,,,0,2,0,0,0,0,0,0,0,0,0,0,,,0,1,0,0,0,0,0,0,0,0,0,0,,,
23,ok,102,3,2,2,1.19136884,0.345143724,0.623512643,0.957141852,0.586858114,0.106427661,17,3,51,1,1,1,0,1,0,4.151513301,0.131415574,0.008742477,0.108262712,0,0,3,0,0,0,0,0,0,0,0,0,0,,,17,3,51,2,1,1,1,1,1,1.258608284,0.297538767,0.00504303,0.805084746,47,0,2,0,0,0,0,0,0,0,0,0,0,,,0,2,0,0,0,0,0,0,0,0,0,0,,,0,1,0,0,0,0,0,0,0,0,0,0,,,
81,ok,102,3,2,2,1.497334116,2.787232243,0.067582571,1.700433167,0.778223731,0.429509365,12,3,36,2,1,1,0,1,1,3.369064033,0.003948723,0.00026269,0.108262712,0,22,3,66,1,1,1,1,1,0,1.00125246,0.000796063,2.63E-05,1.520762712,44,0,3,0,0,0,0,0,0,0,0,0,0,,,0,2,0,0,0,0,0,0,0,0,0,0,,,0,2,0,0,0,0,0,0,0,0,0,0,,,0,1,0,0,0,0,0,0,0,0,0,0,,,
108,ok,102,3,2,2,1.651138342,1.001234252,0.98217915,0.986448331,0.398598304,0.236964499,12,3,36,2,1,1,0,1,1,3.968767214,5.073748334,0.337533258,0.108262712,0,0,3,0,0,0,0,0,0,0,0,0,0,,,22,3,66,1,1,1,1,1,0,1.177363777,0.025967739,0.000440131,0.449152542,26,0,2,0,0,0,0,0,0,0,0,0,0,,,0,2,0,0,0,0,0,0,0,0,0,0,,,0,1,0,0,0,0,0,0,0,0,0,0,,,
271,ok,102,3,2,2,1.195818162,0.708612708,0.442095757,0.837379521,0.814796368,0.205994008,12,3,36,2,1,1,0,1,1,3.620167971,0.03350958,0.002229239,0.108262712,0,0,3,0,0,0,0,0,0,0,0,0,0,,,22,3,66,1,1,1,1,1,0,0.68204067,0.002494181,4.23E-05,0.449152542,26,0,2,0,0,0,0,0,0,0,0,0,0,,,0,2,0,0,0,0,0,0,0,0,0,0,,,0,1,0,0,0,0,0,0,0,0,0,0,,,
335,ok,102,3,2,2,2.370979588,0.55058046,0.062927523,1.047970781,0.273511268,0.410293192,17,3,51,1,1,1,0,1,0,0.685515721,0.005608498,0.000373108,0.174788136,1,17,3,51,2,1,1,1,1,1,1.471961987,0.146809156,0.004852167,1.487711864,43,0,3,0,0,0,0,0,0,0,0,0,0,,,0,2,0,0,0,0,0,0,0,0,0,0,,,0,2,0,0,0,0,0,0,0,0,0,0,,,0,1,0,0,0,0,0,0,0,0,0,0,,,
391,ok,102,3,2,2,1.696462948,3.359279376,0.215789812,0.869802839,0.176502376,0.772872699,17,3,51,1,1,1,0,1,0,0.618006041,0.017576984,0.001169316,0.307838983,3,17,3,51,2,1,1,1,1,1,1.50752877,0.047643975,0.001574674,1.553813559,45,0,3,0,0,0,0,0,0,0,0,0,0,,,0,2,0,0,0,0,0,0,0,0,0,0,,,0,2,0,0,0,0,0,0,0,0,0,0,,,0,1,0,0,0,0,0,0,0,0,0,0,,,
404,ok,102,3,2,2,2.259674446,2.342472546,0.810481331,0.853061439,0.198875355,0.383212997,12,3,36,2,1,1,0,1,1,2.745967691,3.963000118,0.263640262,0.108262712,0,0,3,0,0,0,0,0,0,0,0,0,0,,,22,3,66,1,1,1,1,1,0,1.061420831,0.0056582,9.59E-05,0.855932203,50,0,2,0,0,0,0,0,0,0,0,0,0,,,0,2,0,0,0,0,0,0,0,0,0,0,,,0,1,0,0,0,0,0,0,0,0,0,0,,,
423,ok,102,3,2,2,1.198028134,1.305860056,0.725966854,1.004669418,0.571427611,0.258782207,12,3,36,2,1,1,0,1,1,4.622089441,2.791792057,0.18572515,0.108262712,0,0,3,0,0,0,0,0,0,0,0,0,0,,,22,3,66,1,1,1,1,1,0,0.918810397,0.008286177,0.000140444,0.56779661,33,0,2,0,0,0,0,0,0,0,0,0,0,,,0,2,0,0,0,0,0,0,0,0,0,0,,,0,1,0,0,0,0,0,0,0,0,0,0,,,
456,ok,102,3,2,2,1.768837181,1.342379414,0.127825172,0.871568603,0.19360661,0.948785728,17,3,51,1,1,1,0,1,0,0.411558982,0.006170543,0.000410498,0.374364407,4,17,3,51,2,1,1,1,1,1,1.45889468,0.263102983,0.008695777,1.322457627,38,0,3,0,0,0,0,0,0,0,0,0,0,,,0,2,0,0,0,0,0,0,0,0,0,0,,,0,2,0,0,0,0,0,0,0,0,0,0,,,0,1,0,0,0,0,0,0,0,0,0,0,,,
533,ok,102,3,2,2,1.542318508,1.361058254,1.220280053,2.100847669,0.636228937,0.204407259,12,3,36,2,1,1,0,1,1,4.491358338,0.437594481,0.029111158,0.108262712,0,0,3,0,0,0,0,0,0,0,0,0,0,,,22,3,66,1,1,1,1,1,0,0.795347041,0.008425291,0.000142802,0.415254237,24,0,2,0,0,0,0,0,0,0,0,0,0,,,0,2,0,0,0,0,0,0,0,0,0,0,,,0,1,0,0,0,0,0,0,0,0,0,0,,,
553,ok,102,3,2,2,1.253846746,1.390219737,0.067306845,0.503707046,0.815534707,0.294826494,12,3,36,2,1,1,0,1,1,3.283720834,0.003098973,0.00020616,0.108262712,0,22,3,66,1,1,1,1,1,0,1.295318004,17.3671919,0.57400041,1.322457627,38,0,3,0,0,0,0,0,0,0,0,0,0,,,0,2,0,0,0,0,0,0,0,0,0,0,,,0,2,0,0,0,0,0,0,0,0,0,0,,,0,1,0,0,0,0,0,0,0,0,0,0,,,
594,ok,102,3,2,2,1.210153756,0.208137287,0.500447713,0.850401034,0.431828412,0.16627757,17,3,51,1,1,1,0,1,0,3.668682412,0.26467431,0.017607571,0.108262712,0,0,3,0,0,0,0,0,0,0,0,0,0,,,17,3,51,2,1,1,1,1,1,1.244424332,0.289468099,0.004906239,0.805084746,47,0,2,0,0,0,0,0,0,0,0,0,0,,,0,2,0,0,0,0,0,0,0,0,0,0,,,0,1,0,0,0,0,0,0,0,0,0,0,,,
605,ok,102,3,2,2,2.359604262,0.110240069,0.278673406,0.906010158,0.84355307,0.032224803,17,3,51,1,1,1,0,1,0,2.890929246,0.014117544,0.000939176,0.108262712,0,0,3,0,0,0,0,0,0,0,0,0,0,,,17,3,51,2,1,1,1,1,1,1.092736549,0.1328624,0.002251905,0.618644068,36,0,2,0,0,0,0,0,0,0,0,0,0,,,0,2,0,0,0,0,0,0,0,0,0,0,,,0,1,0,0,0,0,0,0,0,0,0,0,,,
619,ok,102,3,2,2,1.537116617,3.698483961,0.05796521,0.706709679,0.779786135,0.483581744,17,3,51,2,1,1,1,1,1,3.480348602,0.00944037,0.000628025,0.108262712,0,17,3,51,1,1,1,0,1,0,1.343728596,30.9215336,1.02198289,1.851271186,54,0,3,0,0,0,0,0,0,0,0,0,0,,,0,2,0,0,0,0,0,0,0,0,0,0,,,0,2,0,0,0,0,0,0,0,0,0,0,,,0,1,0,0,0,0,0,0,0,0,0,0,,,
689,ok,102,3,2,2,1.816722575,0.861386058,0.157207456,1.101048912,0.350161055,0.628578307,17,3,51,1,1,1,0,1,0,0.397188026,0.0043121,0.000286864,0.440889831,5,17,3,51,2,1,1,1,1,1,1.431044175,0.298858391,0.009877523,1.454661017,42,0,3,0,0,0,0,0,0,0,0,0,0,,,0,2,0,0,0,0,0,0,0,0,0,0,,,0,2,0,0,0,0,0,0,0,0,0,0,,,0,1,0,0,0,0,0,0,0,0,0,0,,,
712,ok,102,3,2,2,2.150478486,0.212785775,1.270728944,0.546898441,0.768541587,0.869760208,17,3,51,1,1,1,0,1,0,1.02449935,7.543230053,0.501816576,0.174788136,1,17,3,51,2,1,1,1,1,1,1.216786026,32.23292891,1.065325617,1.421610169,41,0,3,0,0,0,0,0,0,0,0,0,0,,,0,2,0,0,0,0,0,0,0,0,0,0,,,0,2,0,0,0,0,0,0,0,0,0,0,,,0,1,0,0,0,0,0,0,0,0,0,0,,,
758,ok,102,3,2,2,2.025383651,0.720888207,0.124405767,0.846873856,0.183088519,0.526611078,17,3,51,1,1,1,0,1,0,0.706394437,0.021120599,0.001405057,0.174788136,1,17,3,51,2,1,1,1,1,1,1.484752285,0.125008585,0.00413164,1.322457627,38,0,3,0,0,0,0,0,0,0,0,0,0,,,0,2,0,0,0,0,0,0,0,0,0,0,,,0,2,0,0,0,0,0,0,0,0,0,0,,,0,1,0,0,0,0,0,0,0,0,0,0,,,
798,ok,102,3,2,2,1.590575004,0.672442742,0.053479507,0.855403025,0.19570849,0.419921792,17,3,51,1,1,1,0,1,0,0.529027019,0.002139334,0.00014232,0.174788136,1,17,3,51,2,1,1,1,1,1,1.555917601,0.036514291,0.001206828,1.223305085,35,0,3,0,0,0,0,0,0,0,0,0,0,,,0,2,0,0,0,0,0,0,0,0,0,0,,,0,2,0,0,0,0,0,0,0,0,0,0,,,0,1,0,0,0,0,0,0,0,0,0,0,,,
815,ok,102,3,2,2,1.129487377,0.484662399,1.144053426,1.281348715,0.632209469,0.087661772,17,3,51,1,1,1,0,1,0,4.786004608,0.176979785,0.011773655,0.108262712,0,0,3,0,0,0,0,0,0,0,0,0,0,,,17,3,51,2,1,1,1,1,1,1.319882181,0.29151703,0.004940967,0.56779661,33,0,2,0,0,0,0,0,0,0,0,0,0,,,0,2,0,0,0,0,0,0,0,0,0,0,,,0,1,0,0,0,0,0,0,0,0,0,0,,,
883,ok,102,3,2,2,1.721174913,2.349913255,0.599654268,2.081550507,0.756362407,0.256231841,12,3,36,2,1,1,0,1,1,3.71246132,0.126540146,0.008418137,0.108262712,0,0,3,0,0,0,0,0,0,0,0,0,0,,,22,3,66,1,1,1,1,1,0,0.544903198,0.001127424,1.91E-05,0.771186441,45,0,2,0,0,0,0,0,0,0,0,0,0,,,0,2,0,0,0,0,0,0,0,0,0,0,,,0,1,0,0,0,0,0,0,0,0,0,0,,,
924,ok,102,3,2,2,2.127403723,1.21599132,0.379335724,0.988238679,0.780146939,0.263050227,12,3,36,2,1,1,0,1,1,3.73901495,0.134941593,0.008977047,0.108262712,0,0,3,0,0,0,0,0,0,0,0,0,0,,,22,3,66,1,1,1,1,1,0,0.576272828,0.002943744,4.99E-05,0.652542373,38,0,2,0,0,0,0,0,0,0,0,0,0,,,0,2,0,0,0,0,0,0,0,0,0,0,,,0,1,0,0,0,0,0,0,0,0,0,0,,,
941,ok,102,3,2,2,1.573648676,2.433617629,0.142736407,0.554807461,0.777997742,0.314633545,12,3,36,2,1,1,0,1,1,3.734177405,0.029699751,0.001975789,0.108262712,0,22,3,66,1,1,1,1,1,0,1.323834944,20.88115966,0.690140023,1.454661017,42,0,3,0,0,0,0,0,0,0,0,0,0,,,0,2,0,0,0,0,0,0,0,0,0,0,,,0,2,0,0,0,0,0,0,0,0,0,0,,,0,1,0,0,0,0,0,0,0,0,0,0,,,
962,ok,102,3,2,2,1.508171958,3.30140897,0.243673098,1.079097098,0.46937647,0.468232774,17,3,51,1,1,1,0,1,0,0.534827401,0.005754817,0.000382842,0.440889831,5,17,3,51,2,1,1,1,1,1,1.499516599,0.030326799,0.001002326,1.851271186,54,0,3,0,0,0,0,0,0,0,0,0,0,,,0,2,0,0,0,0,0,0,0,0,0,0,,,0,2,0,0,0,0,0,0,0,0,0,0,,,0,1,0,0,0,0,0,0,0,0,0,0,,,
1008,ok,102,3,2,2,1.645017831,2.714908126,0.220119371,0.705806797,0.775275788,0.502229908,17,3,51,2,1,1,1,1,1,3.91303752,0.203136429,0.013513737,0.108262712,0,17,3,51,1,1,1,0,1,0,1.34479613,32.61878943,1.078078634,1.851271186,54,0,3,0,0,0,0,0,0,0,0,0,0,,,0,2,0,0,0,0,0,0,0,0,0,0,,,0,2,0,0,0,0,0,0,0,0,0,0,,,0,1,0,0,0,0,0,0,0,0,0,0,,,
1034,ok,102,3,2,2,1.77593585,0.248404864,0.737593563,1.62624633,0.651660304,0.104720779,17,3,51,1,1,1,0,1,0,4.121486583,0.164493586,0.010943006,0.108262712,0,0,3,0,0,0,0,0,0,0,0,0,0,,,17,3,51,2,1,1,1,1,1,1.255724873,0.579551579,0.009822908,0.805084746,47,0,2,0,0,0,0,0,0,0,0,0,0,,,0,2,0,0,0,0,0,0,0,0,0,0,,,0,1,0,0,0,0,0,0,0,0,0,0,,,
1052,ok,102,3,2,2,1.142831405,3.158867543,0.280790749,0.942967404,0.358305593,0.474754734,17,3,51,1,1,1,0,1,0,0.657734483,0.008824922,0.000587082,0.374364407,4,17,3,51,2,1,1,1,1,1,1.508355309,0.013538284,0.000447452,1.553813559,45,0,3,0,0,0,0,0,0,0,0,0,0,,,0,2,0,0,0,0,0,0,0,0,0,0,,,0,2,0,0,0,0,0,0,0,0,0,0,,,0,1,0,0,0,0,0,0,0,0,0,0,,,
1084,ok,102,3,2,2,1.897005955,2.966295189,0.224640287,1.4252734,0.845307914,0.374620531,12,3,36,2,1,1,0,1,1,3.151203098,0.036686076,0.002440557,0.108262712,0,22,3,66,1,1,1,1,1,0,1.230301675,0.000856797,2.83E-05,1.785169492,52,0,3,0,0,0,0,0,0,0,0,0,0,,,0,2,0,0,0,0,0,0,0,0,0,0,,,0,2,0,0,0,0,0,0,0,0,0,0,,,0,1,0,0,0,0,0,0,0,0,0,0,,,
1095,ok,102,3,2,2,2.183870182,0.257596181,0.794408567,2.463060793,0.803214319,0.044452504,17,3,51,1,1,1,0,1,0,3.120362808,0.03901528,0.002595508,0.108262712,0,0,3,0,0,0,0,0,0,0,0,0,0,,,17,3,51,2,1,1,1,1,1,1.256553734,0.842489655,0.014279486,0.957627119,56,0,2,0,0,0,0,0,0,0,0,0,0,,,0,2,0,0,0,0,0,0,0,0,0,0,,,0,1,0,0,0,0,0,0,0,0,0,0,,,
1155,ok,102,3,2,2,1.841696839,1.491075902,0.577928389,0.844837591,0.559547554,0.295467855,12,3,36,2,1,1,0,1,1,4.500289957,3.959837128,0.263429843,0.108262712,0,0,3,0,0,0,0,0,0,0,0,0,0,,,22,3,66,1,1,1,1,1,0,0.895526295,0.009626479,0.000163161,0.652542373,38,0,2,0,0,0,0,0,0,0,0,0,0,,,0,2,0,0,0,0,0,0,0,0,0,0,,,0,1,0,0,0,0,0,0,0,0,0,0,,,
1230,ok,102,3,2,2,2.282521988,0.19896558,0.404369766,1.138017769,0.861673694,0.07341832,17,3,51,1,1,1,0,1,0,2.78425746,0.011732045,0.000780479,0.108262712,0,0,3,0,0,0,0,0,0,0,0,0,0,,,17,3,51,2,1,1,1,1,1,1.160880837,0.190647322,0.003231311,0.805084746,47,0,2,0,0,0,0,0,0,0,0,0,0,,,0,2,0,0,0,0,0,0,0,0,0,0,,,0,1,0,0,0,0,0,0,0,0,0,0,,,
1272,ok,102,3,2,2,1.644194919,0.285075089,1.207996324,2.265756383,0.887345597,0.056443997,17,3,51,1,1,1,0,1,0,2.550326742,0.018737905,0.001246547,0.108262712,0,0,3,0,0,0,0,0,0,0,0,0,0,,,17,3,51,2,1,1,1,1,1,1.253730133,0.31683226,0.005370038,0.533898305,31,0,2,0,0,0,0,0,0,0,0,0,0,,,0,2,0,0,0,0,0,0,0,0,0,0,,,0,1,0,0,0,0,0,0,0,0,0,0,,,
1311,ok,102,3,2,2,2.072269149,1.345048516,0.057046538,0.506765202,0.803000768,0.345609224,12,3,36,2,1,1,0,1,1,3.347689119,0.008325084,0.00055383,0.108262712,0,22,3,66,1,1,1,1,1,0,1.295859903,19.54840033,0.646091197,1.322457627,38,0,3,0,0,0,0,0,0,0,0,0,0,,,0,2,0,0,0,0,0,0,0,0,0,0,,,0,2,0,0,0,0,0,0,0,0,0,0,,,0,1,0,0,0,0,0,0,0,0,0,0,,,
1364,ok,102,3,2,2,2.459024287,0.308365027,0.149981451,0.873044911,0.772627115,0.14087636,12,3,36,2,1,1,0,1,1,3.496387856,0.005162309,0.000343425,0.108262712,0,0,3,0,0,0,0,0,0,0,0,0,0,,,22,3,66,1,1,1,1,1,0,0.255249155,0.001539083,2.61E-05,0.262711864,15,0,2,0,0,0,0,0,0,0,0,0,0,,,0,2,0,0,0,0,0,0,0,0,0,0,,,0,1,0,0,0,0,0,0,0,0,0,0,,,
1378,ok,102,3,2,2,1.703655617,1.77293603,0.257693317,0.922935192,0.125602708,0.496950655,17,3,51,1,1,1,0,1,0,0.795959108,0.028692362,0.001908772,0.174788136,1,17,3,51,2,1,1,1,1,1,1.532361419,0.004262328,0.000140874,1.586864407,46,0,3,0,0,0,0,0,0,0,0,0,0,,,0,2,0,0,0,0,0,0,0,0,0,0,,,0,2,0,0,0,0,0,0,0,0,0,0,,,0,1,0,0,0,0,0,0,0,0,0,0,,,
1446,ok,102,3,2,2,1.249761182,2.827854651,1.091721872,0.783168205,0.897536942,0.173676282,17,3,51,1,1,1,0,1,0,2.196855566,0.653061062,0.043445164,0.108262712,0,0,3,0,0,0,0,0,0,0,0,0,0,,,17,3,51,2,1,1,1,1,1,1.38747827,0.016469681,0.000279147,0.737288136,43,0,2,0,0,0,0,0,0,0,0,0,0,,,0,2,0,0,0,0,0,0,0,0,0,0,,,0,1,0,0,0,0,0,0,0,0,0,0,,,
1449,ok,102,3,2,2,1.36204444,2.730090151,0.951245193,1.448264066,0.689122708,0.185722801,12,3,36,2,1,1,0,1,1,4.302931201,0.192258217,0.012790059,0.108262712,0,0,3,0,0,0,0,0,0,0,0,0,0,,,22,3,66,1,1,1,1,1,0,0.838684145,0.002673614,4.53E-05,0.618644068,36,0,2,0,0,0,0,0,0,0,0,0,0,,,0,2,0,0,0,0,0,0,0,0,0,0,,,0,1,0,0,0,0,0,0,0,0,0,0,,,
1513,ok,102,3,2,2,2.416291167,0.561042731,0.24604975,1.047181222,0.825810389,0.139328928,12,3,36,2,1,1,0,1,1,3.229393584,0.007869907,0.000523549,0.108262712,0,0,3,0,0,0,0,0,0,0,0,0,0,,,22,3,66,1,1,1,1,1,0,0.360339182,0.001863384,3.16E-05,0.415254237,24,0,2,0,0,0,0,0,0,0,0,0,0,,,0,2,0,0,0,0,0,0,0,0,0,0,,,0,1,0,0,0,0,0,0,0,0,0,0,,,
1607,ok,102,3,2,2,2.432851547,0.774575714,0.279550674,1.194748131,0.89449006,0.189314096,12,3,36,2,1,1,0,1,1,2.857048208,0.009467095,0.000629802,0.108262712,0,0,3,0,0,0,0,0,0,0,0,0,0,,,22,3,66,1,1,1,1,1,0,0.366807342,0.000837094,1.42E-05,0.516949153,30,0,2,0,0,0,0,0,0,0,0,0,0,,,0,2,0,0,0,0,0,0,0,0,0,0,,,0,1,0,0,0,0,0,0,0,0,0,0,,,
1679,ok,102,3,2,2,1.984931381,0.688632861,0.063349158,0.845935751,0.230692199,0.402013281,17,3,51,1,1,1,0,1,0,0.623442883,0.004457818,0.000296558,0.174788136,1,17,3,51,2,1,1,1,1,1,1.559778642,0.043993553,0.001454024,1.190254237,34,0,3,0,0,0,0,0,0,0,0,0,0,,,0,2,0,0,0,0,0,0,0,0,0,0,,,0,2,0,0,0,0,0,0,0,0,0,0,,,0,1,0,0,0,0,0,0,0,0,0,0,,,
1711,ok,102,3,2,2,1.557366365,2.92336364,0.127317077,1.056046846,0.281575042,0.501775676,17,3,51,1,1,1,0,1,0,0.550357961,0.008270024,0.000550167,0.241313559,2,17,3,51,2,1,1,1,1,1,1.501417575,0.045805064,0.001513896,1.884322034,55,0,3,0,0,0,0,0,0,0,0,0,0,,,0,2,0,0,0,0,0,0,0,0,0,0,,,0,2,0,0,0,0,0,0,0,0,0,0,,,0,1,0,0,0,0,0,0,0,0,0,0,,,
1733,ok,102,3,2,2,1.6754427,1.466957781,0.208792839,0.853937408,0.61419984,0.395006717,17,3,51,1,1,1,0,1,0,0.559027962,0.004210696,0.000280118,0.440889831,5,17,3,51,2,1,1,1,1,1,1.524043789,0.032380876,0.001070215,1.223305085,35,0,3,0,0,0,0,0,0,0,0,0,0,,,0,2,0,0,0,0,0,0,0,0,0,0,,,0,2,0,0,0,0,0,0,0,0,0,0,,,0,1,0,0,0,0,0,0,0,0,0,0,,,
1738,ok,102,3,2,2,1.0765755,1.513336423,0.114657842,2.380208836,0.76056309,0.373176073,12,3,36,2,1,1,0,1,1,3.492146262,0.003784106,0.000251739,0.108262712,0,22,3,66,1,1,1,1,1,0,0.812167121,0.000631776,2.09E-05,1.487711864,43,0,3,0,0,0,0,0,0,0,0,0,0,,,0,2,0,0,0,0,0,0,0,0,0,0,,,0,2,0,0,0,0,0,0,0,0,0,0,,,0,1,0,0,0,0,0,0,0,0,0,0,,,
1771,ok,102,3,2,2,1.52941956,0.830185814,0.085533199,1.059775807,0.261223649,0.355835855,17,3,51,1,1,1,0,1,0,0.690881783,0.004573931,0.000304283,0.174788136,1,17,3,51,2,1,1,1,1,1,1.544427961,0.047102029,0.001556762,1.553813559,45,0,3,0,0,0,0,0,0,0,0,0,0,,,0,2,0,0,0,0,0,0,0,0,0,0,,,0,2,0,0,0,0,0,0,0,0,0,0,,,0,1,0,0,0,0,0,0,0,0,0,0,,,
1798,ok,102,3,2,2,2.149582212,3.756642972,0.193813543,1.001430379,0.398301908,0.495776856,17,3,51,1,1,1,0,1,0,0.532713807,0.010093971,0.000671506,0.374364407,4,17,3,51,2,1,1,1,1,1,1.511955096,0.02855181,0.000943662,1.752118644,51,0,3,0,0,0,0,0,0,0,0,0,0,,,0,2,0,0,0,0,0,0,0,0,0,0,,,0,2,0,0,0,0,0,0,0,0,0,0,,,0,1,0,0,0,0,0,0,0,0,0,0,,,
1834,ok,102,3,2,2,1.264925683,0.54017966,0.425789732,0.857131,0.813886223,0.156170224,12,3,36,2,1,1,0,1,1,3.554355237,0.014071477,0.000936111,0.108262712,0,0,3,0,0,0,0,0,0,0,0,0,0,,,22,3,66,1,1,1,1,1,0,0.65240423,0.003029957,5.14E-05,0.381355932,22,0,2,0,0,0,0,0,0,0,0,0,0,,,0,2,0,0,0,0,0,0,0,0,0,0,,,0,1,0,0,0,0,0,0,0,0,0,0,,,
1849,ok,102,3,2,2,2.289495029,0.854037173,0.075643171,0.961518811,0.454426046,0.481867238,17,3,51,1,1,1,0,1,0,0.334038958,0.001833754,0.000121991,0.374364407,4,17,3,51,2,1,1,1,1,1,1.444591774,0.151921041,0.005021119,1.28940678,37,0,3,0,0,0,0,0,0,0,0,0,0,,,0,2,0,0,0,0,0,0,0,0,0,0,,,0,2,0,0,0,0,0,0,0,0,0,0,,,0,1,0,0,0,0,0,0,0,0,0,0,,,
1858,ok,102,3,2,2,2.40038536,1.36186528,0.459666835,0.774496591,0.422069144,0.384612103,12,3,36,2,1,1,0,1,1,3.715133755,2.394457965,0.159292331,0.108262712,0,0,3,0,0,0,0,0,0,0,0,0,0,,,22,3,66,1,1,1,1,1,0,0.837030504,0.011037248,0.000187072,0.788135593,46,0,2,0,0,0,0,0,0,0,0,0,0,,,0,2,0,0,0,0,0,0,0,0,0,0,,,0,1,0,0,0,0,0,0,0,0,0,0,,,
1919,ok,102,3,2,2,1.067254028,0.887034365,0.092242285,1.009843189,0.305379968,0.502794601,17,3,51,1,1,1,0,1,0,0.506685814,0.003299128,0.000219476,0.241313559,2,17,3,51,2,1,1,1,1,1,1.465809055,0.104046126,0.003438813,1.487711864,43,0,3,0,0,0,0,0,0,0,0,0,0,,,0,2,0,0,0,0,0,0,0,0,0,0,,,0,2,0,0,0,0,0,0,0,0,0,0,,,0,1,0,0,0,0,0,0,0,0,0,0,,,
1988,ok,102,3,2,2,1.725388056,1.013057618,1.231410624,1.869036805,0.755270908,0.102927976,12,3,36,2,1,1,0,1,1,3.828843134,0.043848522,0.002917041,0.108262712,0,0,3,0,0,0,0,0,0,0,0,0,0,,,22,3,66,1,1,1,1,1,0,0.851852494,0.010070424,0.000170685,0.347457627,20,0,2,0,0,0,0,0,0,0,0,0,0,,,0,2,0,0,0,0,0,0,0,0,0,0,,,0,1,0,0,0,0,0,0,0,0,0,0,,,
35,ok,102,2,2,2,1.728265231,3.583259524,0.147802886,0.709178929,0.496905869,0.147841481,17,3,51,1,1,1,0,1,0,2.957496789,0.034283296,0.002280711,0.108262712,0,17,3,51,1,1,1,0,1,0,1.369864468,30.63355127,1.01246483,1.851271186,54,0,3,0,0,0,0,0,0,0,0,0,0,,,0,2,0,0,0,0,0,0,0,0,0,0,,,0,2,0,0,0,0,0,0,0,0,0,0,,,0,1,0,0,0,0,0,0,0,0,0,0,,,
66,ok,102,2,2,2,2.146541502,2.288785444,0.160149516,1.87322503,0.679454668,0.337385477,17,3,51,1,1,1,0,1,0,0.415893941,0.001696669,0.000112872,0.374364407,4,17,3,51,1,1,1,0,1,0,1.119774096,0.002330598,7.70E-05,1.950423729,57,0,3,0,0,0,0,0,0,0,0,0,0,,,0,2,0,0,0,0,0,0,0,0,0,0,,,0,2,0,0,0,0,0,0,0,0,0,0,,,0,1,0,0,0,0,0,0,0,0,0,0,,,
153,ok,102,2,2,2,1.975329961,2.429029469,0.316597002,1.727130429,0.356158279,0.39655269,17,3,51,1,1,1,0,1,0,0.591808806,0.014162727,0.000942181,0.307838983,3,17,3,51,1,1,1,0,1,0,1.144608648,0.002676454,8.85E-05,1.884322034,55,0,3,0,0,0,0,0,0,0,0,0,0,,,0,2,0,0,0,0,0,0,0,0,0,0,,,0,2,0,0,0,0,0,0,0,0,0,0,,,0,1,0,0,0,0,0,0,0,0,0,0,,,
401,ok,102,2,2,2,2.032713447,3.218933755,0.519280826,0.880335697,0.656688742,0.173160422,17,3,51,1,1,1,0,1,0,2.244081985,0.10662325,0.007093157,0.174788136,1,0,3,0,0,0,0,0,0,0,0,0,0,,,17,3,51,1,1,1,0,1,0,0.798304623,0.002873703,4.87E-05,0.940677966,55,0,2,0,0,0,0,0,0,0,0,0,0,,,0,2,0,0,0,0,0,0,0,0,0,0,,,0,1,0,0,0,0,0,0,0,0,0,0,,,
523,ok,102,2,2,2,1.260037196,1.005175485,0.617947165,0.887519568,0.110420643,0.462927907,17,3,51,1,1,1,0,1,0,1.417537824,0.102094102,0.006791853,0.174788136,1,0,3,0,0,0,0,0,0,0,0,0,0,,,17,3,51,1,1,1,0,1,0,0.900125051,0.003932211,6.66E-05,0.974576271,57,0,2,0,0,0,0,0,0,0,0,0,0,,,0,2,0,0,0,0,0,0,0,0,0,0,,,0,1,0,0,0,0,0,0,0,0,0,0,,,
748,ok,102,2,2,2,1.586498484,2.84246252,0.300032025,1.428617433,0.438501538,0.397758962,17,3,51,1,1,1,0,1,0,0.56292424,0.007821651,0.000520339,0.374364407,4,17,3,51,1,1,1,0,1,0,1.277579952,0.002501869,8.27E-05,1.851271186,54,0,3,0,0,0,0,0,0,0,0,0,0,,,0,2,0,0,0,0,0,0,0,0,0,0,,,0,2,0,0,0,0,0,0,0,0,0,0,,,0,1,0,0,0,0,0,0,0,0,0,0,,,
749,ok,102,2,2,2,1.76248956,2.507686577,0.31546999,0.73276284,0.38973537,0.505613928,17,3,51,1,1,1,0,1,0,0.822165923,0.018269981,0.001215418,0.440889831,5,17,3,51,1,1,1,0,1,0,1.347131296,39.86046926,1.317422289,1.917372881,56,0,3,0,0,0,0,0,0,0,0,0,0,,,0,2,0,0,0,0,0,0,0,0,0,0,,,0,2,0,0,0,0,0,0,0,0,0,0,,,0,1,0,0,0,0,0,0,0,0,0,0,,,
755,ok,102,2,2,2,1.256955887,1.516778176,0.305208796,1.849477171,0.549336699,0.198099205,17,3,51,1,1,1,0,1,0,1.304105372,0.013420651,0.000892814,0.174788136,1,0,3,0,0,0,0,0,0,0,0,0,0,,,17,3,51,1,1,1,0,1,0,0.393214872,0.000912272,1.55E-05,0.991525424,58,0,2,0,0,0,0,0,0,0,0,0,0,,,0,2,0,0,0,0,0,0,0,0,0,0,,,0,1,0,0,0,0,0,0,0,0,0,0,,,
840,ok,102,2,2,2,1.182042476,0.808958356,0.32606279,1.131722633,0.268285288,0.209934496,17,3,51,1,1,1,0,1,0,2.117832844,0.079692401,0.005301571,0.108262712,0,0,3,0,0,0,0,0,0,0,0,0,0,,,17,3,51,1,1,1,0,1,0,0.529803329,0.00315986,5.36E-05,0.923728814,54,0,2,0,0,0,0,0,0,0,0,0,0,,,0,2,0,0,0,0,0,0,0,0,0,0,,,0,1,0,0,0,0,0,0,0,0,0,0,,,
929,ok,102,2,2,2,2.110508137,2.178014485,0.102534641,0.714614395,0.314933724,0.224431953,17,3,51,1,1,1,0,1,0,2.048683226,0.033190005,0.002207979,0.108262712,0,17,3,51,1,1,1,0,1,0,1.362191406,37.28922775,1.232440578,1.884322034,55,0,3,0,0,0,0,0,0,0,0,0,0,,,0,2,0,0,0,0,0,0,0,0,0,0,,,0,2,0,0,0,0,0,0,0,0,0,0,,,0,1,0,0,0,0,0,0,0,0,0,0,,,
1023,ok,102,2,2,2,1.636330709,1.191098264,0.319914433,2.13981165,0.106897587,0.436048633,17,3,51,1,1,1,0,1,0,1.051991723,0.056641614,0.003768107,0.108262712,0,17,3,51,1,1,1,0,1,0,0.983337024,0.00126301,4.17E-05,1.851271186,54,0,3,0,0,0,0,0,0,0,0,0,0,,,0,2,0,0,0,0,0,0,0,0,0,0,,,0,2,0,0,0,0,0,0,0,0,0,0,,,0,1,0,0,0,0,0,0,0,0,0,0,,,
1111,ok,102,2,2,2,1.113465287,0.978604391,0.222730891,0.703857028,0.330701094,0.316427832,17,3,51,1,1,1,0,1,0,1.259341004,0.034257509,0.002278995,0.174788136,1,17,3,51,1,1,1,0,1,0,1.343282226,30.12328114,0.99559997,1.851271186,54,0,3,0,0,0,0,0,0,0,0,0,0,,,0,2,0,0,0,0,0,0,0,0,0,0,,,0,2,0,0,0,0,0,0,0,0,0,0,,,0,1,0,0,0,0,0,0,0,0,0,0,,,
1194,ok,102,2,2,2,1.47148365,1.644447599,0.589861004,0.689079461,0.21875735,0.036900599,0,3,0,0,0,0,0,0,0,0,0,0,,,17,3,51,1,1,1,0,1,0,1.374004973,28.93296355,0.956258965,1.818220339,53,17,3,51,1,1,1,0,1,0,1.030033425,0.006362666,0.000107842,0.940677966,55,0,2,0,0,0,0,0,0,0,0,0,0,,,0,2,0,0,0,0,0,0,0,0,0,0,,,0,1,0,0,0,0,0,0,0,0,0,0,,,
1377,ok,102,2,2,2,1.967262525,0.900260042,0.140068033,1.940164622,0.239646277,0.34279621,17,3,51,1,1,1,0,1,0,0.654314669,0.006906713,0.000459472,0.174788136,1,17,3,51,1,1,1,0,1,0,1.094522962,0.005363269,0.000177261,1.851271186,54,0,3,0,0,0,0,0,0,0,0,0,0,,,0,2,0,0,0,0,0,0,0,0,0,0,,,0,2,0,0,0,0,0,0,0,0,0,0,,,0,1,0,0,0,0,0,0,0,0,0,0,,,
1645,ok,102,2,2,2,2.141694104,2.753178802,0.060372242,1.648971216,0.36237229,0.398982158,17,3,51,1,1,1,0,1,0,0.444695479,0.001411249,9.39E-05,0.241313559,2,17,3,51,1,1,1,0,1,0,1.185534537,0.002659352,8.79E-05,1.917372881,56,0,3,0,0,0,0,0,0,0,0,0,0,,,0,2,0,0,0,0,0,0,0,0,0,0,,,0,2,0,0,0,0,0,0,0,0,0,0,,,0,1,0,0,0,0,0,0,0,0,0,0,,,
1697,ok,102,2,2,2,1.05782851,2.149806811,0.345505031,1.665545542,0.2793612,0.413381465,17,3,51,1,1,1,0,1,0,0.720593652,0.015892455,0.001057252,0.241313559,2,17,3,51,1,1,1,0,1,0,1.147747186,0.001536993,5.08E-05,1.851271186,54,0,3,0,0,0,0,0,0,0,0,0,0,,,0,2,0,0,0,0,0,0,0,0,0,0,,,0,2,0,0,0,0,0,0,0,0,0,0,,,0,1,0,0,0,0,0,0,0,0,0,0,,,
1740,ok,100,2,2,1,2.395554478,0.076924195,0.853221075,2.448961075,0.126282405,0.019109066,0,3,0,0,0,0,0,0,0,0,0,0,,,0,3,0,0,0,0,0,0,0,0,0,0,,,22,3,66,1,1,1,1,1,0,0.602760202,0.041302742,0.000700046,0.228813559,13,0,2,0,0,0,0,0,0,0,0,0,0,,,17,2,34,1,1,0,1,1,0,0.04673574,0.056523489,0.00076642,0.771186441,49,0,1,0,0,0,0,0,0,0,0,0,0,,,
1886,ok,100,2,2,1,2.222830163,0.077340786,0.074640487,1.271021913,0.244803832,0.014723679,0,3,0,0,0,0,0,0,0,0,0,0,,,0,3,0,0,0,0,0,0,0,0,0,0,,,22,3,66,1,1,1,1,1,0,0.10173148,0.000864164,1.46E-05,0.177966102,10,0,2,0,0,0,0,0,0,0,0,0,0,,,17,2,34,1,1,0,1,1,0,0.022880841,0.000979048,1.33E-05,0.771186441,49,0,1,0,0,0,0,0,0,0,0,0,0,,,
97,ok,96,4,2,2,1.710127341,3.325786291,0.126724092,0.617052067,0.873660375,0.999010396,20,3,60,1,1,1,1,0,0,0.349865616,0.000116675,7.76E-06,1.372245763,19,12,3,36,3,1,1,1,1,2,1.373004567,30.30057635,1.001459727,0.826694915,23,0,3,0,0,0,0,0,0,0,0,0,0,,,0,2,0,0,0,0,0,0,0,0,0,0,,,0,2,0,0,0,0,0,0,0,0,0,0,,,0,1,0,0,0,0,0,0,0,0,0,0,,,
455,ok,96,3,2,2,1.639463589,0.67560466,0.154724992,0.850929132,0.826589323,0.208461816,12,3,36,2,1,1,0,1,1,3.226020834,0.005417361,0.000360392,0.108262712,0,0,3,0,0,0,0,0,0,0,0,0,0,,,20,3,60,1,1,1,1,0,0,0.280789597,0.000504165,8.55E-06,0.550847458,32,0,2,0,0,0,0,0,0,0,0,0,0,,,0,2,0,0,0,0,0,0,0,0,0,0,,,0,1,0,0,0,0,0,0,0,0,0,0,,,
863,ok,96,3,2,2,2.296849709,1.040980753,0.063668333,1.615138666,0.891973457,0.224929655,12,3,36,2,1,1,0,1,1,2.641755014,0.000525534,3.50E-05,0.108262712,0,0,3,0,0,0,0,0,0,0,0,0,0,,,20,3,60,1,1,1,1,0,0,0.096851465,2.84E-05,4.82E-07,0.872881356,51,0,2,0,0,0,0,0,0,0,0,0,0,,,0,2,0,0,0,0,0,0,0,0,0,0,,,0,1,0,0,0,0,0,0,0,0,0,0,,,
1197,ok,96,3,2,2,1.611173001,0.087564433,0.063161428,0.862322568,0.257144749,0.108405231,0,3,0,0,0,0,0,0,0,0,0,0,,,0,3,0,0,0,0,0,0,0,0,0,0,,,22,3,66,1,1,1,1,1,0,0.125757066,0.00086009,1.46E-05,0.211864407,12,0,2,0,0,0,0,0,0,0,0,0,0,,,15,2,30,2,1,1,1,0,1,0.130368972,0.000218122,2.96E-06,0.540677966,32,0,1,0,0,0,0,0,0,0,0,0,0,,,
1234,ok,96,3,2,2,1.787211837,1.247920577,0.167953389,1.539824329,0.841891262,0.137149527,12,3,36,2,1,1,0,1,1,3.001778182,0.001307741,8.70E-05,0.108262712,0,0,3,0,0,0,0,0,0,0,0,0,0,,,20,3,60,1,1,1,1,0,0,0.242727162,0.000205647,3.49E-06,0.889830508,52,0,2,0,0,0,0,0,0,0,0,0,0,,,0,2,0,0,0,0,0,0,0,0,0,0,,,0,1,0,0,0,0,0,0,0,0,0,0,,,
1393,ok,96,3,2,2,1.54017483,1.677598842,0.302761336,1.320911696,0.876122309,0.286178669,12,3,36,2,1,1,0,1,1,3.012125022,0.019182055,0.001276094,0.108262712,0,0,3,0,0,0,0,0,0,0,0,0,0,,,20,3,60,1,1,1,1,0,0,0.415184218,0.000279071,4.73E-06,0.889830508,52,0,2,0,0,0,0,0,0,0,0,0,0,,,0,2,0,0,0,0,0,0,0,0,0,0,,,0,1,0,0,0,0,0,0,0,0,0,0,,,
1922,ok,96,3,2,2,1.422198891,0.352268458,0.102153042,1.030981572,0.768368406,0.16101691,12,3,36,2,1,1,0,1,1,3.452277646,0.001194279,7.94E-05,0.108262712,0,0,3,0,0,0,0,0,0,0,0,0,0,,,20,3,60,1,1,1,1,0,0,0.152183149,0.000319156,5.41E-06,0.330508475,19,0,2,0,0,0,0,0,0,0,0,0,0,,,0,2,0,0,0,0,0,0,0,0,0,0,,,0,1,0,0,0,0,0,0,0,0,0,0,,,
114,ok,96,2,2,2,1.660318232,0.129471851,0.137578808,2.005738457,0.325764701,0.122059276,0,3,0,0,0,0,0,0,0,0,0,0,,,0,3,0,0,0,0,0,0,0,0,0,0,,,22,3,66,1,1,1,1,1,0,0.13009416,0.001441939,2.44E-05,0.228813559,13,0,2,0,0,0,0,0,0,0,0,0,0,,,15,2,30,1,1,1,0,0,0,0.117950807,7.21E-06,9.78E-08,0.852542373,55,0,1,0,0,0,0,0,0,0,0,0,0,,,
168,ok,96,2,2,2,1.729180403,1.187903695,0.116311726,1.730784117,0.804233519,0.04218789,17,3,51,1,1,1,0,1,0,3.10770873,0.001237656,8.23E-05,0.108262712,0,0,3,0,0,0,0,0,0,0,0,0,0,,,15,3,45,1,1,1,0,0,0,0.172788239,0.00012439,2.11E-06,0.940677966,55,0,2,0,0,0,0,0,0,0,0,0,0,,,0,2,0,0,0,0,0,0,0,0,0,0,,,0,1,0,0,0,0,0,0,0,0,0,0,,,
1009,ok,96,2,2,2,2.119315574,1.5653194,0.194166604,1.470257305,0.779533705,0.096582668,17,3,51,1,1,1,0,1,0,3.281792012,0.002999748,0.000199559,0.108262712,0,0,3,0,0,0,0,0,0,0,0,0,0,,,15,3,45,1,1,1,0,0,0,0.299386746,0.000460603,7.81E-06,0.991525424,58,0,2,0,0,0,0,0,0,0,0,0,0,,,0,2,0,0,0,0,0,0,0,0,0,0,,,0,1,0,0,0,0,0,0,0,0,0,0,,,
318,ok,90,3,2,2,1.899589903,0.078066324,0.061334757,1.295611438,0.455230058,0.077272134,0,3,0,0,0,0,0,0,0,0,0,0,,,0,3,0,0,0,0,0,0,0,0,0,0,,,20,3,60,1,1,1,1,0,0,0.078784208,0.000468871,7.95E-06,0.110169492,6,0,2,0,0,0,0,0,0,0,0,0,0,,,15,2,30,2,1,1,1,0,1,0.088742887,1.64E-05,2.22E-07,0.744067797,47,0,1,0,0,0,0,0,0,0,0,0,0,,,
274,ok,90,2,2,1,1.90686486,0.086227149,0.155009121,1.008802598,0.157750775,0.030386532,0,3,0,0,0,0,0,0,0,0,0,0,,,0,3,0,0,0,0,0,0,0,0,0,0,,,22,3,66,1,1,1,1,1,0,0.270932312,0.004419912,7.49E-05,0.296610169,17,0,2,0,0,0,0,0,0,0,0,0,0,,,12,2,24,1,1,0,0,1,0,0.017554802,0.002015021,2.73E-05,0.866101695,56,0,1,0,0,0,0,0,0,0,0,0,0,,,
162,ok,88,2,2,2,1.614983409,1.139639636,1.878069988,0.627408757,0.224170968,0.281410795,0,3,0,0,0,0,0,0,0,0,0,0,,,22,3,66,1,1,1,1,1,0,1.346531997,29.27784585,0.967657617,1.652966102,48,0,3,0,0,0,0,0,0,0,0,0,0,,,0,2,0,0,0,0,0,0,0,0,0,0,,,0,2,0,0,0,0,0,0,0,0,0,0,,,22,1,22,1,1,1,1,1,0,1.533952337,27.85796416,0.944337768,0.720338983,6,
583,ok,88,2,2,2,1.704547237,0.393306695,1.850961189,0.533075067,0.515429524,0.164200497,0,3,0,0,0,0,0,0,0,0,0,0,,,22,3,66,1,1,1,1,1,0,1.261862359,17.94680001,0.593156949,1.388559322,40,0,3,0,0,0,0,0,0,0,0,0,0,,,0,2,0,0,0,0,0,0,0,0,0,0,,,0,2,0,0,0,0,0,0,0,0,0,0,,,22,1,22,1,1,1,1,1,0,1.685891753,21.93687716,0.743622954,0.720338983,6,
654,ok,88,2,2,2,1.082019957,0.211598641,1.126651076,0.54559995,0.126558344,0.36773349,0,3,0,0,0,0,0,0,0,0,0,0,,,22,3,66,1,1,1,1,1,0,1.304784008,23.13254532,0.764550227,1.421610169,41,0,3,0,0,0,0,0,0,0,0,0,0,,,0,2,0,0,0,0,0,0,0,0,0,0,,,0,2,0,0,0,0,0,0,0,0,0,0,,,22,1,22,1,1,1,1,1,0,2.174553566,0.090573594,0.003070291,0.822033898,9,
88,ok,87,5,2,2,1.46299804,1.604537308,0.081271623,0.596007742,0.780629733,0.656888871,17,3,51,2,1,1,1,1,1,3.697702441,0.040360588,0.002685005,0.108262712,0,12,3,36,3,1,1,1,1,2,1.342971108,27.61542356,0.912713152,0.793644068,22,0,3,0,0,0,0,0,0,0,0,0,0,,,0,2,0,0,0,0,0,0,0,0,0,0,,,0,2,0,0,0,0,0,0,0,0,0,0,,,0,1,0,0,0,0,0,0,0,0,0,0,,,
364,ok,87,5,2,2,2.342300435,1.286399578,0.083952969,0.567050604,0.800743522,0.460163263,17,3,51,2,1,1,1,1,1,3.495873605,0.038512643,0.00256207,0.108262712,0,12,3,36,3,1,1,1,1,2,1.471870281,25.526091,0.84365894,0.727542373,20,0,3,0,0,0,0,0,0,0,0,0,0,,,0,2,0,0,0,0,0,0,0,0,0,0,,,0,2,0,0,0,0,0,0,0,0,0,0,,,0,1,0,0,0,0,0,0,0,0,0,0,,,
728,ok,87,5,2,2,1.649392981,1.504646521,0.084886698,0.680772986,0.898593556,0.874728292,17,3,51,2,1,1,1,1,1,3.017717852,0.027063907,0.001800438,0.108262712,0,12,3,36,3,1,1,1,1,2,1.304046053,36.97745507,1.222136227,0.727542373,20,0,3,0,0,0,0,0,0,0,0,0,0,,,0,2,0,0,0,0,0,0,0,0,0,0,,,0,2,0,0,0,0,0,0,0,0,0,0,,,0,1,0,0,0,0,0,0,0,0,0,0,,,
811,ok,87,5,2,2,1.882633946,1.697469082,0.137313536,0.629889912,0.789357933,0.552467041,17,3,51,2,1,1,1,1,1,3.752427128,0.112884786,0.007509708,0.108262712,0,12,3,36,3,1,1,1,1,2,1.371155376,29.89611452,0.98809192,0.89279661,25,0,3,0,0,0,0,0,0,0,0,0,0,,,0,2,0,0,0,0,0,0,0,0,0,0,,,0,2,0,0,0,0,0,0,0,0,0,0,,,0,1,0,0,0,0,0,0,0,0,0,0,,,
1314,ok,87,5,2,2,2.258050421,3.929244948,0.357774771,0.688728724,0.575763868,0.833981242,17,3,51,2,1,1,1,1,1,1.842914118,1.567695808,0.104291628,0.241313559,2,12,3,36,3,1,1,1,1,2,1.461548693,42.9617577,1.4199225,1.091101695,31,0,3,0,0,0,0,0,0,0,0,0,0,,,0,2,0,0,0,0,0,0,0,0,0,0,,,0,2,0,0,0,0,0,0,0,0,0,0,,,0,1,0,0,0,0,0,0,0,0,0,0,,,
1342,ok,87,5,2,2,1.304905923,2.57100581,0.453681161,0.572786434,0.262039199,0.827570832,17,3,51,2,1,1,1,1,1,2.018716583,3.237401519,0.215369508,0.174788136,1,12,3,36,3,1,1,1,1,2,1.489117105,27.04754777,0.893944376,0.958898305,27,0,3,0,0,0,0,0,0,0,0,0,0,,,0,2,0,0,0,0,0,0,0,0,0,0,,,0,2,0,0,0,0,0,0,0,0,0,0,,,0,1,0,0,0,0,0,0,0,0,0,0,,,
1539,ok,87,5,2,2,1.606064256,1.877751019,0.311087444,0.5223535,0.463907101,0.720042948,17,3,51,2,1,1,1,1,1,2.240668151,2.261266374,0.150431704,0.174788136,1,12,3,36,3,1,1,1,1,2,1.468372818,25.46885696,0.841767306,0.76059322,21,0,3,0,0,0,0,0,0,0,0,0,0,,,0,2,0,0,0,0,0,0,0,0,0,0,,,0,2,0,0,0,0,0,0,0,0,0,0,,,0,1,0,0,0,0,0,0,0,0,0,0,,,
1681,ok,87,5,2,2,2.341497697,1.737238386,0.090604414,0.763559136,0.881979122,0.97329356,17,3,51,2,1,1,1,1,1,3.102752711,0.082233185,0.005470597,0.108262712,0,12,3,36,3,1,1,1,1,2,1.349038076,47.15791515,1.55860906,0.793644068,22,0,3,0,0,0,0,0,0,0,0,0,0,,,0,2,0,0,0,0,0,0,0,0,0,0,,,0,2,0,0,0,0,0,0,0,0,0,0,,,0,1,0,0,0,0,0,0,0,0,0,0,,,
1857,ok,87,5,2,2,2.211011635,2.627073647,0.403069828,0.848281681,0.569668086,0.939437455,12,3,36,3,1,1,1,1,2,3.977449429,8.294285746,0.551780874,0.108262712,0,17,3,51,2,1,1,1,1,1,1.448489228,0.18961434,0.006266915,1.15720339,33,0,3,0,0,0,0,0,0,0,0,0,0,,,0,2,0,0,0,0,0,0,0,0,0,0,,,0,2,0,0,0,0,0,0,0,0,0,0,,,0,1,0,0,0,0,0,0,0,0,0,0,,,
536,ok,87,4,2,2,1.296479306,1.257880431,0.199753458,0.687286751,0.295639115,0.635253215,17,3,51,1,1,1,0,1,0,0.651436146,0.011180167,0.000743765,0.374364407,4,12,3,36,3,1,1,1,1,2,1.465438142,37.2829691,1.232233725,1.058050847,30,0,3,0,0,0,0,0,0,0,0,0,0,,,0,2,0,0,0,0,0,0,0,0,0,0,,,0,2,0,0,0,0,0,0,0,0,0,0,,,0,1,0,0,0,0,0,0,0,0,0,0,,,
913,ok,87,4,2,2,2.295306094,0.622815054,1.164422185,1.151099415,0.545351387,0.158863655,12,3,36,2,1,1,0,1,1,4.500912041,4.008024221,0.26663551,0.108262712,0,0,3,0,0,0,0,0,0,0,0,0,0,,,17,3,51,2,1,1,1,1,1,1.375016555,0.336477452,0.005703008,0.618644068,36,0,2,0,0,0,0,0,0,0,0,0,0,,,0,2,0,0,0,0,0,0,0,0,0,0,,,0,1,0,0,0,0,0,0,0,0,0,0,,,
1082,ok,87,4,2,2,2.160309581,0.907941798,0.07996496,0.568214269,0.159930913,0.671790119,17,3,51,1,1,1,0,1,0,0.655766251,0.018586056,0.001236445,0.174788136,1,12,3,36,3,1,1,1,1,2,1.50259599,33.98858965,1.123351692,0.89279661,25,0,3,0,0,0,0,0,0,0,0,0,0,,,0,2,0,0,0,0,0,0,0,0,0,0,,,0,2,0,0,0,0,0,0,0,0,0,0,,,0,1,0,0,0,0,0,0,0,0,0,0,,,
1094,ok,87,4,2,2,1.765035071,1.892241148,0.203621965,0.607933619,0.100306954,0.875386405,17,3,51,1,1,1,0,1,0,0.730985238,0.023062878,0.001534268,0.241313559,2,12,3,36,3,1,1,1,1,2,1.496052994,33.51487309,1.107694958,1.091101695,31,0,3,0,0,0,0,0,0,0,0,0,0,,,0,2,0,0,0,0,0,0,0,0,0,0,,,0,2,0,0,0,0,0,0,0,0,0,0,,,0,1,0,0,0,0,0,0,0,0,0,0,,,
1103,ok,87,4,2,2,2.386941384,2.574649744,0.061453568,0.75991683,0.351794285,0.664179817,17,3,51,1,1,1,0,1,0,0.26457409,0.001478477,9.84E-05,0.440889831,5,12,3,36,3,1,1,1,1,2,1.492392619,51.77640312,1.711254001,1.256355932,36,0,3,0,0,0,0,0,0,0,0,0,0,,,0,2,0,0,0,0,0,0,0,0,0,0,,,0,2,0,0,0,0,0,0,0,0,0,0,,,0,1,0,0,0,0,0,0,0,0,0,0,,,
1560,ok,87,4,2,2,1.490701906,3.113811702,0.177632193,0.581006389,0.18683406,0.825377078,17,3,51,1,1,1,0,1,0,0.627006901,0.010395619,0.000691573,0.374364407,4,12,3,36,3,1,1,1,1,2,1.507028308,28.32461009,0.936152367,1.025,29,0,3,0,0,0,0,0,0,0,0,0,0,,,0,2,0,0,0,0,0,0,0,0,0,0,,,0,2,0,0,0,0,0,0,0,0,0,0,,,0,1,0,0,0,0,0,0,0,0,0,0,,,
1572,ok,87,4,2,2,1.462187605,3.375908002,0.054655191,0.531759954,0.161392034,0.824588596,17,3,51,1,1,1,0,1,0,0.389929851,0.003472854,0.000231033,0.241313559,2,12,3,36,3,1,1,1,1,2,1.573826304,24.03712828,0.79444746,0.925847458,26,0,3,0,0,0,0,0,0,0,0,0,0,,,0,2,0,0,0,0,0,0,0,0,0,0,,,0,2,0,0,0,0,0,0,0,0,0,0,,,0,1,0,0,0,0,0,0,0,0,0,0,,,
1654,ok,87,4,2,2,2.093013503,2.108039834,0.144520914,0.596390002,0.340157709,0.683946603,17,3,51,1,1,1,0,1,0,0.546305176,0.009309504,0.000619319,0.440889831,5,12,3,36,3,1,1,1,1,2,1.496361383,34.15063929,1.12870757,0.826694915,23,0,3,0,0,0,0,0,0,0,0,0,0,,,0,2,0,0,0,0,0,0,0,0,0,0,,,0,2,0,0,0,0,0,0,0,0,0,0,,,0,1,0,0,0,0,0,0,0,0,0,0,,,
1665,ok,87,4,2,2,1.284878632,1.850222439,0.162778461,0.528166981,0.235822283,0.837827956,17,3,51,1,1,1,0,1,0,0.612305792,0.007425709,0.000493998,0.440889831,5,12,3,36,3,1,1,1,1,2,1.478215476,25.13022903,0.830575366,0.859745763,24,0,3,0,0,0,0,0,0,0,0,0,0,,,0,2,0,0,0,0,0,0,0,0,0,0,,,0,2,0,0,0,0,0,0,0,0,0,0,,,0,1,0,0,0,0,0,0,0,0,0,0,,,
1714,ok,87,4,2,2,2.344057022,0.987410264,0.101632026,0.748847522,0.37074583,0.640937596,17,3,51,1,1,1,0,1,0,0.371765961,0.003918122,0.000260655,0.440889831,5,12,3,36,3,1,1,1,1,2,1.443170118,55.39157009,1.830738333,1.025,29,0,3,0,0,0,0,0,0,0,0,0,0,,,0,2,0,0,0,0,0,0,0,0,0,0,,,0,2,0,0,0,0,0,0,0,0,0,0,,,0,1,0,0,0,0,0,0,0,0,0,0,,,
1926,ok,87,4,2,2,1.101939544,1.399455317,0.056465533,0.715569242,0.36258461,0.765666,17,3,51,1,1,1,0,1,0,0.266372443,0.000783897,5.21E-05,0.440889831,5,12,3,36,3,1,1,1,1,2,1.44241791,41.39907662,1.368274566,1.025,29,0,3,0,0,0,0,0,0,0,0,0,0,,,0,2,0,0,0,0,0,0,0,0,0,0,,,0,2,0,0,0,0,0,0,0,0,0,0,,,0,1,0,0,0,0,0,0,0,0,0,0,,,
1938,ok,87,4,2,2,1.546082635,1.349888259,0.051261256,0.652552927,0.265672449,0.679619571,17,3,51,1,1,1,0,1,0,0.328305959,0.001762974,0.000117283,0.307838983,3,12,3,36,3,1,1,1,1,2,1.471718839,37.94360949,1.254068449,1.025,29,0,3,0,0,0,0,0,0,0,0,0,0,,,0,2,0,0,0,0,0,0,0,0,0,0,,,0,2,0,0,0,0,0,0,0,0,0,0,,,0,1,0,0,0,0,0,0,0,0,0,0,,,
1989,ok,87,4,2,2,2.35255972,1.311656391,0.102423484,0.744232192,0.607866057,0.405625145,17,3,51,1,1,1,0,1,0,0.472563997,0.003283294,0.000218423,0.374364407,4,12,3,36,3,1,1,1,1,2,1.540171292,41.75426658,1.380013895,1.025,29,0,3,0,0,0,0,0,0,0,0,0,0,,,0,2,0,0,0,0,0,0,0,0,0,0,,,0,2,0,0,0,0,0,0,0,0,0,0,,,0,1,0,0,0,0,0,0,0,0,0,0,,,
592,ok,85,4,2,2,1.849188174,0.135445765,1.185611704,1.066020915,0.124948757,0.134739333,0,3,0,0,0,0,0,0,0,0,0,0,,,0,3,0,0,0,0,0,0,0,0,0,0,,,17,3,51,2,1,1,1,1,1,1.449470467,0.289026079,0.004898747,0.262711864,15,0,2,0,0,0,0,0,0,0,0,0,0,,,17,2,34,2,1,1,1,1,1,1.497179398,0.030836889,0.000418127,0.391525424,21,0,1,0,0,0,0,0,0,0,0,0,0,,,
862,ok,85,3,2,2,1.224313656,0.086398821,0.980066355,1.430117462,0.210676182,0.034785675,0,3,0,0,0,0,0,0,0,0,0,0,,,0,3,0,0,0,0,0,0,0,0,0,0,,,17,3,51,2,1,1,1,1,1,1.27795035,0.602321142,0.010208833,0.516949153,30,0,2,0,0,0,0,0,0,0,0,0,0,,,17,2,34,1,1,1,0,1,0,0.050156348,0.030925562,0.00041933,0.852542373,55,0,1,0,0,0,0,0,0,0,0,0,0,,,
1644,ok,85,2,2,1,1.291247956,0.081763169,0.158498804,0.934886415,0.586667368,0.057323689,0,3,0,0,0,0,0,0,0,0,0,0,,,0,3,0,0,0,0,0,0,0,0,0,0,,,17,3,51,1,1,1,0,1,0,0.251618913,0.002317291,3.93E-05,0.093220339,5,0,2,0,0,0,0,0,0,0,0,0,0,,,17,2,34,1,1,0,1,1,0,0.034844993,0.001500229,2.03E-05,0.811864407,52,0,1,0,0,0,0,0,0,0,0,0,0,,,
85,ok,83,3,2,2,1.927167719,0.508174384,1.56453035,0.501335482,0.259138312,0.319028125,0,3,0,0,0,0,0,0,0,0,0,0,,,22,3,66,1,1,1,1,1,0,1.299297358,22.8955859,0.756718517,1.322457627,38,0,3,0,0,0,0,0,0,0,0,0,0,,,0,2,0,0,0,0,0,0,0,0,0,0,,,0,2,0,0,0,0,0,0,0,0,0,0,,,17,1,17,2,1,1,1,1,1,2.890423948,30.09972173,1.02032955,1.059322034,16,
298,ok,83,3,2,2,2.064167981,2.60335979,1.906386493,0.581747148,0.540500335,0.378591887,0,3,0,0,0,0,0,0,0,0,0,0,,,22,3,66,1,1,1,1,1,0,1.335476553,27.01040222,0.892716684,1.520762712,44,0,3,0,0,0,0,0,0,0,0,0,0,,,0,2,0,0,0,0,0,0,0,0,0,0,,,0,2,0,0,0,0,0,0,0,0,0,0,,,17,1,17,2,1,1,1,1,1,2.590105359,29.09400259,0.986237376,1.127118644,18,
526,ok,83,3,2,2,1.078511524,3.508349796,1.966664803,0.670221343,0.519052468,0.404776999,0,3,0,0,0,0,0,0,0,0,0,0,,,22,3,66,1,1,1,1,1,0,1.349074739,26.54919118,0.877473268,1.752118644,51,0,3,0,0,0,0,0,0,0,0,0,0,,,0,2,0,0,0,0,0,0,0,0,0,0,,,0,2,0,0,0,0,0,0,0,0,0,0,,,17,1,17,2,1,1,1,1,1,2.277246922,24.06422147,0.815736321,1.127118644,18,
659,ok,83,3,2,2,2.296092694,1.861339504,1.890130339,0.558244266,0.192053133,0.501045504,0,3,0,0,0,0,0,0,0,0,0,0,,,22,3,66,1,1,1,1,1,0,1.345000393,30.23467699,0.999281697,1.454661017,42,0,3,0,0,0,0,0,0,0,0,0,0,,,0,2,0,0,0,0,0,0,0,0,0,0,,,0,2,0,0,0,0,0,0,0,0,0,0,,,17,1,17,2,1,1,1,1,1,2.527884411,34.02383596,1.153350372,1.059322034,16,
760,ok,83,3,2,2,1.920177167,2.045904023,0.993410106,0.516683566,0.101921379,0.81795196,0,3,0,0,0,0,0,0,0,0,0,0,,,22,3,66,1,1,1,1,1,0,1.344517812,26.63882453,0.880435726,1.355508475,39,0,3,0,0,0,0,0,0,0,0,0,0,,,0,2,0,0,0,0,0,0,0,0,0,0,,,0,2,0,0,0,0,0,0,0,0,0,0,,,17,1,17,2,1,1,1,1,1,1.657637162,0.084208642,0.00285453,0.550847458,1,
856,ok,83,3,2,2,1.357789341,2.983133056,1.604139131,0.620626786,0.211000348,0.543260163,0,3,0,0,0,0,0,0,0,0,0,0,,,22,3,66,1,1,1,1,1,0,1.354322332,27.75929047,0.917468075,1.619915254,47,0,3,0,0,0,0,0,0,0,0,0,0,,,0,2,0,0,0,0,0,0,0,0,0,0,,,0,2,0,0,0,0,0,0,0,0,0,0,,,17,1,17,2,1,1,1,1,1,2.043602698,26.49486154,0.8981309,0.889830508,11,
895,ok,83,3,2,2,1.943154005,0.201859615,1.347734958,0.541707595,0.369617201,0.206945236,0,3,0,0,0,0,0,0,0,0,0,0,,,22,3,66,1,1,1,1,1,0,1.259108463,20.43679826,0.675453502,1.421610169,41,0,3,0,0,0,0,0,0,0,0,0,0,,,0,2,0,0,0,0,0,0,0,0,0,0,,,0,2,0,0,0,0,0,0,0,0,0,0,,,17,1,17,2,1,1,1,1,1,2.704380161,21.93896167,0.743693616,1.093220339,17,
935,ok,83,3,2,2,2.498372203,0.980908885,1.597319672,0.561105054,0.306481048,0.53720366,0,3,0,0,0,0,0,0,0,0,0,0,,,22,3,66,1,1,1,1,1,0,1.317634968,31.87679422,1.053555063,1.454661017,42,0,3,0,0,0,0,0,0,0,0,0,0,,,0,2,0,0,0,0,0,0,0,0,0,0,,,0,2,0,0,0,0,0,0,0,0,0,0,,,17,1,17,2,1,1,1,1,1,2.609371639,36.08405261,1.223188224,1.093220339,17,
973,ok,83,3,2,2,2.351992194,0.283996652,1.748333548,0.543095671,0.785052983,0.1923193,0,3,0,0,0,0,0,0,0,0,0,0,,,22,3,66,1,1,1,1,1,0,1.24130879,17.49294217,0.578156563,1.421610169,41,0,3,0,0,0,0,0,0,0,0,0,0,,,0,2,0,0,0,0,0,0,0,0,0,0,,,0,2,0,0,0,0,0,0,0,0,0,0,,,17,1,17,2,1,1,1,1,1,3.389193836,19.85198295,0.672948575,1.533898305,30,
1303,ok,83,3,2,2,2.164413119,0.427383154,1.400586639,0.786275808,0.311574649,0.802140623,0,3,0,0,0,0,0,0,0,0,0,0,,,22,3,66,1,1,1,1,1,0,1.344651312,0.332071272,0.010975237,0.793644068,22,0,3,0,0,0,0,0,0,0,0,0,0,,,0,2,0,0,0,0,0,0,0,0,0,0,,,0,2,0,0,0,0,0,0,0,0,0,0,,,17,1,17,2,1,1,1,1,1,2.467833064,36.03812986,1.221631521,1.56779661,31,
1355,ok,83,3,2,2,2.361355761,1.2975318,1.409314132,0.592592587,0.276572621,0.579836351,0,3,0,0,0,0,0,0,0,0,0,0,,,22,3,66,1,1,1,1,1,0,1.326178844,35.49085329,1.173002778,1.553813559,45,0,3,0,0,0,0,0,0,0,0,0,0,,,0,2,0,0,0,0,0,0,0,0,0,0,,,0,2,0,0,0,0,0,0,0,0,0,0,,,17,1,17,2,1,1,1,1,1,2.101142719,35.50194839,1.203455877,0.889830508,11,
1966,ok,83,3,2,2,1.266650645,1.539808044,1.442070953,0.619635222,0.339927402,0.483422096,0,3,0,0,0,0,0,0,0,0,0,0,,,22,3,66,1,1,1,1,1,0,1.333012992,28.3262433,0.936206346,1.619915254,47,0,3,0,0,0,0,0,0,0,0,0,0,,,0,2,0,0,0,0,0,0,0,0,0,0,,,0,2,0,0,0,0,0,0,0,0,0,0,,,17,1,17,2,1,1,1,1,1,2.037074208,26.2521788,0.889904366,0.889830508,11,
53,ok,83,2,2,2,1.790468144,2.213649361,1.127952145,0.549326559,0.355563687,0.612154677,0,3,0,0,0,0,0,0,0,0,0,0,,,22,3,66,1,1,1,1,1,0,1.323266048,28.0216247,0.926138443,1.454661017,42,0,3,0,0,0,0,0,0,0,0,0,0,,,0,2,0,0,0,0,0,0,0,0,0,0,,,0,2,0,0,0,0,0,0,0,0,0,0,,,17,1,17,1,1,1,0,1,0,1.840242744,0.121743164,0.004126887,0.686440678,5,
307,ok,83,2,2,2,1.96957931,2.604221159,1.635337011,1.169805673,0.105876026,0.118921072,0,3,0,0,0,0,0,0,0,0,0,0,,,0,3,0,0,0,0,0,0,0,0,0,0,,,22,3,66,1,1,1,1,1,0,1.263484664,0.002260655,3.83E-05,0.533898305,31,0,2,0,0,0,0,0,0,0,0,0,0,,,0,2,0,0,0,0,0,0,0,0,0,0,,,17,1,17,1,1,1,0,1,0,0.926098275,30.42864081,1.031479349,0.618644068,3,
345,ok,83,2,2,2,1.49180819,0.155487664,1.498291513,0.517238233,0.155109314,0.078418888,0,3,0,0,0,0,0,0,0,0,0,0,,,22,3,66,1,1,1,1,1,0,1.269825026,15.81881287,0.522825171,1.355508475,39,0,3,0,0,0,0,0,0,0,0,0,0,,,0,2,0,0,0,0,0,0,0,0,0,0,,,0,2,0,0,0,0,0,0,0,0,0,0,,,17,1,17,1,1,1,0,1,0,1.448977939,18.10887155,0.613860052,0.584745763,2,
452,ok,83,2,2,2,1.373990344,0.836394366,1.527933648,0.524485714,0.342187038,0.183666431,0,3,0,0,0,0,0,0,0,0,0,0,,,22,3,66,1,1,1,1,1,0,1.316947907,19.66981184,0.650103951,1.388559322,40,0,3,0,0,0,0,0,0,0,0,0,0,,,0,2,0,0,0,0,0,0,0,0,0,0,,,0,2,0,0,0,0,0,0,0,0,0,0,,,17,1,17,1,1,1,0,1,0,1.47967647,22.76314706,0.771632104,0.584745763,2,
608,ok,83,2,2,2,1.928533383,2.932369847,1.523687687,0.579417094,0.853444375,0.012244304,0,3,0,0,0,0,0,0,0,0,0,0,,,22,3,66,1,1,1,1,1,0,1.354031858,19.39897038,0.641152411,1.520762712,44,0,3,0,0,0,0,0,0,0,0,0,0,,,0,2,0,0,0,0,0,0,0,0,0,0,,,0,2,0,0,0,0,0,0,0,0,0,0,,,17,1,17,1,1,1,0,1,0,1.398552502,19.74265242,0.669242455,0.584745763,2,
944,ok,83,2,2,2,1.992311516,0.511533559,1.551738199,0.522802734,0.526681589,0.089581096,0,3,0,0,0,0,0,0,0,0,0,0,,,22,3,66,1,1,1,1,1,0,1.268046485,16.2505234,0.53709357,1.355508475,39,0,3,0,0,0,0,0,0,0,0,0,0,,,0,2,0,0,0,0,0,0,0,0,0,0,,,0,2,0,0,0,0,0,0,0,0,0,0,,,17,1,17,1,1,1,0,1,0,1.438283891,19.54197207,0.662439731,0.584745763,2,
1021,ok,83,2,2,2,1.401983886,2.168460498,1.396576859,0.565390142,0.28567594,0.016162765,0,3,0,0,0,0,0,0,0,0,0,0,,,22,3,66,1,1,1,1,1,0,1.369977791,21.41827437,0.707892119,1.487711864,43,0,3,0,0,0,0,0,0,0,0,0,0,,,0,2,0,0,0,0,0,0,0,0,0,0,,,0,2,0,0,0,0,0,0,0,0,0,0,,,17,1,17,1,1,1,0,1,0,1.310962377,22.28988085,0.755589181,0.516949153,0,
1661,ok,83,2,2,2,1.61717766,0.473363745,1.341756856,0.536028871,0.539435086,0.002097431,0,3,0,0,0,0,0,0,0,0,0,0,,,22,3,66,1,1,1,1,1,0,1.262944028,13.03774365,0.430908477,1.388559322,40,0,3,0,0,0,0,0,0,0,0,0,0,,,0,2,0,0,0,0,0,0,0,0,0,0,,,0,2,0,0,0,0,0,0,0,0,0,0,,,17,1,17,1,1,1,0,1,0,1.256412544,13.53021425,0.458651331,0.516949153,0,
1951,ok,83,2,2,2,1.426779613,3.247162422,1.642572539,2.158446024,0.337597196,0.001311455,0,3,0,0,0,0,0,0,0,0,0,0,,,0,3,0,0,0,0,0,0,0,0,0,0,,,22,3,66,1,1,1,1,1,0,0.908514484,0.002895444,4.91E-05,0.483050847,28,0,2,0,0,0,0,0,0,0,0,0,0,,,0,2,0,0,0,0,0,0,0,0,0,0,,,17,1,17,1,1,1,0,1,0,0.673571731,23.60725128,0.800245806,0.618644068,3,
400,ok,81,3,2,2,1.793906925,1.294670122,0.120807897,1.671479521,0.885458953,0.249491105,12,3,36,2,1,1,0,1,1,2.740662655,0.001769701,0.00011773,0.108262712,0,0,3,0,0,0,0,0,0,0,0,0,0,,,15,3,45,1,1,1,0,0,0,0.179857257,5.97E-05,1.01E-06,0.974576271,57,0,2,0,0,0,0,0,0,0,0,0,0,,,0,2,0,0,0,0,0,0,0,0,0,0,,,0,1,0,0,0,0,0,0,0,0,0,0,,,
1069,ok,75,3,2,1,2.370267969,0.084846676,0.3237862,0.772874361,0.304954387,0.027635894,0,3,0,0,0,0,0,0,0,0,0,0,,,0,3,0,0,0,0,0,0,0,0,0,0,,,17,3,51,2,1,1,1,1,1,1.175332025,0.304102219,0.005154275,0.822033898,48,0,2,0,0,0,0,0,0,0,0,0,0,,,12,2,24,1,1,0,0,1,0,0.032557331,0.014643734,0.000198559,0.852542373,55,0,1,0,0,0,0,0,0,0,0,0,0,,,
922,ok,73,3,2,2,1.386481936,0.106228217,1.975885185,0.67427499,0.445704322,0.662990516,0,3,0,0,0,0,0,0,0,0,0,0,,,17,3,51,2,1,1,1,1,1,1.147133566,34.50602635,1.140453413,0.297881356,7,0,3,0,0,0,0,0,0,0,0,0,0,,,0,2,0,0,0,0,0,0,0,0,0,0,,,0,2,0,0,0,0,0,0,0,0,0,0,,,22,1,22,1,1,1,1,1,0,1.202472478,24.3638159,0.825892064,0.754237288,7,
1179,ok,73,3,2,2,1.891996875,0.381444429,1.98949491,0.665165641,0.870741439,0.91814642,0,3,0,0,0,0,0,0,0,0,0,0,,,17,3,51,2,1,1,1,1,1,1.269789553,43.67597792,1.443528084,1.752118644,51,0,3,0,0,0,0,0,0,0,0,0,0,,,0,2,0,0,0,0,0,0,0,0,0,0,,,0,2,0,0,0,0,0,0,0,0,0,0,,,22,1,22,1,1,1,1,1,0,1.385417519,26.05588903,0.883250475,0.754237288,7,
1381,ok,73,3,2,2,2.172259406,0.427138506,1.172791942,0.681898579,0.31829093,0.838200032,0,3,0,0,0,0,0,0,0,0,0,0,,,17,3,51,2,1,1,1,1,1,1.420272759,52.30719462,1.72879711,1.785169492,52,0,3,0,0,0,0,0,0,0,0,0,0,,,0,2,0,0,0,0,0,0,0,0,0,0,,,0,2,0,0,0,0,0,0,0,0,0,0,,,22,1,22,1,1,1,1,1,0,2.453622928,0.408500442,0.013847473,1.330508475,24,
1779,ok,73,3,2,2,1.236971559,0.152697468,1.999512574,2.4265776,0.484481069,0.034303947,0,3,0,0,0,0,0,0,0,0,0,0,,,0,3,0,0,0,0,0,0,0,0,0,0,,,17,3,51,2,1,1,1,1,1,1.304583014,0.402563946,0.006823118,0.279661017,16,0,2,0,0,0,0,0,0,0,0,0,0,,,0,2,0,0,0,0,0,0,0,0,0,0,,,22,1,22,1,1,1,1,1,0,0.536428266,12.56459104,0.42591834,0.754237288,7,
145,ok,72,6,2,2,1.7967635,3.809804817,0.169788289,0.534601775,0.767450501,0.927807479,12,3,36,3,1,1,1,1,2,3.684751868,0.820352284,0.054574283,0.108262712,0,12,3,36,3,1,1,1,1,2,1.407006499,24.69874516,0.816314459,0.793644068,22,0,3,0,0,0,0,0,0,0,0,0,0,,,0,2,0,0,0,0,0,0,0,0,0,0,,,0,2,0,0,0,0,0,0,0,0,0,0,,,0,1,0,0,0,0,0,0,0,0,0,0,,,
631,ok,72,6,2,2,2.376731847,3.667065947,0.362093338,0.666019764,0.779079382,0.737247651,12,3,36,3,1,1,1,1,2,2.663959701,4.669478705,0.310639049,0.108262712,0,12,3,36,3,1,1,1,1,2,1.428888327,35.61042471,1.176954715,1.025,29,0,3,0,0,0,0,0,0,0,0,0,0,,,0,2,0,0,0,0,0,0,0,0,0,0,,,0,2,0,0,0,0,0,0,0,0,0,0,,,0,1,0,0,0,0,0,0,0,0,0,0,,,
854,ok,72,6,2,2,1.163554424,1.688636526,0.207784036,0.667999666,0.691698791,0.932459635,12,3,36,3,1,1,1,1,2,4.186462618,0.341553777,0.02272201,0.108262712,0,12,3,36,3,1,1,1,1,2,1.380672525,37.08459317,1.225677232,1.752118644,51,0,3,0,0,0,0,0,0,0,0,0,0,,,0,2,0,0,0,0,0,0,0,0,0,0,,,0,2,0,0,0,0,0,0,0,0,0,0,,,0,1,0,0,0,0,0,0,0,0,0,0,,,
1064,ok,72,6,2,2,1.468855238,1.920537183,0.264741293,0.600761006,0.662141747,0.958122911,12,3,36,3,1,1,1,1,2,3.775302619,3.163782738,0.210471987,0.108262712,0,12,3,36,3,1,1,1,1,2,1.364173709,33.69651771,1.113698467,0.76059322,21,0,3,0,0,0,0,0,0,0,0,0,0,,,0,2,0,0,0,0,0,0,0,0,0,0,,,0,2,0,0,0,0,0,0,0,0,0,0,,,0,1,0,0,0,0,0,0,0,0,0,0,,,
1180,ok,72,6,2,2,2.402046893,3.166257639,0.372748148,0.597343084,0.842160984,0.893351661,12,3,36,3,1,1,1,1,2,1.48686794,5.76667057,0.383630203,0.108262712,0,12,3,36,3,1,1,1,1,2,1.396138683,29.95602921,0.990072152,0.826694915,23,0,3,0,0,0,0,0,0,0,0,0,0,,,0,2,0,0,0,0,0,0,0,0,0,0,,,0,2,0,0,0,0,0,0,0,0,0,0,,,0,1,0,0,0,0,0,0,0,0,0,0,,,
1715,ok,72,6,2,2,1.589349767,3.745202413,0.414024474,0.720121182,0.893901981,0.872246839,12,3,36,3,1,1,1,1,2,1.466046285,1.950425804,0.129752903,0.440889831,5,12,3,36,3,1,1,1,1,2,1.390923052,35.48555363,1.17282762,1.025,29,0,3,0,0,0,0,0,0,0,0,0,0,,,0,2,0,0,0,0,0,0,0,0,0,0,,,0,2,0,0,0,0,0,0,0,0,0,0,,,0,1,0,0,0,0,0,0,0,0,0,0,,,
1981,ok,72,6,2,2,2.043280904,2.893887672,0.295359405,0.67450493,0.829673808,0.857759055,12,3,36,3,1,1,1,1,2,2.421621678,2.909001157,0.193522535,0.108262712,0,12,3,36,3,1,1,1,1,2,1.387927627,35.33651751,1.16790185,0.925847458,26,0,3,0,0,0,0,0,0,0,0,0,0,,,0,2,0,0,0,0,0,0,0,0,0,0,,,0,2,0,0,0,0,0,0,0,0,0,0,,,0,1,0,0,0,0,0,0,0,0,0,0,,,
601,ok,72,5,2,2,1.864847892,1.225620528,0.847801388,0.840635896,0.781407803,0.232196254,7,3,21,3,1,1,0,1,2,3.183890482,1.65423819,0.110048897,0.108262712,0,0,3,0,0,0,0,0,0,0,0,0,0,,,17,3,51,2,1,1,1,1,1,1.344249765,0.152474951,0.002584321,0.872881356,51,0,2,0,0,0,0,0,0,0,0,0,0,,,0,2,0,0,0,0,0,0,0,0,0,0,,,0,1,0,0,0,0,0,0,0,0,0,0,,,
1728,ok,71,12,3,3,1.1701679,0.082946033,0.444765608,0.733502717,0.185655969,0.177187956,0,3,0,0,0,0,0,0,0,0,0,0,,,12,3,36,3,1,1,1,1,2,1.504172997,26.95879455,0.891011006,0.793644068,22,17,3,51,2,1,1,1,1,1,1.233318227,0.297903323,0.005049209,0.754237288,44,0,2,0,0,0,0,0,0,0,0,0,0,,,-8,2,-16,7,1,1,1,1,6,1.179937676,0.145376462,0.001971206,0.771186441,49,0,1,0,0,0,0,0,0,0,0,0,0,,,
963,ok,68,4,2,2,2.204182042,0.612575211,1.689626091,0.594921044,0.693121156,0.660742301,0,3,0,0,0,0,0,0,0,0,0,0,,,17,3,51,2,1,1,1,1,1,1.373394218,34.11149974,1.127413974,1.553813559,45,0,3,0,0,0,0,0,0,0,0,0,0,,,0,2,0,0,0,0,0,0,0,0,0,0,,,0,2,0,0,0,0,0,0,0,0,0,0,,,17,1,17,2,1,1,1,1,1,4.171592694,27.40960082,0.929139011,2.177966102,49,
1076,ok,68,4,2,2,1.473059123,0.104468387,1.933346674,0.552397163,0.43231953,0.214171841,0,3,0,0,0,0,0,0,0,0,0,0,,,17,3,51,2,1,1,1,1,1,1.244618987,19.40925514,0.641492331,1.454661017,42,0,3,0,0,0,0,0,0,0,0,0,0,,,0,2,0,0,0,0,0,0,0,0,0,0,,,0,2,0,0,0,0,0,0,0,0,0,0,,,17,1,17,2,1,1,1,1,1,4.654545538,20.14195212,0.682778038,2.211864407,50,
1167,ok,68,4,2,2,1.262025056,0.525043024,1.738817945,0.822462548,0.12739325,0.46148685,0,3,0,0,0,0,0,0,0,0,0,0,,,17,3,51,2,1,1,1,1,1,1.520926667,0.035596104,0.001176481,1.15720339,33,0,3,0,0,0,0,0,0,0,0,0,0,,,0,2,0,0,0,0,0,0,0,0,0,0,,,0,2,0,0,0,0,0,0,0,0,0,0,,,17,1,17,2,1,1,1,1,1,1.916453773,29.02407074,0.983866805,1.093220339,17,
1276,ok,68,4,2,2,1.356122139,0.454699526,1.871671016,1.043221115,0.506818706,0.235213939,0,3,0,0,0,0,0,0,0,0,0,0,,,17,3,51,2,1,1,1,1,1,1.490953435,0.013274064,0.000438719,1.355508475,39,0,3,0,0,0,0,0,0,0,0,0,0,,,0,2,0,0,0,0,0,0,0,0,0,0,,,0,2,0,0,0,0,0,0,0,0,0,0,,,17,1,17,2,1,1,1,1,1,1.81503621,23.56746636,0.798897165,1.36440678,25,
1510,ok,68,4,2,2,1.395170943,0.955752072,1.66587296,0.827900384,0.303604117,0.55128983,0,3,0,0,0,0,0,0,0,0,0,0,,,17,3,51,2,1,1,1,1,1,1.465691998,0.107913171,0.003566622,1.223305085,35,0,3,0,0,0,0,0,0,0,0,0,0,,,0,2,0,0,0,0,0,0,0,0,0,0,,,0,2,0,0,0,0,0,0,0,0,0,0,,,17,1,17,2,1,1,1,1,1,1.888679828,30.34221127,1.028549535,1.127118644,18,
1840,ok,68,4,2,2,1.589452047,0.369723907,1.430630428,0.944410123,0.380612632,0.331801391,0,3,0,0,0,0,0,0,0,0,0,0,,,17,3,51,2,1,1,1,1,1,1.417016189,0.101835343,0.003365744,1.190254237,34,0,3,0,0,0,0,0,0,0,0,0,0,,,0,2,0,0,0,0,0,0,0,0,0,0,,,0,2,0,0,0,0,0,0,0,0,0,0,,,17,1,17,2,1,1,1,1,1,1.671867571,26.77906507,0.907764918,1.127118644,18,
60,ok,68,3,2,2,1.860969265,0.499505087,1.550354241,1.190186461,0.254113668,0.029962183,0,3,0,0,0,0,0,0,0,0,0,0,,,0,3,0,0,0,0,0,0,0,0,0,0,,,17,3,51,2,1,1,1,1,1,1.475271445,0.225546309,0.003822819,0.296610169,17,0,2,0,0,0,0,0,0,0,0,0,0,,,0,2,0,0,0,0,0,0,0,0,0,0,,,17,1,17,1,1,1,0,1,0,0.837644208,21.55565471,0.73070016,0.584745763,2,
100,ok,68,3,2,2,1.203682044,0.081538424,1.761156827,0.632310948,0.336120291,0.443976784,0,3,0,0,0,0,0,0,0,0,0,0,,,17,3,51,2,1,1,1,1,1,1.373504106,33.55061868,1.10887638,1.652966102,48,0,3,0,0,0,0,0,0,0,0,0,0,,,0,2,0,0,0,0,0,0,0,0,0,0,,,0,2,0,0,0,0,0,0,0,0,0,0,,,17,1,17,1,1,1,0,1,0,1.398061858,23.5866598,0.79954779,0.686440678,5,
174,ok,68,3,2,2,2.297932892,0.185232337,1.69442124,0.504230261,0.6409351,0.442067991,0,3,0,0,0,0,0,0,0,0,0,0,,,17,3,51,2,1,1,1,1,1,1.314640544,24.57765602,0.81231236,1.322457627,38,0,3,0,0,0,0,0,0,0,0,0,0,,,0,2,0,0,0,0,0,0,0,0,0,0,,,0,2,0,0,0,0,0,0,0,0,0,0,,,17,1,17,1,1,1,0,1,0,1.650596216,24.51030995,0.830857964,0.652542373,4,
436,ok,68,3,2,2,1.115322284,0.164267049,0.679487018,0.569884895,0.447029459,0.278812107,0,3,0,0,0,0,0,0,0,0,0,0,,,17,3,51,2,1,1,1,1,1,1.280813536,22.03463836,0.728263471,1.487711864,43,0,3,0,0,0,0,0,0,0,0,0,0,,,0,2,0,0,0,0,0,0,0,0,0,0,,,0,2,0,0,0,0,0,0,0,0,0,0,,,17,1,17,1,1,1,0,1,0,1.589669415,0.121469955,0.004117626,0.686440678,5,
453,ok,68,3,2,2,1.812374412,0.252444206,1.713684817,2.083165723,0.403520517,0.022629015,0,3,0,0,0,0,0,0,0,0,0,0,,,0,3,0,0,0,0,0,0,0,0,0,0,,,17,3,51,2,1,1,1,1,1,1.347291363,0.780132056,0.013222577,0.483050847,28,0,2,0,0,0,0,0,0,0,0,0,0,,,0,2,0,0,0,0,0,0,0,0,0,0,,,17,1,17,1,1,1,0,1,0,0.58027975,14.94163066,0.506495955,0.652542373,4,
477,ok,68,3,2,2,2.483892154,0.163442263,1.837901832,0.510063533,0.566738419,0.74583264,0,3,0,0,0,0,0,0,0,0,0,0,,,17,3,51,2,1,1,1,1,1,1.388016931,31.17547908,1.030376004,1.322457627,38,0,3,0,0,0,0,0,0,0,0,0,0,,,0,2,0,0,0,0,0,0,0,0,0,0,,,0,2,0,0,0,0,0,0,0,0,0,0,,,17,1,17,1,1,1,0,1,0,1.568315895,25.7979163,0.874505637,0.686440678,5,
576,ok,68,3,2,2,2.005207514,0.749043764,1.582752857,1.496557547,0.52786109,0.007137339,0,3,0,0,0,0,0,0,0,0,0,0,,,0,3,0,0,0,0,0,0,0,0,0,0,,,17,3,51,2,1,1,1,1,1,1.39921999,0.432438892,0.007329473,0.618644068,36,0,2,0,0,0,0,0,0,0,0,0,0,,,0,2,0,0,0,0,0,0,0,0,0,0,,,17,1,17,1,1,1,0,1,0,0.744419868,18.36712547,0.622614423,0.618644068,3,
1207,ok,68,3,2,2,1.844382818,0.302740144,1.355945649,1.323905185,0.533072739,0.028558641,0,3,0,0,0,0,0,0,0,0,0,0,,,0,3,0,0,0,0,0,0,0,0,0,0,,,17,3,51,2,1,1,1,1,1,1.338331436,0.249459531,0.004228128,0.347457627,20,0,2,0,0,0,0,0,0,0,0,0,0,,,0,2,0,0,0,0,0,0,0,0,0,0,,,17,1,17,1,1,1,0,1,0,0.625911332,12.74286894,0.431961659,0.516949153,0,
1284,ok,68,3,2,2,1.631561724,0.249385046,1.100013739,0.723030979,0.275035953,0.265611544,0,3,0,0,0,0,0,0,0,0,0,0,,,17,3,51,1,1,1,0,1,0,1.336859604,34.62560027,1.144405433,1.884322034,55,0,3,0,0,0,0,0,0,0,0,0,0,,,0,2,0,0,0,0,0,0,0,0,0,0,,,0,2,0,0,0,0,0,0,0,0,0,0,,,17,1,17,2,1,1,1,1,1,1.797018605,0.077609955,0.002630846,2.144067797,48,
1548,ok,68,3,2,2,1.829826757,1.224976138,1.755657326,1.400065801,0.446362481,0.053615383,0,3,0,0,0,0,0,0,0,0,0,0,,,0,3,0,0,0,0,0,0,0,0,0,0,,,17,3,51,2,1,1,1,1,1,1.4401919,0.292928403,0.004964888,0.703389831,41,0,2,0,0,0,0,0,0,0,0,0,0,,,0,2,0,0,0,0,0,0,0,0,0,0,,,17,1,17,1,1,1,0,1,0,0.862001108,22.80442016,0.773031192,0.686440678,5,
1669,ok,68,3,2,2,1.288013419,0.299747192,1.417568578,1.534609676,0.156034209,0.08178057,0,3,0,0,0,0,0,0,0,0,0,0,,,0,3,0,0,0,0,0,0,0,0,0,0,,,17,3,51,2,1,1,1,1,1,1.40731223,0.786266764,0.013326555,0.940677966,55,0,2,0,0,0,0,0,0,0,0,0,0,,,0,2,0,0,0,0,0,0,0,0,0,0,,,17,1,17,1,1,1,0,1,0,0.692549262,19.06660411,0.646325563,0.550847458,1,
1675,ok,68,3,2,2,2.294690238,0.173876572,1.404267604,1.339992985,0.412648036,0.018449488,0,3,0,0,0,0,0,0,0,0,0,0,,,0,3,0,0,0,0,0,0,0,0,0,0,,,17,3,51,2,1,1,1,1,1,1.431604554,0.24127436,0.004089396,0.144067797,8,0,2,0,0,0,0,0,0,0,0,0,0,,,0,2,0,0,0,0,0,0,0,0,0,0,,,17,1,17,1,1,1,0,1,0,0.619549117,10.86997484,0.368473723,0.550847458,1,
1722,ok,68,3,2,2,1.482927006,0.111928471,1.799751517,0.537748229,0.428066894,0.312540845,0,3,0,0,0,0,0,0,0,0,0,0,,,17,3,51,2,1,1,1,1,1,1.284063829,22.98500752,0.759673977,1.421610169,41,0,3,0,0,0,0,0,0,0,0,0,0,,,0,2,0,0,0,0,0,0,0,0,0,0,,,0,2,0,0,0,0,0,0,0,0,0,0,,,17,1,17,1,1,1,0,1,0,1.610219893,22.97668416,0.77887065,0.686440678,5,
1878,ok,68,3,2,2,1.499101135,0.893984613,1.766918618,1.217182167,0.502520441,0.220023406,0,3,0,0,0,0,0,0,0,0,0,0,,,0,3,0,0,0,0,0,0,0,0,0,0,,,17,3,51,2,1,1,1,1,1,1.533100684,0.051448336,0.000872006,0.279661017,16,0,2,0,0,0,0,0,0,0,0,0,0,,,0,2,0,0,0,0,0,0,0,0,0,0,,,17,1,17,1,1,1,0,1,0,0.910972291,23.98786503,0.813147967,0.686440678,5,
30,ok,68,2,2,2,1.350475613,1.812166623,1.743089609,0.714013448,0.431166669,0.288121819,0,3,0,0,0,0,0,0,0,0,0,0,,,17,3,51,1,1,1,0,1,0,1.349891966,31.24628169,1.03271609,1.884322034,55,0,3,0,0,0,0,0,0,0,0,0,0,,,0,2,0,0,0,0,0,0,0,0,0,0,,,0,2,0,0,0,0,0,0,0,0,0,0,,,17,1,17,1,1,1,0,1,0,1.28480804,25.2332974,0.855366014,0.652542373,4,
283,ok,68,2,2,2,2.325025584,0.107783148,1.320082208,0.704951917,0.187576296,0.063531902,0,3,0,0,0,0,0,0,0,0,0,0,,,17,3,51,1,1,1,0,1,0,1.266435669,20.85125393,0.689151613,1.851271186,54,0,3,0,0,0,0,0,0,0,0,0,0,,,0,2,0,0,0,0,0,0,0,0,0,0,,,0,2,0,0,0,0,0,0,0,0,0,0,,,17,1,17,1,1,1,0,1,0,0.983670662,15.07392882,0.510980638,0.516949153,0,
838,ok,68,2,2,2,1.74117775,0.34314101,1.790345105,0.935152345,0.606724322,0.146044685,17,3,51,1,1,1,0,1,0,3.772502123,4.064475285,0.270390941,0.108262712,0,0,3,0,0,0,0,0,0,0,0,0,0,,,0,3,0,0,0,0,0,0,0,0,0,0,,,0,2,0,0,0,0,0,0,0,0,0,0,,,0,2,0,0,0,0,0,0,0,0,0,0,,,17,1,17,1,1,1,0,1,0,1.034497258,20.06437098,0.680148169,0.686440678,5,
999,ok,68,2,2,2,2.001675343,0.29333243,1.675607364,1.165786812,0.661945398,0.128827429,17,3,51,1,1,1,0,1,0,3.93433225,2.189254972,0.145641115,0.108262712,0,0,3,0,0,0,0,0,0,0,0,0,0,,,0,3,0,0,0,0,0,0,0,0,0,0,,,0,2,0,0,0,0,0,0,0,0,0,0,,,0,2,0,0,0,0,0,0,0,0,0,0,,,17,1,17,1,1,1,0,1,0,0.830871278,18.13559355,0.614765883,0.652542373,4,
1120,ok,68,2,2,2,1.87565456,0.27906902,1.565074745,0.869467777,0.75106238,0.124754973,17,3,51,1,1,1,0,1,0,3.078211656,2.525065999,0.167981085,0.108262712,0,0,3,0,0,0,0,0,0,0,0,0,0,,,0,3,0,0,0,0,0,0,0,0,0,0,,,0,2,0,0,0,0,0,0,0,0,0,0,,,0,2,0,0,0,0,0,0,0,0,0,0,,,17,1,17,1,1,1,0,1,0,0.931623293,16.54786251,0.560944492,0.584745763,2,
1406,ok,68,2,2,2,1.388442346,1.202050173,1.30929251,0.766601407,0.898362401,0.115303922,17,3,51,1,1,1,0,1,0,2.405728936,0.611411272,0.040674394,0.108262712,0,0,3,0,0,0,0,0,0,0,0,0,0,,,0,3,0,0,0,0,0,0,0,0,0,0,,,0,2,0,0,0,0,0,0,0,0,0,0,,,0,2,0,0,0,0,0,0,0,0,0,0,,,17,1,17,1,1,1,0,1,0,0.988640681,16.2961098,0.552410502,0.516949153,0,
1732,ok,68,2,2,2,2.070885061,0.260271084,1.805031393,0.883801845,0.795715238,0.027250656,17,3,51,1,1,1,0,1,0,3.812389174,0.627718475,0.041759238,0.108262712,0,0,3,0,0,0,0,0,0,0,0,0,0,,,0,3,0,0,0,0,0,0,0,0,0,0,,,0,2,0,0,0,0,0,0,0,0,0,0,,,0,2,0,0,0,0,0,0,0,0,0,0,,,17,1,17,1,1,1,0,1,0,1.002286857,12.00366165,0.406903785,0.686440678,5,
1875,ok,68,2,2,2,2.238101233,1.346002824,1.727445183,1.094201756,0.739587153,0.216198556,17,3,51,1,1,1,0,1,0,1.99199558,6.108237257,0.406353072,0.108262712,0,0,3,0,0,0,0,0,0,0,0,0,0,,,0,3,0,0,0,0,0,0,0,0,0,0,,,0,2,0,0,0,0,0,0,0,0,0,0,,,0,2,0,0,0,0,0,0,0,0,0,0,,,17,1,17,1,1,1,0,1,0,0.942399017,24.34141124,0.825132585,0.652542373,4,
6,ok,66,1,1,1,1.759922143,0.55776146,1.083548059,0.65812696,0.252371405,0.300208381,0,3,0,0,0,0,0,0,0,0,0,0,,,22,3,66,1,1,1,1,1,0,1.332409726,32.55041757,1.075818886,1.719067797,50,0,3,0,0,0,0,0,0,0,0,0,0,,,0,2,0,0,0,0,0,0,0,0,0,0,,,0,2,0,0,0,0,0,0,0,0,0,0,,,0,1,0,0,0,0,0,0,0,0,0,0,,,
63,ok,66,1,1,1,2.292753897,0.336688221,1.131868492,0.613686278,0.702150393,0.037525702,0,3,0,0,0,0,0,0,0,0,0,0,,,22,3,66,1,1,1,1,1,0,1.229197228,14.42769673,0.476847604,1.619915254,47,0,3,0,0,0,0,0,0,0,0,0,0,,,0,2,0,0,0,0,0,0,0,0,0,0,,,0,2,0,0,0,0,0,0,0,0,0,0,,,0,1,0,0,0,0,0,0,0,0,0,0,,,
73,ok,66,1,1,1,2.091299291,0.399341443,0.440038712,1.166085929,0.704007258,0.067073547,0,3,0,0,0,0,0,0,0,0,0,0,,,0,3,0,0,0,0,0,0,0,0,0,0,,,22,3,66,1,1,1,1,1,0,0.556939364,0.009207549,0.00015606,0.296610169,17,0,2,0,0,0,0,0,0,0,0,0,0,,,0,2,0,0,0,0,0,0,0,0,0,0,,,0,1,0,0,0,0,0,0,0,0,0,0,,,
90,ok,66,1,1,1,2.102412667,0.092731408,0.114287877,2.12370272,0.292523425,0.044514343,0,3,0,0,0,0,0,0,0,0,0,0,,,0,3,0,0,0,0,0,0,0,0,0,0,,,22,3,66,1,1,1,1,1,0,0.100102897,0.001118915,1.90E-05,0.177966102,10,0,2,0,0,0,0,0,0,0,0,0,0,,,0,2,0,0,0,0,0,0,0,0,0,0,,,0,1,0,0,0,0,0,0,0,0,0,0,,,
99,ok,66,1,1,1,1.800854102,0.783230772,0.762638683,1.175845981,0.143132547,0.166892629,0,3,0,0,0,0,0,0,0,0,0,0,,,0,3,0,0,0,0,0,0,0,0,0,0,,,22,3,66,1,1,1,1,1,0,0.875607731,0.010038627,0.000170146,0.720338983,42,0,2,0,0,0,0,0,0,0,0,0,0,,,0,2,0,0,0,0,0,0,0,0,0,0,,,0,1,0,0,0,0,0,0,0,0,0,0,,,
141,ok,66,1,1,1,1.154663546,0.338847061,0.616257381,2.039664591,0.514274735,0.017490885,0,3,0,0,0,0,0,0,0,0,0,0,,,0,3,0,0,0,0,0,0,0,0,0,0,,,22,3,66,1,1,1,1,1,0,0.494022614,0.00963728,0.000163344,0.296610169,17,0,2,0,0,0,0,0,0,0,0,0,0,,,0,2,0,0,0,0,0,0,0,0,0,0,,,0,1,0,0,0,0,0,0,0,0,0,0,,,
192,ok,66,1,1,1,2.304103821,0.128034064,0.122152341,2.187767796,0.16575785,0.0659558,0,3,0,0,0,0,0,0,0,0,0,0,,,0,3,0,0,0,0,0,0,0,0,0,0,,,22,3,66,1,1,1,1,1,0,0.131296889,0.001225436,2.08E-05,0.415254237,24,0,2,0,0,0,0,0,0,0,0,0,0,,,0,2,0,0,0,0,0,0,0,0,0,0,,,0,1,0,0,0,0,0,0,0,0,0,0,,,
189,ok,66,1,1,1,2.473532279,3.059156696,1.219408318,0.531274638,0.241980981,0.17099844,0,3,0,0,0,0,0,0,0,0,0,0,,,22,3,66,1,1,1,1,1,0,1.36903733,26.47102731,0.874889886,1.388559322,40,0,3,0,0,0,0,0,0,0,0,0,0,,,0,2,0,0,0,0,0,0,0,0,0,0,,,0,2,0,0,0,0,0,0,0,0,0,0,,,0,1,0,0,0,0,0,0,0,0,0,0,,,
196,ok,66,1,1,1,1.482430893,0.696785531,1.046739496,0.513359097,0.266267073,0.146941678,0,3,0,0,0,0,0,0,0,0,0,0,,,22,3,66,1,1,1,1,1,0,1.321025929,19.27685061,0.637116249,1.355508475,39,0,3,0,0,0,0,0,0,0,0,0,0,,,0,2,0,0,0,0,0,0,0,0,0,0,,,0,2,0,0,0,0,0,0,0,0,0,0,,,0,1,0,0,0,0,0,0,0,0,0,0,,,
281,ok,66,1,1,1,1.770762091,0.097072683,0.277962662,1.36125107,0.396638037,0.042551723,0,3,0,0,0,0,0,0,0,0,0,0,,,0,3,0,0,0,0,0,0,0,0,0,0,,,22,3,66,1,1,1,1,1,0,0.33611278,0.008536884,0.000144693,0.144067797,8,0,2,0,0,0,0,0,0,0,0,0,0,,,0,2,0,0,0,0,0,0,0,0,0,0,,,0,1,0,0,0,0,0,0,0,0,0,0,,,
291,ok,66,1,1,1,1.453845007,0.35079882,0.136180466,1.280422518,0.20190381,0.129180078,0,3,0,0,0,0,0,0,0,0,0,0,,,0,3,0,0,0,0,0,0,0,0,0,0,,,22,3,66,1,1,1,1,1,0,0.242927241,0.001261457,2.14E-05,0.822033898,48,0,2,0,0,0,0,0,0,0,0,0,0,,,0,2,0,0,0,0,0,0,0,0,0,0,,,0,1,0,0,0,0,0,0,0,0,0,0,,,
300,ok,66,1,1,1,1.63768591,1.114084393,0.553782044,0.945173374,0.713262842,0.037245395,0,3,0,0,0,0,0,0,0,0,0,0,,,0,3,0,0,0,0,0,0,0,0,0,0,,,22,3,66,1,1,1,1,1,0,0.787086749,0.006493481,0.000110059,0.550847458,32,0,2,0,0,0,0,0,0,0,0,0,0,,,0,2,0,0,0,0,0,0,0,0,0,0,,,0,1,0,0,0,0,0,0,0,0,0,0,,,
301,ok,66,1,1,1,1.298473558,0.377069165,0.202036908,2.372551092,0.192919426,0.049258124,0,3,0,0,0,0,0,0,0,0,0,0,,,0,3,0,0,0,0,0,0,0,0,0,0,,,22,3,66,1,1,1,1,1,0,0.251087208,0.001187568,2.01E-05,0.822033898,48,0,2,0,0,0,0,0,0,0,0,0,0,,,0,2,0,0,0,0,0,0,0,0,0,0,,,0,1,0,0,0,0,0,0,0,0,0,0,,,
328,ok,66,1,1,1,1.353032621,2.269759779,1.181106102,0.665455028,0.168064186,0.19436155,0,3,0,0,0,0,0,0,0,0,0,0,,,22,3,66,1,1,1,1,1,0,1.371330135,28.43085506,0.939663854,1.752118644,51,0,3,0,0,0,0,0,0,0,0,0,0,,,0,2,0,0,0,0,0,0,0,0,0,0,,,0,2,0,0,0,0,0,0,0,0,0,0,,,0,1,0,0,0,0,0,0,0,0,0,0,,,
363,ok,66,1,1,1,1.215368567,0.939102509,0.144692362,0.588472486,0.369555981,0.051117529,0,3,0,0,0,0,0,0,0,0,0,0,,,22,3,66,1,1,1,1,1,0,1.339120692,19.47801391,0.643764867,1.553813559,45,0,3,0,0,0,0,0,0,0,0,0,0,,,0,2,0,0,0,0,0,0,0,0,0,0,,,0,2,0,0,0,0,0,0,0,0,0,0,,,0,1,0,0,0,0,0,0,0,0,0,0,,,
384,ok,66,1,1,1,2.263163809,3.067120555,1.303224828,2.295345081,0.441748755,0.059242098,0,3,0,0,0,0,0,0,0,0,0,0,,,0,3,0,0,0,0,0,0,0,0,0,0,,,22,3,66,1,1,1,1,1,0,0.793656196,0.004402748,7.46E-05,0.550847458,32,0,2,0,0,0,0,0,0,0,0,0,0,,,0,2,0,0,0,0,0,0,0,0,0,0,,,0,1,0,0,0,0,0,0,0,0,0,0,,,
405,ok,66,1,1,1,1.163900088,1.442007617,0.580946689,1.840523101,0.354315354,0.115762938,0,3,0,0,0,0,0,0,0,0,0,0,,,0,3,0,0,0,0,0,0,0,0,0,0,,,22,3,66,1,1,1,1,1,0,0.588727001,0.002652354,4.50E-05,0.822033898,48,0,2,0,0,0,0,0,0,0,0,0,0,,,0,2,0,0,0,0,0,0,0,0,0,0,,,0,1,0,0,0,0,0,0,0,0,0,0,,,
491,ok,66,1,1,1,1.74515521,0.628620063,0.170569099,1.687680345,0.341836491,0.05995226,0,3,0,0,0,0,0,0,0,0,0,0,,,0,3,0,0,0,0,0,0,0,0,0,0,,,22,3,66,1,1,1,1,1,0,0.253411172,0.001255089,2.13E-05,0.838983051,49,0,2,0,0,0,0,0,0,0,0,0,0,,,0,2,0,0,0,0,0,0,0,0,0,0,,,0,1,0,0,0,0,0,0,0,0,0,0,,,
502,ok,66,1,1,1,1.592296405,0.232430255,0.496722694,1.720209988,0.344819556,0.089198315,0,3,0,0,0,0,0,0,0,0,0,0,,,0,3,0,0,0,0,0,0,0,0,0,0,,,22,3,66,1,1,1,1,1,0,0.488270776,0.014747292,0.000249954,0.296610169,17,0,2,0,0,0,0,0,0,0,0,0,0,,,0,2,0,0,0,0,0,0,0,0,0,0,,,0,1,0,0,0,0,0,0,0,0,0,0,,,
510,ok,66,1,1,1,1.310907689,0.624101108,0.175214417,1.929772244,0.477220347,0.011988178,0,3,0,0,0,0,0,0,0,0,0,0,,,0,3,0,0,0,0,0,0,0,0,0,0,,,22,3,66,1,1,1,1,1,0,0.219294417,0.000844873,1.43E-05,0.686440678,40,0,2,0,0,0,0,0,0,0,0,0,0,,,0,2,0,0,0,0,0,0,0,0,0,0,,,0,1,0,0,0,0,0,0,0,0,0,0,,,
569,ok,66,1,1,1,1.09765179,0.3534079,0.82592976,2.406824736,0.265553391,0.025374727,0,3,0,0,0,0,0,0,0,0,0,0,,,0,3,0,0,0,0,0,0,0,0,0,0,,,22,3,66,1,1,1,1,1,0,0.590711819,0.01381198,0.000234101,0.381355932,22,0,2,0,0,0,0,0,0,0,0,0,0,,,0,2,0,0,0,0,0,0,0,0,0,0,,,0,1,0,0,0,0,0,0,0,0,0,0,,,
584,ok,66,1,1,1,1.92630472,0.192667711,0.285351005,0.76565648,0.595086795,0.008602773,0,3,0,0,0,0,0,0,0,0,0,0,,,0,3,0,0,0,0,0,0,0,0,0,0,,,22,3,66,1,1,1,1,1,0,0.552732794,0.010219352,0.000173209,0.194915254,11,0,2,0,0,0,0,0,0,0,0,0,0,,,0,2,0,0,0,0,0,0,0,0,0,0,,,0,1,0,0,0,0,0,0,0,0,0,0,,,
596,ok,66,1,1,1,1.716479645,0.621920538,0.704881305,0.548717701,0.560165125,0.163716207,0,3,0,0,0,0,0,0,0,0,0,0,,,22,3,66,1,1,1,1,1,0,1.283909266,19.03131098,0.629000956,1.421610169,41,0,3,0,0,0,0,0,0,0,0,0,0,,,0,2,0,0,0,0,0,0,0,0,0,0,,,0,2,0,0,0,0,0,0,0,0,0,0,,,0,1,0,0,0,0,0,0,0,0,0,0,,,
610,ok,66,1,1,1,1.674472701,0.424775624,0.152327983,1.966295776,0.452623857,0.06426585,0,3,0,0,0,0,0,0,0,0,0,0,,,0,3,0,0,0,0,0,0,0,0,0,0,,,22,3,66,1,1,1,1,1,0,0.175885838,0.001034489,1.75E-05,0.516949153,30,0,2,0,0,0,0,0,0,0,0,0,0,,,0,2,0,0,0,0,0,0,0,0,0,0,,,0,1,0,0,0,0,0,0,0,0,0,0,,,
683,ok,66,1,1,1,2.35821854,0.925253405,1.194681611,1.380213455,0.11561768,0.125024728,0,3,0,0,0,0,0,0,0,0,0,0,,,0,3,0,0,0,0,0,0,0,0,0,0,,,22,3,66,1,1,1,1,1,0,1.008557011,0.010466666,0.000177401,0.584745763,34,0,2,0,0,0,0,0,0,0,0,0,0,,,0,2,0,0,0,0,0,0,0,0,0,0,,,0,1,0,0,0,0,0,0,0,0,0,0,,,
693,ok,66,1,1,1,2.242883537,1.119836454,0.053618064,0.582342576,0.527057194,0.045619767,0,3,0,0,0,0,0,0,0,0,0,0,,,22,3,66,1,1,1,1,1,0,1.33131362,21.35449538,0.705784169,1.520762712,44,0,3,0,0,0,0,0,0,0,0,0,0,,,0,2,0,0,0,0,0,0,0,0,0,0,,,0,2,0,0,0,0,0,0,0,0,0,0,,,0,1,0,0,0,0,0,0,0,0,0,0,,,
710,ok,66,1,1,1,1.739575274,0.294449176,0.727853226,2.119101016,0.282425933,0.046245075,0,3,0,0,0,0,0,0,0,0,0,0,,,0,3,0,0,0,0,0,0,0,0,0,0,,,22,3,66,1,1,1,1,1,0,0.586968264,0.02096118,0.000355274,0.347457627,20,0,2,0,0,0,0,0,0,0,0,0,0,,,0,2,0,0,0,0,0,0,0,0,0,0,,,0,1,0,0,0,0,0,0,0,0,0,0,,,
722,ok,66,1,1,1,1.344772934,0.14698024,0.091401996,1.703882464,0.13257902,0.116065833,0,3,0,0,0,0,0,0,0,0,0,0,,,0,3,0,0,0,0,0,0,0,0,0,0,,,22,3,66,1,1,1,1,1,0,0.129246913,0.000609678,1.03E-05,0.584745763,34,0,2,0,0,0,0,0,0,0,0,0,0,,,0,2,0,0,0,0,0,0,0,0,0,0,,,0,1,0,0,0,0,0,0,0,0,0,0,,,
746,ok,66,1,1,1,1.732469359,0.321717073,0.182011807,0.803486197,0.721077137,0.035384496,0,3,0,0,0,0,0,0,0,0,0,0,,,0,3,0,0,0,0,0,0,0,0,0,0,,,22,3,66,1,1,1,1,1,0,0.334308288,0.002178809,3.69E-05,0.296610169,17,0,2,0,0,0,0,0,0,0,0,0,0,,,0,2,0,0,0,0,0,0,0,0,0,0,,,0,1,0,0,0,0,0,0,0,0,0,0,,,
769,ok,66,1,1,1,2.291365711,0.598250349,1.285916571,0.635933324,0.670170702,0.070998354,0,3,0,0,0,0,0,0,0,0,0,0,,,22,3,66,1,1,1,1,1,0,1.285038955,19.61621107,0.6483324,1.652966102,48,0,3,0,0,0,0,0,0,0,0,0,0,,,0,2,0,0,0,0,0,0,0,0,0,0,,,0,2,0,0,0,0,0,0,0,0,0,0,,,0,1,0,0,0,0,0,0,0,0,0,0,,,
774,ok,66,1,1,1,1.329243738,0.329712481,0.08022026,0.94708774,0.343035703,0.075129431,0,3,0,0,0,0,0,0,0,0,0,0,,,0,3,0,0,0,0,0,0,0,0,0,0,,,22,3,66,1,1,1,1,1,0,0.159470333,0.000637957,1.08E-05,0.550847458,32,0,2,0,0,0,0,0,0,0,0,0,0,,,0,2,0,0,0,0,0,0,0,0,0,0,,,0,1,0,0,0,0,0,0,0,0,0,0,,,
779,ok,66,1,1,1,1.725796829,2.128187187,1.043067364,0.550550412,0.457539898,0.000163096,0,3,0,0,0,0,0,0,0,0,0,0,,,22,3,66,1,1,1,1,1,0,1.359580611,20.79380607,0.687252912,1.454661017,42,0,3,0,0,0,0,0,0,0,0,0,0,,,0,2,0,0,0,0,0,0,0,0,0,0,,,0,2,0,0,0,0,0,0,0,0,0,0,,,0,1,0,0,0,0,0,0,0,0,0,0,,,
807,ok,66,1,1,1,2.49271419,0.202280034,0.399547708,2.130306657,0.167134156,0.024486275,0,3,0,0,0,0,0,0,0,0,0,0,,,0,3,0,0,0,0,0,0,0,0,0,0,,,22,3,66,1,1,1,1,1,0,0.390703446,0.009602597,0.000162756,0.466101695,27,0,2,0,0,0,0,0,0,0,0,0,0,,,0,2,0,0,0,0,0,0,0,0,0,0,,,0,1,0,0,0,0,0,0,0,0,0,0,,,
877,ok,66,1,1,1,2.122199621,0.234042231,0.783177817,2.310553375,0.489711144,0.053370589,0,3,0,0,0,0,0,0,0,0,0,0,,,0,3,0,0,0,0,0,0,0,0,0,0,,,22,3,66,1,1,1,1,1,0,0.558366696,0.025176764,0.000426725,0.211864407,12,0,2,0,0,0,0,0,0,0,0,0,0,,,0,2,0,0,0,0,0,0,0,0,0,0,,,0,1,0,0,0,0,0,0,0,0,0,0,,,
890,ok,66,1,1,1,2.264076056,0.645158853,0.451018099,0.50215966,0.104880445,0.133469788,0,3,0,0,0,0,0,0,0,0,0,0,,,22,3,66,1,1,1,1,1,0,1.352149752,23.67314578,0.78241753,1.322457627,38,0,3,0,0,0,0,0,0,0,0,0,0,,,0,2,0,0,0,0,0,0,0,0,0,0,,,0,2,0,0,0,0,0,0,0,0,0,0,,,0,1,0,0,0,0,0,0,0,0,0,0,,,
914,ok,66,1,1,1,1.912128747,0.136046508,0.765699228,1.354996293,0.15829199,0.055023891,0,3,0,0,0,0,0,0,0,0,0,0,,,0,3,0,0,0,0,0,0,0,0,0,0,,,22,3,66,1,1,1,1,1,0,0.841138652,0.045298037,0.000767763,0.279661017,16,0,2,0,0,0,0,0,0,0,0,0,0,,,0,2,0,0,0,0,0,0,0,0,0,0,,,0,1,0,0,0,0,0,0,0,0,0,0,,,
916,ok,66,1,1,1,1.217243689,2.160658784,0.965719777,1.612401974,0.194492788,0.056552153,0,3,0,0,0,0,0,0,0,0,0,0,,,0,3,0,0,0,0,0,0,0,0,0,0,,,22,3,66,1,1,1,1,1,0,0.81384121,0.002032662,3.45E-05,0.754237288,44,0,2,0,0,0,0,0,0,0,0,0,0,,,0,2,0,0,0,0,0,0,0,0,0,0,,,0,1,0,0,0,0,0,0,0,0,0,0,,,
918,ok,66,1,1,1,2.26170664,2.817246188,1.29262192,0.537317721,0.390186499,0.334998741,0,3,0,0,0,0,0,0,0,0,0,0,,,22,3,66,1,1,1,1,1,0,1.343643259,26.10166292,0.86268208,1.421610169,41,0,3,0,0,0,0,0,0,0,0,0,0,,,0,2,0,0,0,0,0,0,0,0,0,0,,,0,2,0,0,0,0,0,0,0,0,0,0,,,0,1,0,0,0,0,0,0,0,0,0,0,,,
927,ok,66,1,1,1,2.351272645,0.825446221,0.174675557,0.539692308,0.153385018,0.169558569,0,3,0,0,0,0,0,0,0,0,0,0,,,22,3,66,1,1,1,1,1,0,1.348754571,26.45098851,0.874227587,1.421610169,41,0,3,0,0,0,0,0,0,0,0,0,0,,,0,2,0,0,0,0,0,0,0,0,0,0,,,0,2,0,0,0,0,0,0,0,0,0,0,,,0,1,0,0,0,0,0,0,0,0,0,0,,,
965,ok,66,1,1,1,1.783838953,0.300157706,0.476678863,1.325533273,0.198027932,0.018945039,0,3,0,0,0,0,0,0,0,0,0,0,,,0,3,0,0,0,0,0,0,0,0,0,0,,,22,3,66,1,1,1,1,1,0,0.602204006,0.014730832,0.000249675,0.5,29,0,2,0,0,0,0,0,0,0,0,0,0,,,0,2,0,0,0,0,0,0,0,0,0,0,,,0,1,0,0,0,0,0,0,0,0,0,0,,,
970,ok,66,1,1,1,1.13734054,2.404272929,0.542471762,0.528716204,0.190312143,0.001704018,0,3,0,0,0,0,0,0,0,0,0,0,,,22,3,66,1,1,1,1,1,0,1.375733879,18.31689017,0.605388743,1.388559322,40,0,3,0,0,0,0,0,0,0,0,0,0,,,0,2,0,0,0,0,0,0,0,0,0,0,,,0,2,0,0,0,0,0,0,0,0,0,0,,,0,1,0,0,0,0,0,0,0,0,0,0,,,
993,ok,66,1,1,1,2.471390668,0.423449701,0.926830827,0.685049575,0.410344873,0.02155298,0,3,0,0,0,0,0,0,0,0,0,0,,,22,3,66,1,1,1,1,1,0,1.304645816,21.44102884,0.708644174,1.785169492,52,0,3,0,0,0,0,0,0,0,0,0,0,,,0,2,0,0,0,0,0,0,0,0,0,0,,,0,2,0,0,0,0,0,0,0,0,0,0,,,0,1,0,0,0,0,0,0,0,0,0,0,,,
1005,ok,66,1,1,1,2.43230285,0.932870584,0.055251166,0.56335614,0.48808228,0.090154464,0,3,0,0,0,0,0,0,0,0,0,0,,,22,3,66,1,1,1,1,1,0,1.318577972,22.05327514,0.728879433,1.487711864,43,0,3,0,0,0,0,0,0,0,0,0,0,,,0,2,0,0,0,0,0,0,0,0,0,0,,,0,2,0,0,0,0,0,0,0,0,0,0,,,0,1,0,0,0,0,0,0,0,0,0,0,,,
1025,ok,66,1,1,1,2.410642241,0.948748086,0.084327485,0.654232778,0.237826603,0.08639001,0,3,0,0,0,0,0,0,0,0,0,0,,,22,3,66,1,1,1,1,1,0,1.358053443,31.68969809,1.047371378,1.719067797,50,0,3,0,0,0,0,0,0,0,0,0,0,,,0,2,0,0,0,0,0,0,0,0,0,0,,,0,2,0,0,0,0,0,0,0,0,0,0,,,0,1,0,0,0,0,0,0,0,0,0,0,,,
1048,ok,66,1,1,1,1.64322781,3.438272227,1.211137005,0.610838949,0.492275191,0.230443216,0,3,0,0,0,0,0,0,0,0,0,0,,,22,3,66,1,1,1,1,1,0,1.359065526,25.23069278,0.833895778,1.586864407,46,0,3,0,0,0,0,0,0,0,0,0,0,,,0,2,0,0,0,0,0,0,0,0,0,0,,,0,2,0,0,0,0,0,0,0,0,0,0,,,0,1,0,0,0,0,0,0,0,0,0,0,,,
1093,ok,66,1,1,1,2.075347325,0.149297186,0.674145573,1.577962135,0.194978516,0.093167174,0,3,0,0,0,0,0,0,0,0,0,0,,,0,3,0,0,0,0,0,0,0,0,0,0,,,22,3,66,1,1,1,1,1,0,0.681039876,0.034595166,0.000586359,0.279661017,16,0,2,0,0,0,0,0,0,0,0,0,0,,,0,2,0,0,0,0,0,0,0,0,0,0,,,0,1,0,0,0,0,0,0,0,0,0,0,,,
1098,ok,66,1,1,1,1.529136922,3.442539502,0.308648894,0.63768075,0.147199024,0.004593576,0,3,0,0,0,0,0,0,0,0,0,0,,,22,3,66,1,1,1,1,1,0,1.386345616,27.56098084,0.910913773,1.652966102,48,0,3,0,0,0,0,0,0,0,0,0,0,,,0,2,0,0,0,0,0,0,0,0,0,0,,,0,2,0,0,0,0,0,0,0,0,0,0,,,0,1,0,0,0,0,0,0,0,0,0,0,,,
1102,ok,66,1,1,1,1.150439924,0.144393486,0.109517046,0.957296049,0.348122849,0.010799574,0,3,0,0,0,0,0,0,0,0,0,0,,,0,3,0,0,0,0,0,0,0,0,0,0,,,22,3,66,1,1,1,1,1,0,0.186308239,0.001458701,2.47E-05,0.245762712,14,0,2,0,0,0,0,0,0,0,0,0,0,,,0,2,0,0,0,0,0,0,0,0,0,0,,,0,1,0,0,0,0,0,0,0,0,0,0,,,
1121,ok,66,1,1,1,1.129789682,0.579751356,0.955032703,2.134980202,0.653600158,0.003560309,0,3,0,0,0,0,0,0,0,0,0,0,,,0,3,0,0,0,0,0,0,0,0,0,0,,,22,3,66,1,1,1,1,1,0,0.652309215,0.008622381,0.000146142,0.313559322,18,0,2,0,0,0,0,0,0,0,0,0,0,,,0,2,0,0,0,0,0,0,0,0,0,0,,,0,1,0,0,0,0,0,0,0,0,0,0,,,
1132,ok,66,1,1,1,1.353713436,0.140929557,0.641986847,2.489448216,0.353508892,0.058869962,0,3,0,0,0,0,0,0,0,0,0,0,,,0,3,0,0,0,0,0,0,0,0,0,0,,,22,3,66,1,1,1,1,1,0,0.446602271,0.018027957,0.000305559,0.194915254,11,0,2,0,0,0,0,0,0,0,0,0,0,,,0,2,0,0,0,0,0,0,0,0,0,0,,,0,1,0,0,0,0,0,0,0,0,0,0,,,
1140,ok,66,1,1,1,2.211892507,0.27470842,0.843526546,0.512120957,0.300432787,0.238759085,0,3,0,0,0,0,0,0,0,0,0,0,,,22,3,66,1,1,1,1,1,0,1.275223212,21.67894306,0.71650744,1.355508475,39,0,3,0,0,0,0,0,0,0,0,0,0,,,0,2,0,0,0,0,0,0,0,0,0,0,,,0,2,0,0,0,0,0,0,0,0,0,0,,,0,1,0,0,0,0,0,0,0,0,0,0,,,
1212,ok,66,1,1,1,2.022120217,0.237439286,0.407266288,1.614849578,0.292812501,0.121688451,0,3,0,0,0,0,0,0,0,0,0,0,,,0,3,0,0,0,0,0,0,0,0,0,0,,,22,3,66,1,1,1,1,1,0,0.444361917,0.012419421,0.000210499,0.347457627,20,0,2,0,0,0,0,0,0,0,0,0,0,,,0,2,0,0,0,0,0,0,0,0,0,0,,,0,1,0,0,0,0,0,0,0,0,0,0,,,
1220,ok,66,1,1,1,1.228855123,0.241583987,0.257604203,1.062594371,0.439083419,0.013930572,0,3,0,0,0,0,0,0,0,0,0,0,,,0,3,0,0,0,0,0,0,0,0,0,0,,,22,3,66,1,1,1,1,1,0,0.392278829,0.005570987,9.44E-05,0.313559322,18,0,2,0,0,0,0,0,0,0,0,0,0,,,0,2,0,0,0,0,0,0,0,0,0,0,,,0,1,0,0,0,0,0,0,0,0,0,0,,,
1225,ok,66,1,1,1,1.856413517,0.155845218,0.128583092,0.888736533,0.243317143,0.051517363,0,3,0,0,0,0,0,0,0,0,0,0,,,0,3,0,0,0,0,0,0,0,0,0,0,,,22,3,66,1,1,1,1,1,0,0.250561028,0.002922989,4.95E-05,0.347457627,20,0,2,0,0,0,0,0,0,0,0,0,0,,,0,2,0,0,0,0,0,0,0,0,0,0,,,0,1,0,0,0,0,0,0,0,0,0,0,,,
1232,ok,66,1,1,1,1.564465287,3.827977801,0.967802484,1.888580626,0.1757666,0.135868577,0,3,0,0,0,0,0,0,0,0,0,0,,,0,3,0,0,0,0,0,0,0,0,0,0,,,22,3,66,1,1,1,1,1,0,0.75727952,0.000673638,1.14E-05,0.855932203,50,0,2,0,0,0,0,0,0,0,0,0,0,,,0,2,0,0,0,0,0,0,0,0,0,0,,,0,1,0,0,0,0,0,0,0,0,0,0,,,
1241,ok,66,1,1,1,1.3062467,0.120430206,1.047533225,0.626496001,0.164211668,0.185115016,0,3,0,0,0,0,0,0,0,0,0,0,,,22,3,66,1,1,1,1,1,0,1.289650378,23.82184668,0.787332221,1.652966102,48,0,3,0,0,0,0,0,0,0,0,0,0,,,0,2,0,0,0,0,0,0,0,0,0,0,,,0,2,0,0,0,0,0,0,0,0,0,0,,,0,1,0,0,0,0,0,0,0,0,0,0,,,
1337,ok,66,1,1,1,2.413884442,0.795583099,0.517370168,1.667474193,0.206537841,0.012695826,0,3,0,0,0,0,0,0,0,0,0,0,,,0,3,0,0,0,0,0,0,0,0,0,0,,,22,3,66,1,1,1,1,1,0,0.583624944,0.006612712,0.00011208,0.805084746,47,0,2,0,0,0,0,0,0,0,0,0,0,,,0,2,0,0,0,0,0,0,0,0,0,0,,,0,1,0,0,0,0,0,0,0,0,0,0,,,
1339,ok,66,1,1,1,1.523481819,2.253169463,0.069312915,0.645956673,0.173212355,0.245475266,0,3,0,0,0,0,0,0,0,0,0,0,,,22,3,66,1,1,1,1,1,0,1.370141673,28.99203499,0.958211326,1.686016949,49,0,3,0,0,0,0,0,0,0,0,0,0,,,0,2,0,0,0,0,0,0,0,0,0,0,,,0,2,0,0,0,0,0,0,0,0,0,0,,,0,1,0,0,0,0,0,0,0,0,0,0,,,
1356,ok,66,1,1,1,2.014147037,0.253409437,0.148794043,1.660640536,0.254996031,0.023910044,0,3,0,0,0,0,0,0,0,0,0,0,,,0,3,0,0,0,0,0,0,0,0,0,0,,,22,3,66,1,1,1,1,1,0,0.197362276,0.001825901,3.09E-05,0.516949153,30,0,2,0,0,0,0,0,0,0,0,0,0,,,0,2,0,0,0,0,0,0,0,0,0,0,,,0,1,0,0,0,0,0,0,0,0,0,0,,,
1366,ok,66,1,1,1,1.388691514,0.190604616,0.099603595,0.853498864,0.375802163,0.040263229,0,3,0,0,0,0,0,0,0,0,0,0,,,0,3,0,0,0,0,0,0,0,0,0,0,,,22,3,66,1,1,1,1,1,0,0.196808615,0.0014355,2.43E-05,0.313559322,18,0,2,0,0,0,0,0,0,0,0,0,0,,,0,2,0,0,0,0,0,0,0,0,0,0,,,0,1,0,0,0,0,0,0,0,0,0,0,,,
1388,ok,66,1,1,1,1.178046844,2.483056052,0.392153475,0.609645674,0.649239522,0.015567708,0,3,0,0,0,0,0,0,0,0,0,0,,,22,3,66,1,1,1,1,1,0,1.36123102,19.77448342,0.653563435,1.586864407,46,0,3,0,0,0,0,0,0,0,0,0,0,,,0,2,0,0,0,0,0,0,0,0,0,0,,,0,2,0,0,0,0,0,0,0,0,0,0,,,0,1,0,0,0,0,0,0,0,0,0,0,,,
1389,ok,66,1,1,1,2.115509925,0.230057401,0.271070905,1.048654925,0.666222165,0.060962953,0,3,0,0,0,0,0,0,0,0,0,0,,,0,3,0,0,0,0,0,0,0,0,0,0,,,22,3,66,1,1,1,1,1,0,0.392011477,0.005833492,9.89E-05,0.211864407,12,0,2,0,0,0,0,0,0,0,0,0,0,,,0,2,0,0,0,0,0,0,0,0,0,0,,,0,1,0,0,0,0,0,0,0,0,0,0,,,
1392,ok,66,1,1,1,1.844601707,1.02424306,0.488987195,1.193952065,0.320136532,0.083598146,0,3,0,0,0,0,0,0,0,0,0,0,,,0,3,0,0,0,0,0,0,0,0,0,0,,,22,3,66,1,1,1,1,1,0,0.664895069,0.007364686,0.000124825,0.771186441,45,0,2,0,0,0,0,0,0,0,0,0,0,,,0,2,0,0,0,0,0,0,0,0,0,0,,,0,1,0,0,0,0,0,0,0,0,0,0,,,
1408,ok,66,1,1,1,1.702169255,0.091938975,0.457175706,2.146127971,0.438118187,0.07867178,0,3,0,0,0,0,0,0,0,0,0,0,,,0,3,0,0,0,0,0,0,0,0,0,0,,,22,3,66,1,1,1,1,1,0,0.365372349,0.013294144,0.000225324,0.127118644,7,0,2,0,0,0,0,0,0,0,0,0,0,,,0,2,0,0,0,0,0,0,0,0,0,0,,,0,1,0,0,0,0,0,0,0,0,0,0,,,
1423,ok,66,1,1,1,1.126657017,0.768967565,0.706599696,0.78032258,0.228392224,0.068666877,0,3,0,0,0,0,0,0,0,0,0,0,,,0,3,0,0,0,0,0,0,0,0,0,0,,,22,3,66,1,1,1,1,1,0,1.114141197,0.016307167,0.000276393,0.618644068,36,0,2,0,0,0,0,0,0,0,0,0,0,,,0,2,0,0,0,0,0,0,0,0,0,0,,,0,1,0,0,0,0,0,0,0,0,0,0,,,
1436,ok,66,1,1,1,1.895063176,0.27639199,1.110582004,0.550247262,0.361805412,0.17506267,0,3,0,0,0,0,0,0,0,0,0,0,,,22,3,66,1,1,1,1,1,0,1.269416783,20.56488321,0.679686818,1.454661017,42,0,3,0,0,0,0,0,0,0,0,0,0,,,0,2,0,0,0,0,0,0,0,0,0,0,,,0,2,0,0,0,0,0,0,0,0,0,0,,,0,1,0,0,0,0,0,0,0,0,0,0,,,
1443,ok,66,1,1,1,2.281027459,0.515822555,0.126396596,1.139767413,0.559686525,0.005117166,0,3,0,0,0,0,0,0,0,0,0,0,,,0,3,0,0,0,0,0,0,0,0,0,0,,,22,3,66,1,1,1,1,1,0,0.210631162,0.001273379,2.16E-05,0.533898305,31,0,2,0,0,0,0,0,0,0,0,0,0,,,0,2,0,0,0,0,0,0,0,0,0,0,,,0,1,0,0,0,0,0,0,0,0,0,0,,,
1460,ok,66,1,1,1,2.124385064,0.318322788,0.996226458,1.314104787,0.107835571,0.041755163,0,3,0,0,0,0,0,0,0,0,0,0,,,0,3,0,0,0,0,0,0,0,0,0,0,,,22,3,66,1,1,1,1,1,0,0.986580538,0.03013428,0.000510751,0.466101695,27,0,2,0,0,0,0,0,0,0,0,0,0,,,0,2,0,0,0,0,0,0,0,0,0,0,,,0,1,0,0,0,0,0,0,0,0,0,0,,,
1472,ok,66,1,1,1,1.571284097,1.464546249,0.58128757,1.092942472,0.291037437,0.10598064,0,3,0,0,0,0,0,0,0,0,0,0,,,0,3,0,0,0,0,0,0,0,0,0,0,,,22,3,66,1,1,1,1,1,0,0.777082644,0.005717209,9.69E-05,0.855932203,50,0,2,0,0,0,0,0,0,0,0,0,0,,,0,2,0,0,0,0,0,0,0,0,0,0,,,0,1,0,0,0,0,0,0,0,0,0,0,,,
1493,ok,66,1,1,1,2.204231312,0.38324967,0.250794921,1.45498579,0.187770267,0.188024326,0,3,0,0,0,0,0,0,0,0,0,0,,,0,3,0,0,0,0,0,0,0,0,0,0,,,22,3,66,1,1,1,1,1,0,0.372677974,0.00402407,6.82E-05,0.771186441,45,0,2,0,0,0,0,0,0,0,0,0,0,,,0,2,0,0,0,0,0,0,0,0,0,0,,,0,1,0,0,0,0,0,0,0,0,0,0,,,
1519,ok,66,1,1,1,1.574738804,0.105870575,0.405350691,1.725399356,0.416212062,0.043653939,0,3,0,0,0,0,0,0,0,0,0,0,,,0,3,0,0,0,0,0,0,0,0,0,0,,,22,3,66,1,1,1,1,1,0,0.38469166,0.012107491,0.000205212,0.144067797,8,0,2,0,0,0,0,0,0,0,0,0,0,,,0,2,0,0,0,0,0,0,0,0,0,0,,,0,1,0,0,0,0,0,0,0,0,0,0,,,
1532,ok,66,1,1,1,2.233963427,0.574925435,0.947766556,1.657738131,0.30407486,0.006662561,0,3,0,0,0,0,0,0,0,0,0,0,,,0,3,0,0,0,0,0,0,0,0,0,0,,,22,3,66,1,1,1,1,1,0,0.827617578,0.0281548,0.0004772,0.415254237,24,0,2,0,0,0,0,0,0,0,0,0,0,,,0,2,0,0,0,0,0,0,0,0,0,0,,,0,1,0,0,0,0,0,0,0,0,0,0,,,
1565,ok,66,1,1,1,1.69127638,0.126222879,0.447958744,2.27236023,0.240911564,0.014330908,0,3,0,0,0,0,0,0,0,0,0,0,,,0,3,0,0,0,0,0,0,0,0,0,0,,,22,3,66,1,1,1,1,1,0,0.364182759,0.012508838,0.000212014,0.245762712,14,0,2,0,0,0,0,0,0,0,0,0,0,,,0,2,0,0,0,0,0,0,0,0,0,0,,,0,1,0,0,0,0,0,0,0,0,0,0,,,
1566,ok,66,1,1,1,1.35871371,0.230626905,0.373434326,2.087314433,0.409185082,0.033238043,0,3,0,0,0,0,0,0,0,0,0,0,,,0,3,0,0,0,0,0,0,0,0,0,0,,,22,3,66,1,1,1,1,1,0,0.3307878,0.006523717,0.000110571,0.296610169,17,0,2,0,0,0,0,0,0,0,0,0,0,,,0,2,0,0,0,0,0,0,0,0,0,0,,,0,1,0,0,0,0,0,0,0,0,0,0,,,
1608,ok,66,1,1,1,1.455879712,0.174206905,0.131144697,0.773825329,0.283292707,0.118332809,0,3,0,0,0,0,0,0,0,0,0,0,,,0,3,0,0,0,0,0,0,0,0,0,0,,,22,3,66,1,1,1,1,1,0,0.284310052,0.003007685,5.10E-05,0.347457627,20,0,2,0,0,0,0,0,0,0,0,0,0,,,0,2,0,0,0,0,0,0,0,0,0,0,,,0,1,0,0,0,0,0,0,0,0,0,0,,,
1655,ok,66,1,1,1,1.881720593,0.281907643,0.354945607,1.180582463,0.116791829,0.138116717,0,3,0,0,0,0,0,0,0,0,0,0,,,0,3,0,0,0,0,0,0,0,0,0,0,,,22,3,66,1,1,1,1,1,0,0.547961952,0.008087229,0.000137072,0.754237288,44,0,2,0,0,0,0,0,0,0,0,0,0,,,0,2,0,0,0,0,0,0,0,0,0,0,,,0,1,0,0,0,0,0,0,0,0,0,0,,,
1751,ok,66,1,1,1,1.081540815,0.131419164,0.244540618,1.299968432,0.434926056,0.093640702,0,3,0,0,0,0,0,0,0,0,0,0,,,0,3,0,0,0,0,0,0,0,0,0,0,,,22,3,66,1,1,1,1,1,0,0.29411329,0.004382992,7.43E-05,0.177966102,10,0,2,0,0,0,0,0,0,0,0,0,0,,,0,2,0,0,0,0,0,0,0,0,0,0,,,0,1,0,0,0,0,0,0,0,0,0,0,,,
1767,ok,66,1,1,1,2.315946071,1.026358652,0.190913842,0.516081599,0.347892602,0.062669444,0,3,0,0,0,0,0,0,0,0,0,0,,,22,3,66,1,1,1,1,1,0,1.33488893,20.83471074,0.688604846,1.355508475,39,0,3,0,0,0,0,0,0,0,0,0,0,,,0,2,0,0,0,0,0,0,0,0,0,0,,,0,2,0,0,0,0,0,0,0,0,0,0,,,0,1,0,0,0,0,0,0,0,0,0,0,,,
1769,ok,66,1,1,1,2.440409956,0.269083791,0.104139552,1.84649989,0.180646242,0.125662354,0,3,0,0,0,0,0,0,0,0,0,0,,,0,3,0,0,0,0,0,0,0,0,0,0,,,22,3,66,1,1,1,1,1,0,0.154171036,0.00081835,1.39E-05,0.754237288,44,0,2,0,0,0,0,0,0,0,0,0,0,,,0,2,0,0,0,0,0,0,0,0,0,0,,,0,1,0,0,0,0,0,0,0,0,0,0,,,
1817,ok,66,1,1,1,1.677459991,1.256462262,1.01336532,2.330419201,0.104033728,0.137612557,0,3,0,0,0,0,0,0,0,0,0,0,,,0,3,0,0,0,0,0,0,0,0,0,0,,,22,3,66,1,1,1,1,1,0,0.71112942,0.001941303,3.29E-05,0.754237288,44,0,2,0,0,0,0,0,0,0,0,0,0,,,0,2,0,0,0,0,0,0,0,0,0,0,,,0,1,0,0,0,0,0,0,0,0,0,0,,,
1818,ok,66,1,1,1,2.495509463,0.166000192,0.334674632,1.176309756,0.278570773,0.022214331,0,3,0,0,0,0,0,0,0,0,0,0,,,0,3,0,0,0,0,0,0,0,0,0,0,,,22,3,66,1,1,1,1,1,0,0.470758665,0.014803168,0.000250901,0.279661017,16,0,2,0,0,0,0,0,0,0,0,0,0,,,0,2,0,0,0,0,0,0,0,0,0,0,,,0,1,0,0,0,0,0,0,0,0,0,0,,,
1827,ok,66,1,1,1,1.565368556,0.397775729,0.287640439,1.705658163,0.325293068,0.061713241,0,3,0,0,0,0,0,0,0,0,0,0,,,0,3,0,0,0,0,0,0,0,0,0,0,,,22,3,66,1,1,1,1,1,0,0.341737191,0.004063725,6.89E-05,0.533898305,31,0,2,0,0,0,0,0,0,0,0,0,0,,,0,2,0,0,0,0,0,0,0,0,0,0,,,0,1,0,0,0,0,0,0,0,0,0,0,,,
1869,ok,66,1,1,1,1.442148381,3.149054858,1.295409477,1.068570166,0.49839873,0.110039088,0,3,0,0,0,0,0,0,0,0,0,0,,,0,3,0,0,0,0,0,0,0,0,0,0,,,22,3,66,1,1,1,1,1,0,1.221665628,0.006632055,0.000112408,0.516949153,30,0,2,0,0,0,0,0,0,0,0,0,0,,,0,2,0,0,0,0,0,0,0,0,0,0,,,0,1,0,0,0,0,0,0,0,0,0,0,,,
1982,ok,66,1,1,1,1.806564752,0.354047789,0.490964938,1.917112625,0.374265332,0.04069763,0,3,0,0,0,0,0,0,0,0,0,0,,,0,3,0,0,0,0,0,0,0,0,0,0,,,22,3,66,1,1,1,1,1,0,0.461750572,0.011188487,0.000189635,0.381355932,22,0,2,0,0,0,0,0,0,0,0,0,0,,,0,2,0,0,0,0,0,0,0,0,0,0,,,0,1,0,0,0,0,0,0,0,0,0,0,,,
697,ok,65,2,2,1,2.157826383,0.085697909,0.087716918,2.428609146,0.655295805,0.003283264,0,3,0,0,0,0,0,0,0,0,0,0,,,0,3,0,0,0,0,0,0,0,0,0,0,,,15,3,45,1,1,1,0,0,0,0.061906094,0.000372425,6.31E-06,0.093220339,5,0,2,0,0,0,0,0,0,0,0,0,0,,,10,2,20,1,1,0,0,0,0,0.023086927,0.000411195,5.58E-06,0.852542373,55,0,1,0,0,0,0,0,0,0,0,0,0,,,
231,ok,60,4,2,1,1.264530609,0.088824267,0.636633368,1.007232342,0.696978816,0.031319515,0,3,0,0,0,0,0,0,0,0,0,0,,,0,3,0,0,0,0,0,0,0,0,0,0,,,12,3,36,3,1,1,1,1,2,1.157587757,0.133341439,0.002260024,0.228813559,13,0,2,0,0,0,0,0,0,0,0,0,0,,,12,2,24,1,1,0,0,1,0,0.04953947,0.016734305,0.000226906,0.879661017,57,0,1,0,0,0,0,0,0,0,0,0,0,,,
447,ok,60,1,1,1,1.806917594,0.286572067,0.065303571,0.920894697,0.366335252,0.12398597,0,3,0,0,0,0,0,0,0,0,0,0,,,0,3,0,0,0,0,0,0,0,0,0,0,,,20,3,60,1,1,1,1,0,0,0.131413901,0.00058535,9.92E-06,0.466101695,27,0,2,0,0,0,0,0,0,0,0,0,0,,,0,2,0,0,0,0,0,0,0,0,0,0,,,0,1,0,0,0,0,0,0,0,0,0,0,,,
732,ok,60,1,1,1,1.646943681,0.401456583,0.052261035,1.567884851,0.73971452,0.061208946,0,3,0,0,0,0,0,0,0,0,0,0,,,0,3,0,0,0,0,0,0,0,0,0,0,,,20,3,60,1,1,1,1,0,0,0.062771556,7.62E-05,1.29E-06,0.398305085,23,0,2,0,0,0,0,0,0,0,0,0,0,,,0,2,0,0,0,0,0,0,0,0,0,0,,,0,1,0,0,0,0,0,0,0,0,0,0,,,
739,ok,60,1,1,1,1.787948704,0.778196286,0.078377532,2.354330893,0.557089017,0.026205285,0,3,0,0,0,0,0,0,0,0,0,0,,,0,3,0,0,0,0,0,0,0,0,0,0,,,20,3,60,1,1,1,1,0,0,0.10497308,0.00015295,2.59E-06,0.822033898,48,0,2,0,0,0,0,0,0,0,0,0,0,,,0,2,0,0,0,0,0,0,0,0,0,0,,,0,1,0,0,0,0,0,0,0,0,0,0,,,
1123,ok,60,1,1,1,1.25790609,0.401801547,0.10522049,1.584959746,0.591190289,0.077605929,0,3,0,0,0,0,0,0,0,0,0,0,,,0,3,0,0,0,0,0,0,0,0,0,0,,,20,3,60,1,1,1,1,0,0,0.130407531,0.000389272,6.60E-06,0.449152542,26,0,2,0,0,0,0,0,0,0,0,0,0,,,0,2,0,0,0,0,0,0,0,0,0,0,,,0,1,0,0,0,0,0,0,0,0,0,0,,,
1298,ok,60,1,1,1,1.079371246,0.214192373,0.070622283,1.489298813,0.180389448,0.031996587,0,3,0,0,0,0,0,0,0,0,0,0,,,0,3,0,0,0,0,0,0,0,0,0,0,,,20,3,60,1,1,1,1,0,0,0.112687093,0.000327727,5.55E-06,0.652542373,38,0,2,0,0,0,0,0,0,0,0,0,0,,,0,2,0,0,0,0,0,0,0,0,0,0,,,0,1,0,0,0,0,0,0,0,0,0,0,,,
1369,ok,60,1,1,1,1.295462595,0.593285661,0.06182228,2.221054932,0.583334885,0.080391081,0,3,0,0,0,0,0,0,0,0,0,0,,,0,3,0,0,0,0,0,0,0,0,0,0,,,20,3,60,1,1,1,1,0,0,0.076054809,8.27E-05,1.40E-06,0.669491525,39,0,2,0,0,0,0,0,0,0,0,0,0,,,0,2,0,0,0,0,0,0,0,0,0,0,,,0,1,0,0,0,0,0,0,0,0,0,0,,,
1394,ok,60,1,1,1,2.220837367,1.000384945,0.108641575,1.59180225,0.64658279,0.017700898,0,3,0,0,0,0,0,0,0,0,0,0,,,0,3,0,0,0,0,0,0,0,0,0,0,,,20,3,60,1,1,1,1,0,0,0.172014201,0.000371281,6.29E-06,0.872881356,51,0,2,0,0,0,0,0,0,0,0,0,0,,,0,2,0,0,0,0,0,0,0,0,0,0,,,0,1,0,0,0,0,0,0,0,0,0,0,,,
1641,ok,60,1,1,1,1.360913187,0.404759921,0.097483551,1.559594392,0.641871274,0.02464598,0,3,0,0,0,0,0,0,0,0,0,0,,,0,3,0,0,0,0,0,0,0,0,0,0,,,20,3,60,1,1,1,1,0,0,0.118047034,0.000306017,5.19E-06,0.415254237,24,0,2,0,0,0,0,0,0,0,0,0,0,,,0,2,0,0,0,0,0,0,0,0,0,0,,,0,1,0,0,0,0,0,0,0,0,0,0,,,
395,ok,58,4,2,2,1.970634605,0.16634293,1.264416168,0.729735663,0.118952084,0.490073474,0,3,0,0,0,0,0,0,0,0,0,0,,,12,3,36,3,1,1,1,1,2,1.405608478,50.37977131,1.665094136,0.925847458,26,0,3,0,0,0,0,0,0,0,0,0,0,,,0,2,0,0,0,0,0,0,0,0,0,0,,,0,2,0,0,0,0,0,0,0,0,0,0,,,22,1,22,1,1,1,1,1,0,1.928866622,0.316589044,0.010731832,1.025423729,15,
454,ok,58,4,2,2,1.569224221,0.145280779,0.964455589,0.589922759,0.34631155,0.246693219,0,3,0,0,0,0,0,0,0,0,0,0,,,12,3,36,3,1,1,1,1,2,1.338678397,23.76484351,0.785448218,0.628389831,17,0,3,0,0,0,0,0,0,0,0,0,0,,,0,2,0,0,0,0,0,0,0,0,0,0,,,0,2,0,0,0,0,0,0,0,0,0,0,,,22,1,22,1,1,1,1,1,0,2.002665354,0.140830381,0.004773911,0.889830508,11,
1344,ok,58,4,2,2,1.832516466,0.51658149,1.084771442,0.575594871,0.114908138,0.958634867,0,3,0,0,0,0,0,0,0,0,0,0,,,12,3,36,3,1,1,1,1,2,1.462831633,38.74863865,1.280675345,0.793644068,22,0,3,0,0,0,0,0,0,0,0,0,0,,,0,2,0,0,0,0,0,0,0,0,0,0,,,0,2,0,0,0,0,0,0,0,0,0,0,,,22,1,22,1,1,1,1,1,0,1.911867343,0.512179921,0.017362031,0.788135593,8,
1351,ok,58,4,2,2,1.17140468,0.165111023,0.933967902,0.595535121,0.124396064,0.60222929,0,3,0,0,0,0,0,0,0,0,0,0,,,12,3,36,3,1,1,1,1,2,1.37075836,33.76639784,1.116008064,0.694491525,19,0,3,0,0,0,0,0,0,0,0,0,0,,,0,2,0,0,0,0,0,0,0,0,0,0,,,0,2,0,0,0,0,0,0,0,0,0,0,,,22,1,22,1,1,1,1,1,0,1.878149278,0.355560269,0.01205289,0.822033898,9,
1395,ok,58,4,2,2,1.570094172,2.778027699,1.227083259,0.574374757,0.204897561,0.867965178,0,3,0,0,0,0,0,0,0,0,0,0,,,12,3,36,3,1,1,1,1,2,1.497753527,28.87532421,0.954353936,0.991949153,28,0,3,0,0,0,0,0,0,0,0,0,0,,,0,2,0,0,0,0,0,0,0,0,0,0,,,0,2,0,0,0,0,0,0,0,0,0,0,,,22,1,22,1,1,1,1,1,0,1.851520408,0.117510854,0.003983419,0.720338983,6,
1479,ok,58,4,2,2,1.884103954,0.69403418,1.060546498,0.56851117,0.202166706,0.575442209,0,3,0,0,0,0,0,0,0,0,0,0,,,12,3,36,3,1,1,1,1,2,1.527532719,31.96639358,1.056516398,0.727542373,20,0,3,0,0,0,0,0,0,0,0,0,0,,,0,2,0,0,0,0,0,0,0,0,0,0,,,0,2,0,0,0,0,0,0,0,0,0,0,,,22,1,22,1,1,1,1,1,0,1.866735782,0.19316131,0.006547841,0.720338983,6,
1705,ok,58,4,2,2,2.18605763,0.451725413,0.97640331,0.566562196,0.182548493,0.672563922,0,3,0,0,0,0,0,0,0,0,0,0,,,12,3,36,3,1,1,1,1,2,1.433392657,35.69601515,1.179783552,0.76059322,21,0,3,0,0,0,0,0,0,0,0,0,0,,,0,2,0,0,0,0,0,0,0,0,0,0,,,0,2,0,0,0,0,0,0,0,0,0,0,,,22,1,22,1,1,1,1,1,0,1.790206446,0.468162407,0.015869912,0.720338983,6,
44,ok,53,5,2,2,2.493367152,0.283037862,1.371949064,0.683372001,0.220844406,0.691883335,0,3,0,0,0,0,0,0,0,0,0,0,,,12,3,36,3,1,1,1,1,2,1.398900675,50.87919581,1.68160054,1.785169492,52,0,3,0,0,0,0,0,0,0,0,0,0,,,0,2,0,0,0,0,0,0,0,0,0,0,,,0,2,0,0,0,0,0,0,0,0,0,0,,,17,1,17,2,1,1,1,1,1,2.635578491,37.87313951,1.283835237,1.43220339,27,
128,ok,53,5,2,2,1.969224161,0.660135505,1.620304821,0.685642086,0.179685494,0.905435405,0,3,0,0,0,0,0,0,0,0,0,0,,,12,3,36,3,1,1,1,1,2,1.428257149,53.01639717,1.752236856,0.925847458,26,0,3,0,0,0,0,0,0,0,0,0,0,,,0,2,0,0,0,0,0,0,0,0,0,0,,,0,2,0,0,0,0,0,0,0,0,0,0,,,17,1,17,2,1,1,1,1,1,2.527243213,38.99445254,1.321845849,1.330508475,24,
1358,ok,53,5,2,2,1.640159786,0.966354989,1.96825848,0.623787099,0.456900705,0.907007185,0,3,0,0,0,0,0,0,0,0,0,0,,,12,3,36,3,1,1,1,1,2,1.364974101,40.334932,1.333103685,1.619915254,47,0,3,0,0,0,0,0,0,0,0,0,0,,,0,2,0,0,0,0,0,0,0,0,0,0,,,0,2,0,0,0,0,0,0,0,0,0,0,,,17,1,17,2,1,1,1,1,1,4.093469684,29.90106846,1.013595541,2.177966102,49,
1530,ok,53,5,2,2,1.692584473,1.121914162,1.578583522,0.65566075,0.145119272,0.65957334,0,3,0,0,0,0,0,0,0,0,0,0,,,12,3,36,3,1,1,1,1,2,1.502988113,38.09498747,1.25907162,1.091101695,31,0,3,0,0,0,0,0,0,0,0,0,0,,,0,2,0,0,0,0,0,0,0,0,0,0,,,0,2,0,0,0,0,0,0,0,0,0,0,,,17,1,17,2,1,1,1,1,1,2.063609399,32.51992133,1.102370215,0.957627119,13,
1632,ok,53,5,2,2,1.938151657,0.432525619,1.504863844,0.627923303,0.150618213,0.903680851,0,3,0,0,0,0,0,0,0,0,0,0,,,12,3,36,3,1,1,1,1,2,1.411838928,46.30974525,1.530576326,0.793644068,22,0,3,0,0,0,0,0,0,0,0,0,0,,,0,2,0,0,0,0,0,0,0,0,0,0,,,0,2,0,0,0,0,0,0,0,0,0,0,,,17,1,17,2,1,1,1,1,1,2.698470194,39.45495749,1.337456186,1.330508475,24,
1917,ok,53,5,2,2,2.045873904,0.348520063,1.543222661,0.719076536,0.137978962,0.976157207,0,3,0,0,0,0,0,0,0,0,0,0,,,12,3,36,3,1,1,1,1,2,1.406872139,62.65448536,2.070783838,1.884322034,55,0,3,0,0,0,0,0,0,0,0,0,0,,,0,2,0,0,0,0,0,0,0,0,0,0,,,0,2,0,0,0,0,0,0,0,0,0,0,,,17,1,17,2,1,1,1,1,1,2.680379127,40.17722122,1.361939702,1.533898305,30,
580,ok,53,4,2,2,2.336066995,0.165539183,1.471929025,1.742786212,0.735484071,0.000554002,0,3,0,0,0,0,0,0,0,0,0,0,,,0,3,0,0,0,0,0,0,0,0,0,0,,,12,3,36,3,1,1,1,1,2,1.233037086,0.283152259,0.004799191,0.228813559,13,0,2,0,0,0,0,0,0,0,0,0,0,,,0,2,0,0,0,0,0,0,0,0,0,0,,,17,1,17,1,1,1,0,1,0,0.462241768,7.111732872,0.241075691,0.550847458,1,
1704,ok,53,4,2,2,1.559255315,3.925350911,0.941948687,0.501773213,0.101543738,0.955822329,0,3,0,0,0,0,0,0,0,0,0,0,,,12,3,36,3,1,1,1,1,2,1.554772692,22.8030795,0.753661102,0.89279661,25,0,3,0,0,0,0,0,0,0,0,0,0,,,0,2,0,0,0,0,0,0,0,0,0,0,,,0,2,0,0,0,0,0,0,0,0,0,0,,,17,1,17,1,1,1,0,1,0,1.557293195,0.012866229,0.000436143,0.516949153,0,
155,ok,51,2,1,1,1.949429795,0.139012965,0.845197796,1.200436642,0.310136952,0.06610592,0,3,0,0,0,0,0,0,0,0,0,0,,,0,3,0,0,0,0,0,0,0,0,0,0,,,17,3,51,2,1,1,1,1,1,1.280030002,0.509808332,0.008640819,0.550847458,32,0,2,0,0,0,0,0,0,0,0,0,0,,,0,2,0,0,0,0,0,0,0,0,0,0,,,0,1,0,0,0,0,0,0,0,0,0,0,,,
603,ok,51,2,1,1,1.286792324,0.186217528,0.98895805,0.962360955,0.523781718,0.075593949,0,3,0,0,0,0,0,0,0,0,0,0,,,0,3,0,0,0,0,0,0,0,0,0,0,,,17,3,51,2,1,1,1,1,1,1.39041807,0.118425142,0.002007206,0.161016949,9,0,2,0,0,0,0,0,0,0,0,0,0,,,0,2,0,0,0,0,0,0,0,0,0,0,,,0,1,0,0,0,0,0,0,0,0,0,0,,,
675,ok,51,2,1,1,1.58119271,0.091211979,1.466528874,0.508577078,0.573912566,0.730009257,0,3,0,0,0,0,0,0,0,0,0,0,,,17,3,51,2,1,1,1,1,1,1.084347417,0.232620716,0.007688312,0.165677966,3,0,3,0,0,0,0,0,0,0,0,0,0,,,0,2,0,0,0,0,0,0,0,0,0,0,,,0,2,0,0,0,0,0,0,0,0,0,0,,,0,1,0,0,0,0,0,0,0,0,0,0,,,
968,ok,51,2,1,1,1.582913601,0.327558599,1.028316674,1.302215604,0.307545237,0.002907387,0,3,0,0,0,0,0,0,0,0,0,0,,,0,3,0,0,0,0,0,0,0,0,0,0,,,17,3,51,2,1,1,1,1,1,1.350915738,0.697713616,0.011825655,0.855932203,50,0,2,0,0,0,0,0,0,0,0,0,0,,,0,2,0,0,0,0,0,0,0,0,0,0,,,0,1,0,0,0,0,0,0,0,0,0,0,,,
1079,ok,51,2,1,1,2.100878023,1.807001061,1.246365055,0.838382505,0.301877969,0.31707233,0,3,0,0,0,0,0,0,0,0,0,0,,,0,3,0,0,0,0,0,0,0,0,0,0,,,17,3,51,2,1,1,1,1,1,1.476115996,0.083717782,0.001418945,0.889830508,52,0,2,0,0,0,0,0,0,0,0,0,0,,,0,2,0,0,0,0,0,0,0,0,0,0,,,0,1,0,0,0,0,0,0,0,0,0,0,,,
1206,ok,51,2,1,1,2.313222675,0.098779357,1.92544437,0.628752175,0.525686239,0.532113107,0,3,0,0,0,0,0,0,0,0,0,0,,,17,3,51,2,1,1,1,1,1,1.098665086,28.12304124,0.929490346,0.297881356,7,0,3,0,0,0,0,0,0,0,0,0,0,,,0,2,0,0,0,0,0,0,0,0,0,0,,,0,2,0,0,0,0,0,0,0,0,0,0,,,0,1,0,0,0,0,0,0,0,0,0,0,,,
1525,ok,51,2,1,1,1.935225094,0.306649214,0.949697535,0.964835856,0.435976782,0.03925356,0,3,0,0,0,0,0,0,0,0,0,0,,,0,3,0,0,0,0,0,0,0,0,0,0,,,17,3,51,2,1,1,1,1,1,1.32321941,0.300449431,0.005092363,0.483050847,28,0,2,0,0,0,0,0,0,0,0,0,0,,,0,2,0,0,0,0,0,0,0,0,0,0,,,0,1,0,0,0,0,0,0,0,0,0,0,,,
1536,ok,51,2,1,1,2.287850969,0.151335852,0.45481975,1.358246524,0.609247985,0.029046528,0,3,0,0,0,0,0,0,0,0,0,0,,,0,3,0,0,0,0,0,0,0,0,0,0,,,17,3,51,2,1,1,1,1,1,1.198214539,0.431495592,0.007313485,0.872881356,51,0,2,0,0,0,0,0,0,0,0,0,0,,,0,2,0,0,0,0,0,0,0,0,0,0,,,0,1,0,0,0,0,0,0,0,0,0,0,,,
1624,ok,51,2,1,1,2.386440391,0.100225068,1.652719733,0.506098074,0.763706495,0.477084553,0,3,0,0,0,0,0,0,0,0,0,0,,,17,3,51,2,1,1,1,1,1,1.069710191,0.13928936,0.004603631,0.198728814,4,0,3,0,0,0,0,0,0,0,0,0,0,,,0,2,0,0,0,0,0,0,0,0,0,0,,,0,2,0,0,0,0,0,0,0,0,0,0,,,0,1,0,0,0,0,0,0,0,0,0,0,,,
1660,ok,51,2,1,1,1.898191447,0.102568067,1.666950269,0.521294074,0.776573449,0.820498961,0,3,0,0,0,0,0,0,0,0,0,0,,,17,3,51,2,1,1,1,1,1,1.084467642,0.164397205,0.005433467,0.132627119,2,0,3,0,0,0,0,0,0,0,0,0,0,,,0,2,0,0,0,0,0,0,0,0,0,0,,,0,2,0,0,0,0,0,0,0,0,0,0,,,0,1,0,0,0,0,0,0,0,0,0,0,,,
1749,ok,51,2,1,1,1.811637799,0.420914238,1.289253779,0.91351727,0.250015236,0.026523934,0,3,0,0,0,0,0,0,0,0,0,0,,,0,3,0,0,0,0,0,0,0,0,0,0,,,17,3,51,2,1,1,1,1,1,1.523132963,0.027970376,0.000474074,0.313559322,18,0,2,0,0,0,0,0,0,0,0,0,0,,,0,2,0,0,0,0,0,0,0,0,0,0,,,0,1,0,0,0,0,0,0,0,0,0,0,,,
1768,ok,51,2,1,1,1.099023443,0.146398102,0.506384506,0.788093951,0.317500804,0.039572782,0,3,0,0,0,0,0,0,0,0,0,0,,,0,3,0,0,0,0,0,0,0,0,0,0,,,17,3,51,2,1,1,1,1,1,1.241503858,0.281466653,0.004770621,0.703389831,41,0,2,0,0,0,0,0,0,0,0,0,0,,,0,2,0,0,0,0,0,0,0,0,0,0,,,0,1,0,0,0,0,0,0,0,0,0,0,,,
1837,ok,51,2,1,1,1.242756748,0.103734878,0.428863383,2.013763486,0.686870448,0.048948258,0,3,0,0,0,0,0,0,0,0,0,0,,,0,3,0,0,0,0,0,0,0,0,0,0,,,17,3,51,2,1,1,1,1,1,1.169161372,0.337728506,0.005724212,0.906779661,53,0,2,0,0,0,0,0,0,0,0,0,0,,,0,2,0,0,0,0,0,0,0,0,0,0,,,0,1,0,0,0,0,0,0,0,0,0,0,,,
1873,ok,51,2,1,1,2.133107554,0.129262447,0.660046584,0.913953067,0.53817742,0.068436416,0,3,0,0,0,0,0,0,0,0,0,0,,,0,3,0,0,0,0,0,0,0,0,0,0,,,17,3,51,2,1,1,1,1,1,1.224979403,0.211632667,0.003586994,0.330508475,19,0,2,0,0,0,0,0,0,0,0,0,0,,,0,2,0,0,0,0,0,0,0,0,0,0,,,0,1,0,0,0,0,0,0,0,0,0,0,,,
1890,ok,51,2,1,1,1.096201669,0.130920363,1.157316718,1.47797737,0.223846748,0.048062027,0,3,0,0,0,0,0,0,0,0,0,0,,,0,3,0,0,0,0,0,0,0,0,0,0,,,17,3,51,2,1,1,1,1,1,1.314392182,0.625076452,0.010594516,0.550847458,32,0,2,0,0,0,0,0,0,0,0,0,0,,,0,2,0,0,0,0,0,0,0,0,0,0,,,0,1,0,0,0,0,0,0,0,0,0,0,,,
25,ok,51,1,1,1,1.460338912,1.244183259,0.21283912,1.4826258,0.323339192,0.15453626,17,3,51,1,1,1,0,1,0,2.036588552,0.021714137,0.001444542,0.108262712,0,0,3,0,0,0,0,0,0,0,0,0,0,,,0,3,0,0,0,0,0,0,0,0,0,0,,,0,2,0,0,0,0,0,0,0,0,0,0,,,0,2,0,0,0,0,0,0,0,0,0,0,,,0,1,0,0,0,0,0,0,0,0,0,0,,,
21,ok,51,1,1,1,2.017540018,0.117425233,0.959405362,0.754212786,0.264998432,0.150170181,0,3,0,0,0,0,0,0,0,0,0,0,,,17,3,51,1,1,1,0,1,0,1.294456176,28.25485894,0.933847033,1.983474576,58,0,3,0,0,0,0,0,0,0,0,0,0,,,0,2,0,0,0,0,0,0,0,0,0,0,,,0,2,0,0,0,0,0,0,0,0,0,0,,,0,1,0,0,0,0,0,0,0,0,0,0,,,
33,ok,51,1,1,1,2.114200683,0.657309617,0.104993495,0.753576141,0.313431283,0.015270932,0,3,0,0,0,0,0,0,0,0,0,0,,,17,3,51,1,1,1,0,1,0,1.353879881,29.71011025,0.981944322,1.983474576,58,0,3,0,0,0,0,0,0,0,0,0,0,,,0,2,0,0,0,0,0,0,0,0,0,0,,,0,2,0,0,0,0,0,0,0,0,0,0,,,0,1,0,0,0,0,0,0,0,0,0,0,,,
43,ok,51,1,1,1,1.982430265,0.735598001,0.151504795,0.785791341,0.197506902,0.240271721,17,3,51,1,1,1,0,1,0,1.511251416,0.036010241,0.002395597,0.108262712,0,0,3,0,0,0,0,0,0,0,0,0,0,,,0,3,0,0,0,0,0,0,0,0,0,0,,,0,2,0,0,0,0,0,0,0,0,0,0,,,0,2,0,0,0,0,0,0,0,0,0,0,,,0,1,0,0,0,0,0,0,0,0,0,0,,,
51,ok,51,1,1,1,1.473848008,2.395895674,1.237768166,0.709730836,0.353916533,0.257533988,0,3,0,0,0,0,0,0,0,0,0,0,,,17,3,51,1,1,1,0,1,0,1.361481652,31.23763233,1.032430221,1.851271186,54,0,3,0,0,0,0,0,0,0,0,0,0,,,0,2,0,0,0,0,0,0,0,0,0,0,,,0,2,0,0,0,0,0,0,0,0,0,0,,,0,1,0,0,0,0,0,0,0,0,0,0,,,
62,ok,51,1,1,1,1.669760922,3.747988694,0.320771364,1.350255893,0.47124011,0.362496786,17,3,51,1,1,1,0,1,0,0.727485739,0.01677427,0.001115915,0.307838983,3,0,3,0,0,0,0,0,0,0,0,0,0,,,0,3,0,0,0,0,0,0,0,0,0,0,,,0,2,0,0,0,0,0,0,0,0,0,0,,,0,2,0,0,0,0,0,0,0,0,0,0,,,0,1,0,0,0,0,0,0,0,0,0,0,,,
77,ok,51,1,1,1,1.210790411,1.153258405,0.164857217,2.085333448,0.472102085,0.197273317,17,3,51,1,1,1,0,1,0,1.021250399,0.003300486,0.000219566,0.174788136,1,0,3,0,0,0,0,0,0,0,0,0,0,,,0,3,0,0,0,0,0,0,0,0,0,0,,,0,2,0,0,0,0,0,0,0,0,0,0,,,0,2,0,0,0,0,0,0,0,0,0,0,,,0,1,0,0,0,0,0,0,0,0,0,0,,,
124,ok,51,1,1,1,1.282288227,0.993345526,0.28350369,0.908827868,0.230232391,0.237248646,17,3,51,1,1,1,0,1,0,1.969803454,0.086091428,0.005727269,0.108262712,0,0,3,0,0,0,0,0,0,0,0,0,0,,,0,3,0,0,0,0,0,0,0,0,0,0,,,0,2,0,0,0,0,0,0,0,0,0,0,,,0,2,0,0,0,0,0,0,0,0,0,0,,,0,1,0,0,0,0,0,0,0,0,0,0,,,
137,ok,51,1,1,1,1.945923477,2.327801535,0.236643488,1.273223624,0.419436203,0.349012416,17,3,51,1,1,1,0,1,0,0.589514064,0.009562377,0.000636141,0.307838983,3,0,3,0,0,0,0,0,0,0,0,0,0,,,0,3,0,0,0,0,0,0,0,0,0,0,,,0,2,0,0,0,0,0,0,0,0,0,0,,,0,2,0,0,0,0,0,0,0,0,0,0,,,0,1,0,0,0,0,0,0,0,0,0,0,,,
146,ok,51,1,1,1,1.389780561,1.512443141,0.085135347,1.088253469,0.703818865,0.297309344,17,3,51,1,1,1,0,1,0,0.504412212,0.000598181,3.98E-05,0.307838983,3,0,3,0,0,0,0,0,0,0,0,0,0,,,0,3,0,0,0,0,0,0,0,0,0,0,,,0,2,0,0,0,0,0,0,0,0,0,0,,,0,2,0,0,0,0,0,0,0,0,0,0,,,0,1,0,0,0,0,0,0,0,0,0,0,,,
166,ok,51,1,1,1,2.198843334,0.776129901,0.104242921,1.343621035,0.382615393,0.254405247,17,3,51,1,1,1,0,1,0,0.887437519,0.006139876,0.000408458,0.174788136,1,0,3,0,0,0,0,0,0,0,0,0,0,,,0,3,0,0,0,0,0,0,0,0,0,0,,,0,2,0,0,0,0,0,0,0,0,0,0,,,0,2,0,0,0,0,0,0,0,0,0,0,,,0,1,0,0,0,0,0,0,0,0,0,0,,,
183,ok,51,1,1,1,1.715001205,3.591351121,0.536879252,1.792638242,0.689312489,0.245503294,17,3,51,1,1,1,0,1,0,0.881245559,0.013127808,0.000873333,0.307838983,3,0,3,0,0,0,0,0,0,0,0,0,0,,,0,3,0,0,0,0,0,0,0,0,0,0,,,0,2,0,0,0,0,0,0,0,0,0,0,,,0,2,0,0,0,0,0,0,0,0,0,0,,,0,1,0,0,0,0,0,0,0,0,0,0,,,
184,ok,51,1,1,1,2.323676705,1.306384395,0.15528193,1.058095631,0.136433786,0.358725266,17,3,51,1,1,1,0,1,0,1.135833902,0.040223965,0.002675916,0.108262712,0,0,3,0,0,0,0,0,0,0,0,0,0,,,0,3,0,0,0,0,0,0,0,0,0,0,,,0,2,0,0,0,0,0,0,0,0,0,0,,,0,2,0,0,0,0,0,0,0,0,0,0,,,0,1,0,0,0,0,0,0,0,0,0,0,,,
206,ok,51,1,1,1,1.13367064,1.700359852,0.093020059,2.105795542,0.386031413,0.282756503,17,3,51,1,1,1,0,1,0,0.835994511,0.00184402,0.000122674,0.174788136,1,0,3,0,0,0,0,0,0,0,0,0,0,,,0,3,0,0,0,0,0,0,0,0,0,0,,,0,2,0,0,0,0,0,0,0,0,0,0,,,0,2,0,0,0,0,0,0,0,0,0,0,,,0,1,0,0,0,0,0,0,0,0,0,0,,,
209,ok,51,1,1,1,1.481678216,1.548100523,0.237511244,1.161247161,0.139489583,0.329944057,17,3,51,1,1,1,0,1,0,1.269386278,0.047098353,0.003133238,0.108262712,0,0,3,0,0,0,0,0,0,0,0,0,0,,,0,3,0,0,0,0,0,0,0,0,0,0,,,0,2,0,0,0,0,0,0,0,0,0,0,,,0,2,0,0,0,0,0,0,0,0,0,0,,,0,1,0,0,0,0,0,0,0,0,0,0,,,
243,ok,51,1,1,1,1.631207023,2.549789966,0.061004711,0.917350028,0.329832092,0.32398658,17,3,51,1,1,1,0,1,0,0.779514192,0.003200425,0.00021291,0.174788136,1,0,3,0,0,0,0,0,0,0,0,0,0,,,0,3,0,0,0,0,0,0,0,0,0,0,,,0,2,0,0,0,0,0,0,0,0,0,0,,,0,2,0,0,0,0,0,0,0,0,0,0,,,0,1,0,0,0,0,0,0,0,0,0,0,,,
257,ok,51,1,1,1,1.766163426,2.247155136,0.178806828,1.036703498,0.264104218,0.174372145,17,3,51,1,1,1,0,1,0,1.795061984,0.026699177,0.001776174,0.108262712,0,0,3,0,0,0,0,0,0,0,0,0,0,,,0,3,0,0,0,0,0,0,0,0,0,0,,,0,2,0,0,0,0,0,0,0,0,0,0,,,0,2,0,0,0,0,0,0,0,0,0,0,,,0,1,0,0,0,0,0,0,0,0,0,0,,,
272,ok,51,1,1,1,1.93317672,0.619537693,0.096036084,1.020058841,0.219161897,0.293443463,17,3,51,1,1,1,0,1,0,1.469524727,0.019774241,0.00131549,0.108262712,0,0,3,0,0,0,0,0,0,0,0,0,0,,,0,3,0,0,0,0,0,0,0,0,0,0,,,0,2,0,0,0,0,0,0,0,0,0,0,,,0,2,0,0,0,0,0,0,0,0,0,0,,,0,1,0,0,0,0,0,0,0,0,0,0,,,
282,ok,51,1,1,1,2.483032159,2.314115424,0.228290243,0.774748559,0.556351251,0.168487646,17,3,51,1,1,1,0,1,0,1.492103335,0.029997437,0.001995592,0.174788136,1,0,3,0,0,0,0,0,0,0,0,0,0,,,0,3,0,0,0,0,0,0,0,0,0,0,,,0,2,0,0,0,0,0,0,0,0,0,0,,,0,2,0,0,0,0,0,0,0,0,0,0,,,0,1,0,0,0,0,0,0,0,0,0,0,,,
294,ok,51,1,1,1,1.103259015,0.786364029,0.105906613,1.069365738,0.404246712,0.30056958,17,3,51,1,1,1,0,1,0,0.97049947,0.005329502,0.000354547,0.174788136,1,0,3,0,0,0,0,0,0,0,0,0,0,,,0,3,0,0,0,0,0,0,0,0,0,0,,,0,2,0,0,0,0,0,0,0,0,0,0,,,0,2,0,0,0,0,0,0,0,0,0,0,,,0,1,0,0,0,0,0,0,0,0,0,0,,,
305,ok,51,1,1,1,2.166124453,3.120822419,0.0753829,0.806639254,0.280516211,0.28351148,17,3,51,1,1,1,0,1,0,1.791737293,0.022759141,0.001514061,0.108262712,0,0,3,0,0,0,0,0,0,0,0,0,0,,,0,3,0,0,0,0,0,0,0,0,0,0,,,0,2,0,0,0,0,0,0,0,0,0,0,,,0,2,0,0,0,0,0,0,0,0,0,0,,,0,1,0,0,0,0,0,0,0,0,0,0,,,
309,ok,51,1,1,1,1.736995814,2.320772729,0.063050939,1.269535498,0.895326187,0.054123725,17,3,51,1,1,1,0,1,0,2.560306793,0.000173134,1.15E-05,0.108262712,0,0,3,0,0,0,0,0,0,0,0,0,0,,,0,3,0,0,0,0,0,0,0,0,0,0,,,0,2,0,0,0,0,0,0,0,0,0,0,,,0,2,0,0,0,0,0,0,0,0,0,0,,,0,1,0,0,0,0,0,0,0,0,0,0,,,
310,ok,51,1,1,1,1.315474091,0.895725878,0.166649573,1.968258647,0.414277698,0.005998982,0,3,0,0,0,0,0,0,0,0,0,0,,,0,3,0,0,0,0,0,0,0,0,0,0,,,17,3,51,1,1,1,0,1,0,0.243554282,0.000594507,1.01E-05,0.991525424,58,0,2,0,0,0,0,0,0,0,0,0,0,,,0,2,0,0,0,0,0,0,0,0,0,0,,,0,1,0,0,0,0,0,0,0,0,0,0,,,
312,ok,51,1,1,1,1.543138732,1.631788916,0.242880203,2.270270006,0.329015762,0.159770899,17,3,51,1,1,1,0,1,0,2.014335369,0.021410013,0.00142431,0.108262712,0,0,3,0,0,0,0,0,0,0,0,0,0,,,0,3,0,0,0,0,0,0,0,0,0,0,,,0,2,0,0,0,0,0,0,0,0,0,0,,,0,2,0,0,0,0,0,0,0,0,0,0,,,0,1,0,0,0,0,0,0,0,0,0,0,,,
311,ok,51,1,1,1,2.488215258,2.701065248,0.068434882,1.093776166,0.403955255,0.235844911,17,3,51,1,1,1,0,1,0,0.883464413,0.003347772,0.000222712,0.174788136,1,0,3,0,0,0,0,0,0,0,0,0,0,,,0,3,0,0,0,0,0,0,0,0,0,0,,,0,2,0,0,0,0,0,0,0,0,0,0,,,0,2,0,0,0,0,0,0,0,0,0,0,,,0,1,0,0,0,0,0,0,0,0,0,0,,,
370,ok,51,1,1,1,1.419414034,3.971857981,0.619584909,0.737058553,0.102563542,0.007665989,0,3,0,0,0,0,0,0,0,0,0,0,,,17,3,51,1,1,1,0,1,0,1.386877794,32.84102773,1.085423798,1.917372881,56,0,3,0,0,0,0,0,0,0,0,0,0,,,0,2,0,0,0,0,0,0,0,0,0,0,,,0,2,0,0,0,0,0,0,0,0,0,0,,,0,1,0,0,0,0,0,0,0,0,0,0,,,
382,ok,51,1,1,1,1.821546769,2.758414219,0.115714352,1.37085313,0.132354634,0.407936454,17,3,51,1,1,1,0,1,0,0.996454942,0.01715874,0.001141492,0.108262712,0,0,3,0,0,0,0,0,0,0,0,0,0,,,0,3,0,0,0,0,0,0,0,0,0,0,,,0,2,0,0,0,0,0,0,0,0,0,0,,,0,2,0,0,0,0,0,0,0,0,0,0,,,0,1,0,0,0,0,0,0,0,0,0,0,,,
398,ok,51,1,1,1,1.181604341,2.521662412,0.05130879,0.890843449,0.392451908,0.346607745,17,3,51,1,1,1,0,1,0,0.488887772,0.000778045,5.18E-05,0.241313559,2,0,3,0,0,0,0,0,0,0,0,0,0,,,0,3,0,0,0,0,0,0,0,0,0,0,,,0,2,0,0,0,0,0,0,0,0,0,0,,,0,2,0,0,0,0,0,0,0,0,0,0,,,0,1,0,0,0,0,0,0,0,0,0,0,,,
414,ok,51,1,1,1,2.345727129,1.020137754,0.082568576,1.925276472,0.276235171,0.223947792,17,3,51,1,1,1,0,1,0,1.633202952,0.007478422,0.000497505,0.108262712,0,0,3,0,0,0,0,0,0,0,0,0,0,,,0,3,0,0,0,0,0,0,0,0,0,0,,,0,2,0,0,0,0,0,0,0,0,0,0,,,0,2,0,0,0,0,0,0,0,0,0,0,,,0,1,0,0,0,0,0,0,0,0,0,0,,,
429,ok,51,1,1,1,1.287685036,1.765518194,0.479650888,1.179566619,0.270992203,0.285204511,17,3,51,1,1,1,0,1,0,1.303689198,0.068193767,0.004536619,0.174788136,1,0,3,0,0,0,0,0,0,0,0,0,0,,,0,3,0,0,0,0,0,0,0,0,0,0,,,0,2,0,0,0,0,0,0,0,0,0,0,,,0,2,0,0,0,0,0,0,0,0,0,0,,,0,1,0,0,0,0,0,0,0,0,0,0,,,
492,ok,51,1,1,1,1.872194091,3.831149953,0.474940949,0.977650195,0.423658294,0.214510709,17,3,51,1,1,1,0,1,0,1.703898498,0.110698104,0.007364238,0.174788136,1,0,3,0,0,0,0,0,0,0,0,0,0,,,0,3,0,0,0,0,0,0,0,0,0,0,,,0,2,0,0,0,0,0,0,0,0,0,0,,,0,2,0,0,0,0,0,0,0,0,0,0,,,0,1,0,0,0,0,0,0,0,0,0,0,,,
521,ok,51,1,1,1,1.947863038,0.845955462,1.28982883,0.837712468,0.874859228,0.241996901,17,3,51,1,1,1,0,1,0,1.292957256,2.405300353,0.160013625,0.108262712,0,0,3,0,0,0,0,0,0,0,0,0,0,,,0,3,0,0,0,0,0,0,0,0,0,0,,,0,2,0,0,0,0,0,0,0,0,0,0,,,0,2,0,0,0,0,0,0,0,0,0,0,,,0,1,0,0,0,0,0,0,0,0,0,0,,,
544,ok,51,1,1,1,1.488681641,2.946612131,0.133736288,1.447330561,0.226990072,0.203991971,17,3,51,1,1,1,0,1,0,1.471556924,0.010096445,0.00067167,0.108262712,0,0,3,0,0,0,0,0,0,0,0,0,0,,,0,3,0,0,0,0,0,0,0,0,0,0,,,0,2,0,0,0,0,0,0,0,0,0,0,,,0,2,0,0,0,0,0,0,0,0,0,0,,,0,1,0,0,0,0,0,0,0,0,0,0,,,
557,ok,51,1,1,1,1.665209798,1.157013135,0.129370751,2.214957985,0.298851118,0.151737321,17,3,51,1,1,1,0,1,0,1.755918348,0.005521315,0.000367308,0.108262712,0,0,3,0,0,0,0,0,0,0,0,0,0,,,0,3,0,0,0,0,0,0,0,0,0,0,,,0,2,0,0,0,0,0,0,0,0,0,0,,,0,2,0,0,0,0,0,0,0,0,0,0,,,0,1,0,0,0,0,0,0,0,0,0,0,,,
572,ok,51,1,1,1,2.066191291,1.458310293,0.308072717,0.931270022,0.334920062,0.135033745,17,3,51,1,1,1,0,1,0,2.407459493,0.079670357,0.005300104,0.108262712,0,0,3,0,0,0,0,0,0,0,0,0,0,,,0,3,0,0,0,0,0,0,0,0,0,0,,,0,2,0,0,0,0,0,0,0,0,0,0,,,0,2,0,0,0,0,0,0,0,0,0,0,,,0,1,0,0,0,0,0,0,0,0,0,0,,,
649,ok,51,1,1,1,1.662498308,0.742768534,0.055545588,1.661730388,0.352881354,0.196962955,17,3,51,1,1,1,0,1,0,1.966667544,0.002845911,0.000189325,0.108262712,0,0,3,0,0,0,0,0,0,0,0,0,0,,,0,3,0,0,0,0,0,0,0,0,0,0,,,0,2,0,0,0,0,0,0,0,0,0,0,,,0,2,0,0,0,0,0,0,0,0,0,0,,,0,1,0,0,0,0,0,0,0,0,0,0,,,
669,ok,51,1,1,1,1.325947453,2.798878119,0.170958609,0.805789302,0.871292348,0.088958173,17,3,51,1,1,1,0,1,0,2.728711061,0.00118596,7.89E-05,0.108262712,0,0,3,0,0,0,0,0,0,0,0,0,0,,,0,3,0,0,0,0,0,0,0,0,0,0,,,0,2,0,0,0,0,0,0,0,0,0,0,,,0,2,0,0,0,0,0,0,0,0,0,0,,,0,1,0,0,0,0,0,0,0,0,0,0,,,
705,ok,51,1,1,1,2.463398833,1.838088012,0.605169295,2.479084483,0.225491285,0.178842259,17,3,51,1,1,1,0,1,0,1.812813957,0.13086329,0.008705736,0.108262712,0,0,3,0,0,0,0,0,0,0,0,0,0,,,0,3,0,0,0,0,0,0,0,0,0,0,,,0,2,0,0,0,0,0,0,0,0,0,0,,,0,2,0,0,0,0,0,0,0,0,0,0,,,0,1,0,0,0,0,0,0,0,0,0,0,,,
706,ok,51,1,1,1,2.353353996,0.520841417,1.210059066,0.940461747,0.851091008,0.103733502,17,3,51,1,1,1,0,1,0,3.210405978,0.463265566,0.030818938,0.108262712,0,0,3,0,0,0,0,0,0,0,0,0,0,,,0,3,0,0,0,0,0,0,0,0,0,0,,,0,2,0,0,0,0,0,0,0,0,0,0,,,0,2,0,0,0,0,0,0,0,0,0,0,,,0,1,0,0,0,0,0,0,0,0,0,0,,,
754,ok,51,1,1,1,1.390971076,3.713633989,0.052512331,1.791290501,0.250546934,0.188893798,17,3,51,1,1,1,0,1,0,1.460962879,0.00118852,7.91E-05,0.108262712,0,0,3,0,0,0,0,0,0,0,0,0,0,,,0,3,0,0,0,0,0,0,0,0,0,0,,,0,2,0,0,0,0,0,0,0,0,0,0,,,0,2,0,0,0,0,0,0,0,0,0,0,,,0,1,0,0,0,0,0,0,0,0,0,0,,,
763,ok,51,1,1,1,2.27803662,2.373154499,0.138350444,1.220367054,0.605730612,0.296579391,17,3,51,1,1,1,0,1,0,0.537809588,0.003348136,0.000222736,0.307838983,3,0,3,0,0,0,0,0,0,0,0,0,0,,,0,3,0,0,0,0,0,0,0,0,0,0,,,0,2,0,0,0,0,0,0,0,0,0,0,,,0,2,0,0,0,0,0,0,0,0,0,0,,,0,1,0,0,0,0,0,0,0,0,0,0,,,
784,ok,51,1,1,1,2.251644276,3.965613635,0.066579096,1.329422679,0.251907159,0.267907077,17,3,51,1,1,1,0,1,0,1.532847696,0.008626136,0.000573857,0.108262712,0,0,3,0,0,0,0,0,0,0,0,0,0,,,0,3,0,0,0,0,0,0,0,0,0,0,,,0,2,0,0,0,0,0,0,0,0,0,0,,,0,2,0,0,0,0,0,0,0,0,0,0,,,0,1,0,0,0,0,0,0,0,0,0,0,,,
799,ok,51,1,1,1,2.104258637,3.394554987,0.069964903,1.228508708,0.759055815,0.019556159,17,3,51,1,1,1,0,1,0,3.387160368,0.001213646,8.07E-05,0.108262712,0,0,3,0,0,0,0,0,0,0,0,0,0,,,0,3,0,0,0,0,0,0,0,0,0,0,,,0,2,0,0,0,0,0,0,0,0,0,0,,,0,2,0,0,0,0,0,0,0,0,0,0,,,0,1,0,0,0,0,0,0,0,0,0,0,,,
814,ok,51,1,1,1,1.476696268,3.897048922,0.273403255,2.136443686,0.692575008,0.265142756,17,3,51,1,1,1,0,1,0,0.607680311,0.002691625,0.000179061,0.307838983,3,0,3,0,0,0,0,0,0,0,0,0,0,,,0,3,0,0,0,0,0,0,0,0,0,0,,,0,2,0,0,0,0,0,0,0,0,0,0,,,0,2,0,0,0,0,0,0,0,0,0,0,,,0,1,0,0,0,0,0,0,0,0,0,0,,,
831,ok,51,1,1,1,1.106960693,2.879098763,0.439629628,0.950857673,0.191061779,0.326004898,17,3,51,1,1,1,0,1,0,1.182489715,0.044134031,0.002936035,0.174788136,1,0,3,0,0,0,0,0,0,0,0,0,0,,,0,3,0,0,0,0,0,0,0,0,0,0,,,0,2,0,0,0,0,0,0,0,0,0,0,,,0,2,0,0,0,0,0,0,0,0,0,0,,,0,1,0,0,0,0,0,0,0,0,0,0,,,
907,ok,51,1,1,1,2.05631036,3.515672766,0.134560488,2.384359776,0.360804292,0.287087276,17,3,51,1,1,1,0,1,0,0.832834047,0.006468579,0.000430325,0.174788136,1,0,3,0,0,0,0,0,0,0,0,0,0,,,0,3,0,0,0,0,0,0,0,0,0,0,,,0,2,0,0,0,0,0,0,0,0,0,0,,,0,2,0,0,0,0,0,0,0,0,0,0,,,0,1,0,0,0,0,0,0,0,0,0,0,,,
932,ok,51,1,1,1,2.401180607,1.431821429,0.129013443,1.304905097,0.797116839,0.090853168,17,3,51,1,1,1,0,1,0,3.165216379,0.001795328,0.000119435,0.108262712,0,0,3,0,0,0,0,0,0,0,0,0,0,,,0,3,0,0,0,0,0,0,0,0,0,0,,,0,2,0,0,0,0,0,0,0,0,0,0,,,0,2,0,0,0,0,0,0,0,0,0,0,,,0,1,0,0,0,0,0,0,0,0,0,0,,,
950,ok,51,1,1,1,1.407219055,3.486984391,0.050541526,1.652832476,0.478722634,0.15828032,17,3,51,1,1,1,0,1,0,2.500224215,0.001531377,0.000101875,0.108262712,0,0,3,0,0,0,0,0,0,0,0,0,0,,,0,3,0,0,0,0,0,0,0,0,0,0,,,0,2,0,0,0,0,0,0,0,0,0,0,,,0,2,0,0,0,0,0,0,0,0,0,0,,,0,1,0,0,0,0,0,0,0,0,0,0,,,
952,ok,51,1,1,1,1.957037848,2.190097668,0.163072566,1.254676146,0.161017839,0.386476859,17,3,51,1,1,1,0,1,0,1.279210933,0.050300665,0.003346273,0.108262712,0,0,3,0,0,0,0,0,0,0,0,0,0,,,0,3,0,0,0,0,0,0,0,0,0,0,,,0,2,0,0,0,0,0,0,0,0,0,0,,,0,2,0,0,0,0,0,0,0,0,0,0,,,0,1,0,0,0,0,0,0,0,0,0,0,,,
957,ok,51,1,1,1,1.721365565,3.106075586,0.132763922,1.399006207,0.663359875,0.112397612,17,3,51,1,1,1,0,1,0,3.330646903,0.006919561,0.000460327,0.108262712,0,0,3,0,0,0,0,0,0,0,0,0,0,,,0,3,0,0,0,0,0,0,0,0,0,0,,,0,2,0,0,0,0,0,0,0,0,0,0,,,0,2,0,0,0,0,0,0,0,0,0,0,,,0,1,0,0,0,0,0,0,0,0,0,0,,,
978,ok,51,1,1,1,1.50374621,1.710745738,0.176887668,2.000416625,0.407522363,0.234128068,17,3,51,1,1,1,0,1,0,0.954555929,0.006836316,0.000454789,0.174788136,1,0,3,0,0,0,0,0,0,0,0,0,0,,,0,3,0,0,0,0,0,0,0,0,0,0,,,0,2,0,0,0,0,0,0,0,0,0,0,,,0,2,0,0,0,0,0,0,0,0,0,0,,,0,1,0,0,0,0,0,0,0,0,0,0,,,
1016,ok,51,1,1,1,1.056250043,1.701598144,1.241074349,0.699896769,0.163840828,0.547873913,0,3,0,0,0,0,0,0,0,0,0,0,,,17,3,51,1,1,1,0,1,0,1.351361724,29.76066289,0.983615129,1.818220339,53,0,3,0,0,0,0,0,0,0,0,0,0,,,0,2,0,0,0,0,0,0,0,0,0,0,,,0,2,0,0,0,0,0,0,0,0,0,0,,,0,1,0,0,0,0,0,0,0,0,0,0,,,
1050,ok,51,1,1,1,2.150674895,0.244038939,1.257907645,0.732929695,0.420183687,0.016610862,0,3,0,0,0,0,0,0,0,0,0,0,,,17,3,51,1,1,1,0,1,0,1.264182501,17.49941463,0.578370483,1.917372881,56,0,3,0,0,0,0,0,0,0,0,0,0,,,0,2,0,0,0,0,0,0,0,0,0,0,,,0,2,0,0,0,0,0,0,0,0,0,0,,,0,1,0,0,0,0,0,0,0,0,0,0,,,
1062,ok,51,1,1,1,1.930408171,2.545226053,0.123412739,2.191924383,0.385612803,0.352816763,17,3,51,1,1,1,0,1,0,0.512810055,0.003220121,0.00021422,0.241313559,2,0,3,0,0,0,0,0,0,0,0,0,0,,,0,3,0,0,0,0,0,0,0,0,0,0,,,0,2,0,0,0,0,0,0,0,0,0,0,,,0,2,0,0,0,0,0,0,0,0,0,0,,,0,1,0,0,0,0,0,0,0,0,0,0,,,
1074,ok,51,1,1,1,1.20404617,0.461697036,0.255767701,1.39293623,0.184034177,0.108566034,0,3,0,0,0,0,0,0,0,0,0,0,,,0,3,0,0,0,0,0,0,0,0,0,0,,,17,3,51,1,1,1,0,1,0,0.400001196,0.002417155,4.10E-05,0.906779661,53,0,2,0,0,0,0,0,0,0,0,0,0,,,0,2,0,0,0,0,0,0,0,0,0,0,,,0,1,0,0,0,0,0,0,0,0,0,0,,,
1087,ok,51,1,1,1,2.409778816,2.222096878,0.282033073,2.055938937,0.275822958,0.248495467,17,3,51,1,1,1,0,1,0,1.910283546,0.102059015,0.006789519,0.108262712,0,0,3,0,0,0,0,0,0,0,0,0,0,,,0,3,0,0,0,0,0,0,0,0,0,0,,,0,2,0,0,0,0,0,0,0,0,0,0,,,0,2,0,0,0,0,0,0,0,0,0,0,,,0,1,0,0,0,0,0,0,0,0,0,0,,,
1117,ok,51,1,1,1,1.270503054,0.793489385,0.136443431,2.044196983,0.351419684,0.152413541,17,3,51,1,1,1,0,1,0,2.020273358,0.005965846,0.00039688,0.108262712,0,0,3,0,0,0,0,0,0,0,0,0,0,,,0,3,0,0,0,0,0,0,0,0,0,0,,,0,2,0,0,0,0,0,0,0,0,0,0,,,0,2,0,0,0,0,0,0,0,0,0,0,,,0,1,0,0,0,0,0,0,0,0,0,0,,,
1141,ok,51,1,1,1,2.031271478,2.847924549,0.053421809,0.719531517,0.475731335,0.008226147,0,3,0,0,0,0,0,0,0,0,0,0,,,17,3,51,1,1,1,0,1,0,1.3766225,31.54547071,1.04260454,1.884322034,55,0,3,0,0,0,0,0,0,0,0,0,0,,,0,2,0,0,0,0,0,0,0,0,0,0,,,0,2,0,0,0,0,0,0,0,0,0,0,,,0,1,0,0,0,0,0,0,0,0,0,0,,,
1142,ok,51,1,1,1,2.472043467,1.429881168,0.169361466,0.992635532,0.167415259,0.274681773,17,3,51,1,1,1,0,1,0,1.325950335,0.043699905,0.002907155,0.108262712,0,0,3,0,0,0,0,0,0,0,0,0,0,,,0,3,0,0,0,0,0,0,0,0,0,0,,,0,2,0,0,0,0,0,0,0,0,0,0,,,0,2,0,0,0,0,0,0,0,0,0,0,,,0,1,0,0,0,0,0,0,0,0,0,0,,,
1200,ok,51,1,1,1,1.234622071,1.186101247,0.066035101,1.132624214,0.441018462,0.3097685,17,3,51,1,1,1,0,1,0,0.530633144,0.000906673,6.03E-05,0.241313559,2,0,3,0,0,0,0,0,0,0,0,0,0,,,0,3,0,0,0,0,0,0,0,0,0,0,,,0,2,0,0,0,0,0,0,0,0,0,0,,,0,2,0,0,0,0,0,0,0,0,0,0,,,0,1,0,0,0,0,0,0,0,0,0,0,,,
1213,ok,51,1,1,1,2.1490276,3.281186664,0.175294159,0.716075023,0.346495618,0.052132928,0,3,0,0,0,0,0,0,0,0,0,0,,,17,3,51,1,1,1,0,1,0,1.376878792,35.60022476,1.176617598,1.884322034,55,0,3,0,0,0,0,0,0,0,0,0,0,,,0,2,0,0,0,0,0,0,0,0,0,0,,,0,2,0,0,0,0,0,0,0,0,0,0,,,0,1,0,0,0,0,0,0,0,0,0,0,,,
1233,ok,51,1,1,1,2.0841715,3.778647707,0.168819107,0.982520671,0.46459107,0.393069249,17,3,51,1,1,1,0,1,0,0.598642411,0.009780911,0.000650679,0.307838983,3,0,3,0,0,0,0,0,0,0,0,0,0,,,0,3,0,0,0,0,0,0,0,0,0,0,,,0,2,0,0,0,0,0,0,0,0,0,0,,,0,2,0,0,0,0,0,0,0,0,0,0,,,0,1,0,0,0,0,0,0,0,0,0,0,,,
1240,ok,51,1,1,1,2.24084469,3.838322737,0.188021597,1.320577237,0.502986441,0.298592078,17,3,51,1,1,1,0,1,0,0.75780874,0.01233079,0.000820311,0.241313559,2,0,3,0,0,0,0,0,0,0,0,0,0,,,0,3,0,0,0,0,0,0,0,0,0,0,,,0,2,0,0,0,0,0,0,0,0,0,0,,,0,2,0,0,0,0,0,0,0,0,0,0,,,0,1,0,0,0,0,0,0,0,0,0,0,,,
1260,ok,51,1,1,1,1.96281894,1.552975246,0.222926859,1.12103418,0.510074702,0.177931575,17,3,51,1,1,1,0,1,0,1.270386262,0.016674853,0.001109302,0.174788136,1,0,3,0,0,0,0,0,0,0,0,0,0,,,0,3,0,0,0,0,0,0,0,0,0,0,,,0,2,0,0,0,0,0,0,0,0,0,0,,,0,2,0,0,0,0,0,0,0,0,0,0,,,0,1,0,0,0,0,0,0,0,0,0,0,,,
1267,ok,51,1,1,1,1.192134808,3.110998682,0.533529685,0.905049826,0.52963304,0.262931088,17,3,51,1,1,1,0,1,0,1.171475841,0.022553837,0.001500404,0.307838983,3,0,3,0,0,0,0,0,0,0,0,0,0,,,0,3,0,0,0,0,0,0,0,0,0,0,,,0,2,0,0,0,0,0,0,0,0,0,0,,,0,2,0,0,0,0,0,0,0,0,0,0,,,0,1,0,0,0,0,0,0,0,0,0,0,,,
1280,ok,51,1,1,1,1.068177541,3.449602954,0.142857474,0.87768244,0.673241858,0.259761868,17,3,51,1,1,1,0,1,0,0.861313109,0.002487018,0.00016545,0.241313559,2,0,3,0,0,0,0,0,0,0,0,0,0,,,0,3,0,0,0,0,0,0,0,0,0,0,,,0,2,0,0,0,0,0,0,0,0,0,0,,,0,2,0,0,0,0,0,0,0,0,0,0,,,0,1,0,0,0,0,0,0,0,0,0,0,,,
1289,ok,51,1,1,1,1.596925463,3.210399193,0.062028769,0.979870753,0.658875799,0.380705868,17,3,51,1,1,1,0,1,0,0.350960333,0.000448416,2.98E-05,0.374364407,4,0,3,0,0,0,0,0,0,0,0,0,0,,,0,3,0,0,0,0,0,0,0,0,0,0,,,0,2,0,0,0,0,0,0,0,0,0,0,,,0,2,0,0,0,0,0,0,0,0,0,0,,,0,1,0,0,0,0,0,0,0,0,0,0,,,
1306,ok,51,1,1,1,1.99605063,3.308091826,0.22379211,1.335396835,0.694924576,0.306828715,17,3,51,1,1,1,0,1,0,0.535023428,0.00326331,0.000217093,0.374364407,4,0,3,0,0,0,0,0,0,0,0,0,0,,,0,3,0,0,0,0,0,0,0,0,0,0,,,0,2,0,0,0,0,0,0,0,0,0,0,,,0,2,0,0,0,0,0,0,0,0,0,0,,,0,1,0,0,0,0,0,0,0,0,0,0,,,
1309,ok,51,1,1,1,2.065342289,3.268262368,0.626673357,1.805678663,0.228706508,0.287956998,17,3,51,1,1,1,0,1,0,1.149928921,0.092327457,0.006142123,0.174788136,1,0,3,0,0,0,0,0,0,0,0,0,0,,,0,3,0,0,0,0,0,0,0,0,0,0,,,0,2,0,0,0,0,0,0,0,0,0,0,,,0,2,0,0,0,0,0,0,0,0,0,0,,,0,1,0,0,0,0,0,0,0,0,0,0,,,
1312,ok,51,1,1,1,1.634375317,0.815939917,0.325694663,1.203209079,0.177850547,0.256640089,17,3,51,1,1,1,0,1,0,1.599596523,0.083577905,0.005560056,0.108262712,0,0,3,0,0,0,0,0,0,0,0,0,0,,,0,3,0,0,0,0,0,0,0,0,0,0,,,0,2,0,0,0,0,0,0,0,0,0,0,,,0,2,0,0,0,0,0,0,0,0,0,0,,,0,1,0,0,0,0,0,0,0,0,0,0,,,
1322,ok,51,1,1,1,1.778743717,3.631220839,0.117521024,1.722194114,0.532245992,0.303747503,17,3,51,1,1,1,0,1,0,0.638297018,0.002974149,0.000197857,0.241313559,2,0,3,0,0,0,0,0,0,0,0,0,0,,,0,3,0,0,0,0,0,0,0,0,0,0,,,0,2,0,0,0,0,0,0,0,0,0,0,,,0,2,0,0,0,0,0,0,0,0,0,0,,,0,1,0,0,0,0,0,0,0,0,0,0,,,
1324,ok,51,1,1,1,1.768144483,2.821656638,0.153464197,0.69084608,0.123576661,0.27661777,0,3,0,0,0,0,0,0,0,0,0,0,,,17,3,51,1,1,1,0,1,0,1.373671161,35.4463426,1.171531662,1.818220339,53,0,3,0,0,0,0,0,0,0,0,0,0,,,0,2,0,0,0,0,0,0,0,0,0,0,,,0,2,0,0,0,0,0,0,0,0,0,0,,,0,1,0,0,0,0,0,0,0,0,0,0,,,
1328,ok,51,1,1,1,2.137721935,0.658811409,0.120625084,1.694431277,0.359668053,0.043380255,0,3,0,0,0,0,0,0,0,0,0,0,,,0,3,0,0,0,0,0,0,0,0,0,0,,,17,3,51,1,1,1,0,1,0,0.193817967,0.000752632,1.28E-05,0.906779661,53,0,2,0,0,0,0,0,0,0,0,0,0,,,0,2,0,0,0,0,0,0,0,0,0,0,,,0,1,0,0,0,0,0,0,0,0,0,0,,,
1331,ok,51,1,1,1,2.417542929,2.89134855,0.220572651,1.643347592,0.383579359,0.332303448,17,3,51,1,1,1,0,1,0,0.660256633,0.014903172,0.00099144,0.241313559,2,0,3,0,0,0,0,0,0,0,0,0,0,,,0,3,0,0,0,0,0,0,0,0,0,0,,,0,2,0,0,0,0,0,0,0,0,0,0,,,0,2,0,0,0,0,0,0,0,0,0,0,,,0,1,0,0,0,0,0,0,0,0,0,0,,,
1352,ok,51,1,1,1,1.855404325,1.853930258,0.266718198,1.084492483,0.716587777,0.196088338,17,3,51,1,1,1,0,1,0,1.006821404,0.007596631,0.000505369,0.241313559,2,0,3,0,0,0,0,0,0,0,0,0,0,,,0,3,0,0,0,0,0,0,0,0,0,0,,,0,2,0,0,0,0,0,0,0,0,0,0,,,0,2,0,0,0,0,0,0,0,0,0,0,,,0,1,0,0,0,0,0,0,0,0,0,0,,,
1360,ok,51,1,1,1,1.800044707,2.011822654,0.146033261,2.259391662,0.274538615,0.351906325,17,3,51,1,1,1,0,1,0,0.712593271,0.007636193,0.000508001,0.174788136,1,0,3,0,0,0,0,0,0,0,0,0,0,,,0,3,0,0,0,0,0,0,0,0,0,0,,,0,2,0,0,0,0,0,0,0,0,0,0,,,0,2,0,0,0,0,0,0,0,0,0,0,,,0,1,0,0,0,0,0,0,0,0,0,0,,,
1372,ok,51,1,1,1,1.052786963,3.549194362,0.055108197,0.883022515,0.631542694,0.126463592,17,3,51,1,1,1,0,1,0,3.143017859,0.001269832,8.45E-05,0.108262712,0,0,3,0,0,0,0,0,0,0,0,0,0,,,0,3,0,0,0,0,0,0,0,0,0,0,,,0,2,0,0,0,0,0,0,0,0,0,0,,,0,2,0,0,0,0,0,0,0,0,0,0,,,0,1,0,0,0,0,0,0,0,0,0,0,,,
1426,ok,51,1,1,1,1.092911161,3.192920614,0.132998149,1.452746937,0.576163542,0.343819156,17,3,51,1,1,1,0,1,0,0.493213478,0.001364202,9.08E-05,0.307838983,3,0,3,0,0,0,0,0,0,0,0,0,0,,,0,3,0,0,0,0,0,0,0,0,0,0,,,0,2,0,0,0,0,0,0,0,0,0,0,,,0,2,0,0,0,0,0,0,0,0,0,0,,,0,1,0,0,0,0,0,0,0,0,0,0,,,
1437,ok,51,1,1,1,2.241472114,0.681102991,0.445673276,1.83656198,0.126873506,0.280644632,17,3,51,1,1,1,0,1,0,1.274943513,0.08246503,0.005486021,0.108262712,0,0,3,0,0,0,0,0,0,0,0,0,0,,,0,3,0,0,0,0,0,0,0,0,0,0,,,0,2,0,0,0,0,0,0,0,0,0,0,,,0,2,0,0,0,0,0,0,0,0,0,0,,,0,1,0,0,0,0,0,0,0,0,0,0,,,
1439,ok,51,1,1,1,1.166390362,2.664050996,0.119392971,0.755867764,0.291789769,0.136238879,0,3,0,0,0,0,0,0,0,0,0,0,,,17,3,51,1,1,1,0,1,0,1.374092266,29.66668002,0.980508916,1.983474576,58,0,3,0,0,0,0,0,0,0,0,0,0,,,0,2,0,0,0,0,0,0,0,0,0,0,,,0,2,0,0,0,0,0,0,0,0,0,0,,,0,1,0,0,0,0,0,0,0,0,0,0,,,
1469,ok,51,1,1,1,1.707678483,3.525039094,0.400570659,2.120839583,0.832252917,0.113559537,17,3,51,1,1,1,0,1,0,2.949270747,0.001462468,9.73E-05,0.108262712,0,0,3,0,0,0,0,0,0,0,0,0,0,,,0,3,0,0,0,0,0,0,0,0,0,0,,,0,2,0,0,0,0,0,0,0,0,0,0,,,0,2,0,0,0,0,0,0,0,0,0,0,,,0,1,0,0,0,0,0,0,0,0,0,0,,,
1482,ok,51,1,1,1,1.117203891,2.658311142,0.123929436,1.011167433,0.580047056,0.142044826,17,3,51,1,1,1,0,1,0,3.092031626,0.008466197,0.000563217,0.108262712,0,0,3,0,0,0,0,0,0,0,0,0,0,,,0,3,0,0,0,0,0,0,0,0,0,0,,,0,2,0,0,0,0,0,0,0,0,0,0,,,0,2,0,0,0,0,0,0,0,0,0,0,,,0,1,0,0,0,0,0,0,0,0,0,0,,,
1541,ok,51,1,1,1,1.904196694,2.860305118,0.415013913,1.467787156,0.786464799,0.047139697,17,3,51,1,1,1,0,1,0,3.240183936,0.019977558,0.001329016,0.108262712,0,0,3,0,0,0,0,0,0,0,0,0,0,,,0,3,0,0,0,0,0,0,0,0,0,0,,,0,2,0,0,0,0,0,0,0,0,0,0,,,0,2,0,0,0,0,0,0,0,0,0,0,,,0,1,0,0,0,0,0,0,0,0,0,0,,,
1545,ok,51,1,1,1,2.269270102,3.572536831,0.422907093,1.119522381,0.631835374,0.231368376,17,3,51,1,1,1,0,1,0,1.24377358,0.042526023,0.002829062,0.241313559,2,0,3,0,0,0,0,0,0,0,0,0,0,,,0,3,0,0,0,0,0,0,0,0,0,0,,,0,2,0,0,0,0,0,0,0,0,0,0,,,0,2,0,0,0,0,0,0,0,0,0,0,,,0,1,0,0,0,0,0,0,0,0,0,0,,,
1556,ok,51,1,1,1,1.941853792,1.53372887,0.332527268,1.707302325,0.476363697,0.0714369,0,3,0,0,0,0,0,0,0,0,0,0,,,0,3,0,0,0,0,0,0,0,0,0,0,,,17,3,51,1,1,1,0,1,0,0.441122252,0.001981011,3.36E-05,0.991525424,58,0,2,0,0,0,0,0,0,0,0,0,0,,,0,2,0,0,0,0,0,0,0,0,0,0,,,0,1,0,0,0,0,0,0,0,0,0,0,,,
1562,ok,51,1,1,1,1.777349483,0.601349841,0.194898793,0.768034203,0.122653701,0.35128469,17,3,51,1,1,1,0,1,0,1.237633843,0.051881267,0.003451423,0.108262712,0,0,3,0,0,0,0,0,0,0,0,0,0,,,0,3,0,0,0,0,0,0,0,0,0,0,,,0,2,0,0,0,0,0,0,0,0,0,0,,,0,2,0,0,0,0,0,0,0,0,0,0,,,0,1,0,0,0,0,0,0,0,0,0,0,,,
1590,ok,51,1,1,1,1.599561216,2.490054559,0.134700495,0.929442818,0.58889578,0.181304765,17,3,51,1,1,1,0,1,0,1.284894221,0.005929965,0.000394493,0.174788136,1,0,3,0,0,0,0,0,0,0,0,0,0,,,0,3,0,0,0,0,0,0,0,0,0,0,,,0,2,0,0,0,0,0,0,0,0,0,0,,,0,2,0,0,0,0,0,0,0,0,0,0,,,0,1,0,0,0,0,0,0,0,0,0,0,,,
1625,ok,51,1,1,1,2.025028014,2.278277401,0.099834183,1.86247735,0.859848752,0.097959985,17,3,51,1,1,1,0,1,0,2.77318948,0.000308103,2.05E-05,0.108262712,0,0,3,0,0,0,0,0,0,0,0,0,0,,,0,3,0,0,0,0,0,0,0,0,0,0,,,0,2,0,0,0,0,0,0,0,0,0,0,,,0,2,0,0,0,0,0,0,0,0,0,0,,,0,1,0,0,0,0,0,0,0,0,0,0,,,
1627,ok,51,1,1,1,2.040292543,3.344384823,0.702225777,1.709381154,0.271960281,0.247488632,17,3,51,1,1,1,0,1,0,1.324195696,0.113740174,0.007566613,0.174788136,1,0,3,0,0,0,0,0,0,0,0,0,0,,,0,3,0,0,0,0,0,0,0,0,0,0,,,0,2,0,0,0,0,0,0,0,0,0,0,,,0,2,0,0,0,0,0,0,0,0,0,0,,,0,1,0,0,0,0,0,0,0,0,0,0,,,
1630,ok,51,1,1,1,1.110545112,0.51980065,0.112845217,0.958473304,0.233719661,0.330278262,17,3,51,1,1,1,0,1,0,1.624395351,0.022661172,0.001507544,0.108262712,0,0,3,0,0,0,0,0,0,0,0,0,0,,,0,3,0,0,0,0,0,0,0,0,0,0,,,0,2,0,0,0,0,0,0,0,0,0,0,,,0,2,0,0,0,0,0,0,0,0,0,0,,,0,1,0,0,0,0,0,0,0,0,0,0,,,
1635,ok,51,1,1,1,1.252330919,3.60732059,0.309126654,1.301214296,0.442727108,0.277866056,17,3,51,1,1,1,0,1,0,0.847168198,0.01331479,0.000885772,0.241313559,2,0,3,0,0,0,0,0,0,0,0,0,0,,,0,3,0,0,0,0,0,0,0,0,0,0,,,0,2,0,0,0,0,0,0,0,0,0,0,,,0,2,0,0,0,0,0,0,0,0,0,0,,,0,1,0,0,0,0,0,0,0,0,0,0,,,
1634,ok,51,1,1,1,2.170682919,2.63782994,0.092178975,2.318586872,0.138694235,0.383699338,17,3,51,1,1,1,0,1,0,0.932990538,0.007333988,0.000487897,0.108262712,0,0,3,0,0,0,0,0,0,0,0,0,0,,,0,3,0,0,0,0,0,0,0,0,0,0,,,0,2,0,0,0,0,0,0,0,0,0,0,,,0,2,0,0,0,0,0,0,0,0,0,0,,,0,1,0,0,0,0,0,0,0,0,0,0,,,
1663,ok,51,1,1,1,2.378143392,2.496337077,0.071576249,0.691709824,0.151757903,0.207696813,0,3,0,0,0,0,0,0,0,0,0,0,,,17,3,51,1,1,1,0,1,0,1.373834026,40.12150631,1.326049785,1.818220339,53,0,3,0,0,0,0,0,0,0,0,0,0,,,0,2,0,0,0,0,0,0,0,0,0,0,,,0,2,0,0,0,0,0,0,0,0,0,0,,,0,1,0,0,0,0,0,0,0,0,0,0,,,
1688,ok,51,1,1,1,1.073656898,2.796184507,0.484099289,0.91857483,0.26991079,0.440162189,17,3,51,1,1,1,0,1,0,1.035644033,0.030440512,0.002025068,0.307838983,3,0,3,0,0,0,0,0,0,0,0,0,0,,,0,3,0,0,0,0,0,0,0,0,0,0,,,0,2,0,0,0,0,0,0,0,0,0,0,,,0,2,0,0,0,0,0,0,0,0,0,0,,,0,1,0,0,0,0,0,0,0,0,0,0,,,
1702,ok,51,1,1,1,1.671508748,3.014968433,0.335791578,1.115001739,0.65124354,0.288515618,17,3,51,1,1,1,0,1,0,0.864705606,0.012711665,0.000845649,0.307838983,3,0,3,0,0,0,0,0,0,0,0,0,0,,,0,3,0,0,0,0,0,0,0,0,0,0,,,0,2,0,0,0,0,0,0,0,0,0,0,,,0,2,0,0,0,0,0,0,0,0,0,0,,,0,1,0,0,0,0,0,0,0,0,0,0,,,
1710,ok,51,1,1,1,1.334629862,3.530276454,0.121678715,0.811716482,0.318503977,0.36679511,17,3,51,1,1,1,0,1,0,0.944983141,0.014229108,0.000946597,0.174788136,1,0,3,0,0,0,0,0,0,0,0,0,0,,,0,3,0,0,0,0,0,0,0,0,0,0,,,0,2,0,0,0,0,0,0,0,0,0,0,,,0,2,0,0,0,0,0,0,0,0,0,0,,,0,1,0,0,0,0,0,0,0,0,0,0,,,
1729,ok,51,1,1,1,1.174813548,1.60997945,0.232511628,0.802620477,0.612343056,0.299289696,17,3,51,1,1,1,0,1,0,0.789781824,0.005910027,0.000393167,0.307838983,3,0,3,0,0,0,0,0,0,0,0,0,0,,,0,3,0,0,0,0,0,0,0,0,0,0,,,0,2,0,0,0,0,0,0,0,0,0,0,,,0,2,0,0,0,0,0,0,0,0,0,0,,,0,1,0,0,0,0,0,0,0,0,0,0,,,
1727,ok,51,1,1,1,1.218794146,0.405585908,0.94744825,0.744900281,0.485161077,0.186272572,0,3,0,0,0,0,0,0,0,0,0,0,,,17,3,51,1,1,1,0,1,0,1.322569615,27.84089185,0.92016507,1.950423729,57,0,3,0,0,0,0,0,0,0,0,0,0,,,0,2,0,0,0,0,0,0,0,0,0,0,,,0,2,0,0,0,0,0,0,0,0,0,0,,,0,1,0,0,0,0,0,0,0,0,0,0,,,
1730,ok,51,1,1,1,2.011318882,1.619106425,0.303238781,1.085932073,0.452883285,0.144750394,17,3,51,1,1,1,0,1,0,2.94600092,0.101962486,0.006783098,0.108262712,0,0,3,0,0,0,0,0,0,0,0,0,0,,,0,3,0,0,0,0,0,0,0,0,0,0,,,0,2,0,0,0,0,0,0,0,0,0,0,,,0,2,0,0,0,0,0,0,0,0,0,0,,,0,1,0,0,0,0,0,0,0,0,0,0,,,
1753,ok,51,1,1,1,1.898685158,3.625090866,0.079415943,1.602998876,0.299731635,0.290423198,17,3,51,1,1,1,0,1,0,0.696862688,0.002575883,0.000171362,0.174788136,1,0,3,0,0,0,0,0,0,0,0,0,0,,,0,3,0,0,0,0,0,0,0,0,0,0,,,0,2,0,0,0,0,0,0,0,0,0,0,,,0,2,0,0,0,0,0,0,0,0,0,0,,,0,1,0,0,0,0,0,0,0,0,0,0,,,
1777,ok,51,1,1,1,2.325387782,0.289183473,1.129846961,0.907495907,0.850266517,0.05063829,17,3,51,1,1,1,0,1,0,2.743245856,0.098216664,0.006533905,0.108262712,0,0,3,0,0,0,0,0,0,0,0,0,0,,,0,3,0,0,0,0,0,0,0,0,0,0,,,0,2,0,0,0,0,0,0,0,0,0,0,,,0,2,0,0,0,0,0,0,0,0,0,0,,,0,1,0,0,0,0,0,0,0,0,0,0,,,
1819,ok,51,1,1,1,1.848318936,3.985717695,0.05300952,1.398300419,0.150851284,0.364081258,17,3,51,1,1,1,0,1,0,0.976773276,0.003625879,0.000241213,0.108262712,0,0,3,0,0,0,0,0,0,0,0,0,0,,,0,3,0,0,0,0,0,0,0,0,0,0,,,0,2,0,0,0,0,0,0,0,0,0,0,,,0,2,0,0,0,0,0,0,0,0,0,0,,,0,1,0,0,0,0,0,0,0,0,0,0,,,
1867,ok,51,1,1,1,1.223242256,3.127816125,0.228656601,1.168868065,0.364160507,0.153731015,17,3,51,1,1,1,0,1,0,2.328086177,0.029079017,0.001934494,0.108262712,0,0,3,0,0,0,0,0,0,0,0,0,0,,,0,3,0,0,0,0,0,0,0,0,0,0,,,0,2,0,0,0,0,0,0,0,0,0,0,,,0,2,0,0,0,0,0,0,0,0,0,0,,,0,1,0,0,0,0,0,0,0,0,0,0,,,
1896,ok,51,1,1,1,1.418387381,1.317416447,0.152464251,2.169563639,0.324820245,0.215684684,17,3,51,1,1,1,0,1,0,1.941203801,0.015030141,0.000999887,0.108262712,0,0,3,0,0,0,0,0,0,0,0,0,0,,,0,3,0,0,0,0,0,0,0,0,0,0,,,0,2,0,0,0,0,0,0,0,0,0,0,,,0,2,0,0,0,0,0,0,0,0,0,0,,,0,1,0,0,0,0,0,0,0,0,0,0,,,
1907,ok,51,1,1,1,1.154017028,1.266341609,0.05147871,1.374855694,0.330317881,0.283340521,17,3,51,1,1,1,0,1,0,0.71832303,0.000781776,5.20E-05,0.174788136,1,0,3,0,0,0,0,0,0,0,0,0,0,,,0,3,0,0,0,0,0,0,0,0,0,0,,,0,2,0,0,0,0,0,0,0,0,0,0,,,0,2,0,0,0,0,0,0,0,0,0,0,,,0,1,0,0,0,0,0,0,0,0,0,0,,,
1912,ok,51,1,1,1,2.176212442,2.64940047,0.454351991,0.808662421,0.529010919,0.272763248,17,3,51,1,1,1,0,1,0,1.18599164,0.043007368,0.002861083,0.307838983,3,0,3,0,0,0,0,0,0,0,0,0,0,,,0,3,0,0,0,0,0,0,0,0,0,0,,,0,2,0,0,0,0,0,0,0,0,0,0,,,0,2,0,0,0,0,0,0,0,0,0,0,,,0,1,0,0,0,0,0,0,0,0,0,0,,,
1958,ok,51,1,1,1,1.493521755,1.88684585,0.262814321,1.940952186,0.863719636,0.070192916,17,3,51,1,1,1,0,1,0,2.757100541,0.001886344,0.00012549,0.108262712,0,0,3,0,0,0,0,0,0,0,0,0,0,,,0,3,0,0,0,0,0,0,0,0,0,0,,,0,2,0,0,0,0,0,0,0,0,0,0,,,0,2,0,0,0,0,0,0,0,0,0,0,,,0,1,0,0,0,0,0,0,0,0,0,0,,,
1975,ok,51,1,1,1,1.470583845,0.522763103,0.159314616,0.817323457,0.255461391,0.098996297,0,3,0,0,0,0,0,0,0,0,0,0,,,0,3,0,0,0,0,0,0,0,0,0,0,,,17,3,51,1,1,1,0,1,0,0.371393546,0.002193058,3.72E-05,0.906779661,53,0,2,0,0,0,0,0,0,0,0,0,0,,,0,2,0,0,0,0,0,0,0,0,0,0,,,0,1,0,0,0,0,0,0,0,0,0,0,,,
1387,ok,45,1,1,1,1.497314805,1.592365329,0.100942657,1.07608136,0.833273953,0.133749685,15,3,45,1,1,1,0,0,0,2.946670389,4.18E-05,2.78E-06,0.108262712,0,0,3,0,0,0,0,0,0,0,0,0,0,,,0,3,0,0,0,0,0,0,0,0,0,0,,,0,2,0,0,0,0,0,0,0,0,0,0,,,0,2,0,0,0,0,0,0,0,0,0,0,,,0,1,0,0,0,0,0,0,0,0,0,0,,,
164,ok,45,1,1,0,1.519956001,0.18163005,0.050067636,2.155994524,0.539967685,0.057552949,0,3,0,0,0,0,0,0,0,0,0,0,,,0,3,0,0,0,0,0,0,0,0,0,0,,,15,3,45,1,1,0,1,0,0,0.044119295,0.000120762,2.05E-06,0.228813559,13,0,2,0,0,0,0,0,0,0,0,0,0,,,0,2,0,0,0,0,0,0,0,0,0,0,,,0,1,0,0,0,0,0,0,0,0,0,0,,,
451,ok,36,2,1,1,1.888507744,1.925483293,0.062387768,1.077494625,0.889240951,0.324746327,12,3,36,2,1,1,0,1,1,2.713502537,0.001470464,9.78E-05,0.108262712,0,0,3,0,0,0,0,0,0,0,0,0,0,,,0,3,0,0,0,0,0,0,0,0,0,0,,,0,2,0,0,0,0,0,0,0,0,0,0,,,0,2,0,0,0,0,0,0,0,0,0,0,,,0,1,0,0,0,0,0,0,0,0,0,0,,,
625,ok,36,2,1,1,1.227871711,2.242510252,0.076132846,2.107284618,0.864060168,0.225598333,12,3,36,2,1,1,0,1,1,2.801615459,0.00026412,1.76E-05,0.108262712,0,0,3,0,0,0,0,0,0,0,0,0,0,,,0,3,0,0,0,0,0,0,0,0,0,0,,,0,2,0,0,0,0,0,0,0,0,0,0,,,0,2,0,0,0,0,0,0,0,0,0,0,,,0,1,0,0,0,0,0,0,0,0,0,0,,,
808,ok,36,2,1,1,1.67889023,0.087798115,1.783801172,0.529830679,0.783660687,0.830681792,0,3,0,0,0,0,0,0,0,0,0,0,,,12,3,36,2,1,1,0,1,1,1.086868921,0.03967426,0.001311268,0.132627119,2,0,3,0,0,0,0,0,0,0,0,0,0,,,0,2,0,0,0,0,0,0,0,0,0,0,,,0,2,0,0,0,0,0,0,0,0,0,0,,,0,1,0,0,0,0,0,0,0,0,0,0,,,
1198,ok,36,2,1,1,1.678210755,2.384454496,0.070276335,2.434466558,0.815989249,0.269860468,12,3,36,2,1,1,0,1,1,3.08542594,0.000911172,6.06E-05,0.108262712,0,0,3,0,0,0,0,0,0,0,0,0,0,,,0,3,0,0,0,0,0,0,0,0,0,0,,,0,2,0,0,0,0,0,0,0,0,0,0,,,0,2,0,0,0,0,0,0,0,0,0,0,,,0,1,0,0,0,0,0,0,0,0,0,0,,,
1217,ok,36,2,1,1,2.121399833,1.969604219,0.123536444,0.912332297,0.761737795,0.34011722,12,3,36,2,1,1,0,1,1,3.639593105,0.027746396,0.001845841,0.108262712,0,0,3,0,0,0,0,0,0,0,0,0,0,,,0,3,0,0,0,0,0,0,0,0,0,0,,,0,2,0,0,0,0,0,0,0,0,0,0,,,0,2,0,0,0,0,0,0,0,0,0,0,,,0,1,0,0,0,0,0,0,0,0,0,0,,,
1335,ok,36,2,1,1,2.28370859,2.614827476,0.078975366,1.055109868,0.809295597,0.313871229,12,3,36,2,1,1,0,1,1,3.220214971,0.006827788,0.000454221,0.108262712,0,0,3,0,0,0,0,0,0,0,0,0,0,,,0,3,0,0,0,0,0,0,0,0,0,0,,,0,2,0,0,0,0,0,0,0,0,0,0,,,0,2,0,0,0,0,0,0,0,0,0,0,,,0,1,0,0,0,0,0,0,0,0,0,0,,,
1747,ok,36,2,1,1,2.319517554,1.91307944,0.26886195,1.702665565,0.763471957,0.290572942,12,3,36,2,1,1,0,1,1,3.616974308,0.056949223,0.003788571,0.108262712,0,0,3,0,0,0,0,0,0,0,0,0,0,,,0,3,0,0,0,0,0,0,0,0,0,0,,,0,2,0,0,0,0,0,0,0,0,0,0,,,0,2,0,0,0,0,0,0,0,0,0,0,,,0,1,0,0,0,0,0,0,0,0,0,0,,,
317,ok,17,1,1,1,1.173638094,0.240359628,1.408400664,1.021230136,0.459233256,0.096118275,0,3,0,0,0,0,0,0,0,0,0,0,,,0,3,0,0,0,0,0,0,0,0,0,0,,,0,3,0,0,0,0,0,0,0,0,0,0,,,0,2,0,0,0,0,0,0,0,0,0,0,,,0,2,0,0,0,0,0,0,0,0,0,0,,,17,1,17,1,1,1,0,1,0,0.7910016,14.81300007,0.502135595,0.550847458,1,
919,ok,17,1,1,1,2.439400768,0.2635935,1.376034376,0.900473598,0.141371887,0.19867145,0,3,0,0,0,0,0,0,0,0,0,0,,,0,3,0,0,0,0,0,0,0,0,0,0,,,0,3,0,0,0,0,0,0,0,0,0,0,,,0,2,0,0,0,0,0,0,0,0,0,0,,,0,2,0,0,0,0,0,0,0,0,0,0,,,17,1,17,1,1,1,0,1,0,0.904058256,28.06092133,0.951217672,0.516949153,0,
1154,ok,17,1,1,1,2.43867396,0.111021179,1.329061713,0.909848076,0.188895436,0.147468727,0,3,0,0,0,0,0,0,0,0,0,0,,,0,3,0,0,0,0,0,0,0,0,0,0,,,0,3,0,0,0,0,0,0,0,0,0,0,,,0,2,0,0,0,0,0,0,0,0,0,0,,,0,2,0,0,0,0,0,0,0,0,0,0,,,17,1,17,1,1,1,0,1,0,0.835079973,20.3494814,0.689812929,0.516949153,0,
1504,ok,17,1,1,1,1.293398841,0.373284046,1.339603731,0.793483844,0.211513932,0.273851817,0,3,0,0,0,0,0,0,0,0,0,0,,,0,3,0,0,0,0,0,0,0,0,0,0,,,0,3,0,0,0,0,0,0,0,0,0,0,,,0,2,0,0,0,0,0,0,0,0,0,0,,,0,2,0,0,0,0,0,0,0,0,0,0,,,17,1,17,1,1,1,0,1,0,0.982053248,23.7584073,0.805369739,0.516949153,0,
7,ok,0,0,0,0,2.424427518,1.584427025,0.17295141,2.200959644,0.17439421,0.178483724,0,3,0,0,0,0,0,0,0,0,0,0,,,0,3,0,0,0,0,0,0,0,0,0,0,,,0,3,0,0,0,0,0,0,0,0,0,0,,,0,2,0,0,0,0,0,0,0,0,0,0,,,0,2,0,0,0,0,0,0,0,0,0,0,,,0,1,0,0,0,0,0,0,0,0,0,0,,,
9,ok,0,0,0,0,1.968157492,2.90180097,0.4737592,0.997613154,0.540293566,0.074094489,0,3,0,0,0,0,0,0,0,0,0,0,,,0,3,0,0,0,0,0,0,0,0,0,0,,,0,3,0,0,0,0,0,0,0,0,0,0,,,0,2,0,0,0,0,0,0,0,0,0,0,,,0,2,0,0,0,0,0,0,0,0,0,0,,,0,1,0,0,0,0,0,0,0,0,0,0,,,
93,ok,0,0,0,0,1.184046275,1.501556497,0.1402144,1.444905576,0.247956302,0.11964614,0,3,0,0,0,0,0,0,0,0,0,0,,,0,3,0,0,0,0,0,0,0,0,0,0,,,0,3,0,0,0,0,0,0,0,0,0,0,,,0,2,0,0,0,0,0,0,0,0,0,0,,,0,2,0,0,0,0,0,0,0,0,0,0,,,0,1,0,0,0,0,0,0,0,0,0,0,,,
120,ok,0,0,0,0,1.087292272,3.044791074,0.128417903,1.035320346,0.128812008,0.02049248,0,3,0,0,0,0,0,0,0,0,0,0,,,0,3,0,0,0,0,0,0,0,0,0,0,,,0,3,0,0,0,0,0,0,0,0,0,0,,,0,2,0,0,0,0,0,0,0,0,0,0,,,0,2,0,0,0,0,0,0,0,0,0,0,,,0,1,0,0,0,0,0,0,0,0,0,0,,,
240,ok,0,0,0,0,1.108040762,2.306299833,0.568277513,1.096421596,0.166127735,0.179329027,0,3,0,0,0,0,0,0,0,0,0,0,,,0,3,0,0,0,0,0,0,0,0,0,0,,,0,3,0,0,0,0,0,0,0,0,0,0,,,0,2,0,0,0,0,0,0,0,0,0,0,,,0,2,0,0,0,0,0,0,0,0,0,0,,,0,1,0,0,0,0,0,0,0,0,0,0,,,
256,ok,0,0,0,0,2.45966254,2.095549113,0.10665016,0.943568487,0.190437507,0.079232506,0,3,0,0,0,0,0,0,0,0,0,0,,,0,3,0,0,0,0,0,0,0,0,0,0,,,0,3,0,0,0,0,0,0,0,0,0,0,,,0,2,0,0,0,0,0,0,0,0,0,0,,,0,2,0,0,0,0,0,0,0,0,0,0,,,0,1,0,0,0,0,0,0,0,0,0,0,,,
289,ok,0,0,0,0,1.793718447,3.764153953,0.151323806,1.9620396,0.542265126,0.041294533,0,3,0,0,0,0,0,0,0,0,0,0,,,0,3,0,0,0,0,0,0,0,0,0,0,,,0,3,0,0,0,0,0,0,0,0,0,0,,,0,2,0,0,0,0,0,0,0,0,0,0,,,0,2,0,0,0,0,0,0,0,0,0,0,,,0,1,0,0,0,0,0,0,0,0,0,0,,,
383,ok,0,0,0,0,1.328012464,1.049329653,0.05740877,1.861160307,0.400651986,0.091526368,0,3,0,0,0,0,0,0,0,0,0,0,,,0,3,0,0,0,0,0,0,0,0,0,0,,,0,3,0,0,0,0,0,0,0,0,0,0,,,0,2,0,0,0,0,0,0,0,0,0,0,,,0,2,0,0,0,0,0,0,0,0,0,0,,,0,1,0,0,0,0,0,0,0,0,0,0,,,
427,ok,0,0,0,0,2.055794036,1.135478186,0.493825304,1.154691309,0.155732645,0.063342335,0,3,0,0,0,0,0,0,0,0,0,0,,,0,3,0,0,0,0,0,0,0,0,0,0,,,0,3,0,0,0,0,0,0,0,0,0,0,,,0,2,0,0,0,0,0,0,0,0,0,0,,,0,2,0,0,0,0,0,0,0,0,0,0,,,0,1,0,0,0,0,0,0,0,0,0,0,,,
506,ok,0,0,0,0,1.305495561,0.874698501,0.121243994,1.170603428,0.12935638,0.104244801,0,3,0,0,0,0,0,0,0,0,0,0,,,0,3,0,0,0,0,0,0,0,0,0,0,,,0,3,0,0,0,0,0,0,0,0,0,0,,,0,2,0,0,0,0,0,0,0,0,0,0,,,0,2,0,0,0,0,0,0,0,0,0,0,,,0,1,0,0,0,0,0,0,0,0,0,0,,,
582,ok,0,0,0,0,2.168708306,1.110539034,0.113088283,1.01969922,0.23941559,0.101006632,0,3,0,0,0,0,0,0,0,0,0,0,,,0,3,0,0,0,0,0,0,0,0,0,0,,,0,3,0,0,0,0,0,0,0,0,0,0,,,0,2,0,0,0,0,0,0,0,0,0,0,,,0,2,0,0,0,0,0,0,0,0,0,0,,,0,1,0,0,0,0,0,0,0,0,0,0,,,
663,ok,0,0,0,0,1.211596505,2.959174136,0.056955915,1.118662883,0.245770801,0.099611723,0,3,0,0,0,0,0,0,0,0,0,0,,,0,3,0,0,0,0,0,0,0,0,0,0,,,0,3,0,0,0,0,0,0,0,0,0,0,,,0,2,0,0,0,0,0,0,0,0,0,0,,,0,2,0,0,0,0,0,0,0,0,0,0,,,0,1,0,0,0,0,0,0,0,0,0,0,,,
692,ok,0,0,0,0,1.669893986,0.838545567,0.415634084,1.310312589,0.100977962,0.124116379,0,3,0,0,0,0,0,0,0,0,0,0,,,0,3,0,0,0,0,0,0,0,0,0,0,,,0,3,0,0,0,0,0,0,0,0,0,0,,,0,2,0,0,0,0,0,0,0,0,0,0,,,0,2,0,0,0,0,0,0,0,0,0,0,,,0,1,0,0,0,0,0,0,0,0,0,0,,,
714,ok,0,0,0,0,1.347508021,2.885291912,0.052643465,1.748065996,0.192565637,0.228086159,0,3,0,0,0,0,0,0,0,0,0,0,,,0,3,0,0,0,0,0,0,0,0,0,0,,,0,3,0,0,0,0,0,0,0,0,0,0,,,0,2,0,0,0,0,0,0,0,0,0,0,,,0,2,0,0,0,0,0,0,0,0,0,0,,,0,1,0,0,0,0,0,0,0,0,0,0,,,
940,ok,0,0,0,0,1.693136702,0.695798588,0.286917125,1.274597322,0.203706111,0.073972719,0,3,0,0,0,0,0,0,0,0,0,0,,,0,3,0,0,0,0,0,0,0,0,0,0,,,0,3,0,0,0,0,0,0,0,0,0,0,,,0,2,0,0,0,0,0,0,0,0,0,0,,,0,2,0,0,0,0,0,0,0,0,0,0,,,0,1,0,0,0,0,0,0,0,0,0,0,,,
1085,ok,0,0,0,0,1.220080876,1.450623731,0.076790326,0.791479859,0.327129613,0.092614156,0,3,0,0,0,0,0,0,0,0,0,0,,,0,3,0,0,0,0,0,0,0,0,0,0,,,0,3,0,0,0,0,0,0,0,0,0,0,,,0,2,0,0,0,0,0,0,0,0,0,0,,,0,2,0,0,0,0,0,0,0,0,0,0,,,0,1,0,0,0,0,0,0,0,0,0,0,,,
1092,ok,0,0,0,0,1.729438197,2.3698091,0.387614709,1.244296388,0.535782304,0.080704956,0,3,0,0,0,0,0,0,0,0,0,0,,,0,3,0,0,0,0,0,0,0,0,0,0,,,0,3,0,0,0,0,0,0,0,0,0,0,,,0,2,0,0,0,0,0,0,0,0,0,0,,,0,2,0,0,0,0,0,0,0,0,0,0,,,0,1,0,0,0,0,0,0,0,0,0,0,,,
1109,ok,0,0,0,0,1.78979837,3.453834655,0.396881921,1.332423792,0.141810473,0.01007938,0,3,0,0,0,0,0,0,0,0,0,0,,,0,3,0,0,0,0,0,0,0,0,0,0,,,0,3,0,0,0,0,0,0,0,0,0,0,,,0,2,0,0,0,0,0,0,0,0,0,0,,,0,2,0,0,0,0,0,0,0,0,0,0,,,0,1,0,0,0,0,0,0,0,0,0,0,,,
1124,ok,0,0,0,0,1.079996555,2.285906974,0.356708906,1.347961665,0.171248786,0.145409925,0,3,0,0,0,0,0,0,0,0,0,0,,,0,3,0,0,0,0,0,0,0,0,0,0,,,0,3,0,0,0,0,0,0,0,0,0,0,,,0,2,0,0,0,0,0,0,0,0,0,0,,,0,2,0,0,0,0,0,0,0,0,0,0,,,0,1,0,0,0,0,0,0,0,0,0,0,,,
1135,ok,0,0,0,0,1.560207359,2.465439796,0.52998453,1.855136246,0.282230569,0.07609427,0,3,0,0,0,0,0,0,0,0,0,0,,,0,3,0,0,0,0,0,0,0,0,0,0,,,0,3,0,0,0,0,0,0,0,0,0,0,,,0,2,0,0,0,0,0,0,0,0,0,0,,,0,2,0,0,0,0,0,0,0,0,0,0,,,0,1,0,0,0,0,0,0,0,0,0,0,,,
1153,ok,0,0,0,0,1.480908955,2.461275732,0.060781518,1.82221071,0.544906423,0.082859215,0,3,0,0,0,0,0,0,0,0,0,0,,,0,3,0,0,0,0,0,0,0,0,0,0,,,0,3,0,0,0,0,0,0,0,0,0,0,,,0,2,0,0,0,0,0,0,0,0,0,0,,,0,2,0,0,0,0,0,0,0,0,0,0,,,0,1,0,0,0,0,0,0,0,0,0,0,,,
1183,ok,0,0,0,0,2.164108629,0.539657331,0.087868916,1.503335755,0.175461269,0.22255063,0,3,0,0,0,0,0,0,0,0,0,0,,,0,3,0,0,0,0,0,0,0,0,0,0,,,0,3,0,0,0,0,0,0,0,0,0,0,,,0,2,0,0,0,0,0,0,0,0,0,0,,,0,2,0,0,0,0,0,0,0,0,0,0,,,0,1,0,0,0,0,0,0,0,0,0,0,,,
1291,ok,0,0,0,0,1.054536903,1.008545083,0.116622298,1.291231109,0.153827817,0.268633335,0,3,0,0,0,0,0,0,0,0,0,0,,,0,3,0,0,0,0,0,0,0,0,0,0,,,0,3,0,0,0,0,0,0,0,0,0,0,,,0,2,0,0,0,0,0,0,0,0,0,0,,,0,2,0,0,0,0,0,0,0,0,0,0,,,0,1,0,0,0,0,0,0,0,0,0,0,,,
1292,ok,0,0,0,0,1.194209689,0.746959705,0.073041489,2.166113019,0.103252972,0.020734959,0,3,0,0,0,0,0,0,0,0,0,0,,,0,3,0,0,0,0,0,0,0,0,0,0,,,0,3,0,0,0,0,0,0,0,0,0,0,,,0,2,0,0,0,0,0,0,0,0,0,0,,,0,2,0,0,0,0,0,0,0,0,0,0,,,0,1,0,0,0,0,0,0,0,0,0,0,,,
1313,ok,0,0,0,0,2.024224991,3.691065781,0.185864058,1.812261053,0.111148586,0.097436369,0,3,0,0,0,0,0,0,0,0,0,0,,,0,3,0,0,0,0,0,0,0,0,0,0,,,0,3,0,0,0,0,0,0,0,0,0,0,,,0,2,0,0,0,0,0,0,0,0,0,0,,,0,2,0,0,0,0,0,0,0,0,0,0,,,0,1,0,0,0,0,0,0,0,0,0,0,,,
1347,ok,0,0,0,0,1.866064719,3.682061116,0.143356221,0.810239733,0.140163656,0.212427704,0,3,0,0,0,0,0,0,0,0,0,0,,,0,3,0,0,0,0,0,0,0,0,0,0,,,0,3,0,0,0,0,0,0,0,0,0,0,,,0,2,0,0,0,0,0,0,0,0,0,0,,,0,2,0,0,0,0,0,0,0,0,0,0,,,0,1,0,0,0,0,0,0,0,0,0,0,,,
1405,ok,0,0,0,0,2.466560893,0.869699656,0.084531059,2.069079955,0.18353124,0.160270779,0,3,0,0,0,0,0,0,0,0,0,0,,,0,3,0,0,0,0,0,0,0,0,0,0,,,0,3,0,0,0,0,0,0,0,0,0,0,,,0,2,0,0,0,0,0,0,0,0,0,0,,,0,2,0,0,0,0,0,0,0,0,0,0,,,0,1,0,0,0,0,0,0,0,0,0,0,,,
1417,ok,0,0,0,0,1.194697584,3.138920382,0.081111722,1.867179424,0.150029238,0.140008602,0,3,0,0,0,0,0,0,0,0,0,0,,,0,3,0,0,0,0,0,0,0,0,0,0,,,0,3,0,0,0,0,0,0,0,0,0,0,,,0,2,0,0,0,0,0,0,0,0,0,0,,,0,2,0,0,0,0,0,0,0,0,0,0,,,0,1,0,0,0,0,0,0,0,0,0,0,,,
1428,ok,0,0,0,0,2.134600733,2.020205968,0.192620638,1.619852366,0.199518256,0.07296061,0,3,0,0,0,0,0,0,0,0,0,0,,,0,3,0,0,0,0,0,0,0,0,0,0,,,0,3,0,0,0,0,0,0,0,0,0,0,,,0,2,0,0,0,0,0,0,0,0,0,0,,,0,2,0,0,0,0,0,0,0,0,0,0,,,0,1,0,0,0,0,0,0,0,0,0,0,,,
1498,ok,0,0,0,0,1.160666735,3.292121819,0.073774963,1.015186325,0.107475718,0.210664375,0,3,0,0,0,0,0,0,0,0,0,0,,,0,3,0,0,0,0,0,0,0,0,0,0,,,0,3,0,0,0,0,0,0,0,0,0,0,,,0,2,0,0,0,0,0,0,0,0,0,0,,,0,2,0,0,0,0,0,0,0,0,0,0,,,0,1,0,0,0,0,0,0,0,0,0,0,,,
1508,ok,0,0,0,0,1.803975599,0.728439906,0.21481081,1.366083317,0.180937983,0.103425776,0,3,0,0,0,0,0,0,0,0,0,0,,,0,3,0,0,0,0,0,0,0,0,0,0,,,0,3,0,0,0,0,0,0,0,0,0,0,,,0,2,0,0,0,0,0,0,0,0,0,0,,,0,2,0,0,0,0,0,0,0,0,0,0,,,0,1,0,0,0,0,0,0,0,0,0,0,,,
1528,ok,0,0,0,0,2.444848544,2.782502971,0.131702219,1.824446633,0.407728559,0.004102177,0,3,0,0,0,0,0,0,0,0,0,0,,,0,3,0,0,0,0,0,0,0,0,0,0,,,0,3,0,0,0,0,0,0,0,0,0,0,,,0,2,0,0,0,0,0,0,0,0,0,0,,,0,2,0,0,0,0,0,0,0,0,0,0,,,0,1,0,0,0,0,0,0,0,0,0,0,,,
1563,ok,0,0,0,0,1.749725694,1.338307966,0.406314247,1.306750148,0.137430497,0.086909231,0,3,0,0,0,0,0,0,0,0,0,0,,,0,3,0,0,0,0,0,0,0,0,0,0,,,0,3,0,0,0,0,0,0,0,0,0,0,,,0,2,0,0,0,0,0,0,0,0,0,0,,,0,2,0,0,0,0,0,0,0,0,0,0,,,0,1,0,0,0,0,0,0,0,0,0,0,,,
1570,ok,0,0,0,0,1.851510613,3.879733847,0.630360504,2.267066026,0.222886011,0.145940673,0,3,0,0,0,0,0,0,0,0,0,0,,,0,3,0,0,0,0,0,0,0,0,0,0,,,0,3,0,0,0,0,0,0,0,0,0,0,,,0,2,0,0,0,0,0,0,0,0,0,0,,,0,2,0,0,0,0,0,0,0,0,0,0,,,0,1,0,0,0,0,0,0,0,0,0,0,,,
1701,ok,0,0,0,0,1.91488686,3.195363421,0.056335869,1.291259661,0.209128809,0.19940018,0,3,0,0,0,0,0,0,0,0,0,0,,,0,3,0,0,0,0,0,0,0,0,0,0,,,0,3,0,0,0,0,0,0,0,0,0,0,,,0,2,0,0,0,0,0,0,0,0,0,0,,,0,2,0,0,0,0,0,0,0,0,0,0,,,0,1,0,0,0,0,0,0,0,0,0,0,,,
1811,ok,0,0,0,0,1.534508296,0.917177448,0.07205758,1.915652387,0.294924775,0.0943618,0,3,0,0,0,0,0,0,0,0,0,0,,,0,3,0,0,0,0,0,0,0,0,0,0,,,0,3,0,0,0,0,0,0,0,0,0,0,,,0,2,0,0,0,0,0,0,0,0,0,0,,,0,2,0,0,0,0,0,0,0,0,0,0,,,0,1,0,0,0,0,0,0,0,0,0,0,,,
1853,ok,0,0,0,0,1.268937068,1.427358295,0.194354325,1.937050832,0.122174854,0.102258063,0,3,0,0,0,0,0,0,0,0,0,0,,,0,3,0,0,0,0,0,0,0,0,0,0,,,0,3,0,0,0,0,0,0,0,0,0,0,,,0,2,0,0,0,0,0,0,0,0,0,0,,,0,2,0,0,0,0,0,0,0,0,0,0,,,0,1,0,0,0,0,0,0,0,0,0,0,,,
1895,ok,0,0,0,0,1.974554838,0.548451787,0.057436975,0.893827229,0.144675583,0.21978485,0,3,0,0,0,0,0,0,0,0,0,0,,,0,3,0,0,0,0,0,0,0,0,0,0,,,0,3,0,0,0,0,0,0,0,0,0,0,,,0,2,0,0,0,0,0,0,0,0,0,0,,,0,2,0,0,0,0,0,0,0,0,0,0,,,0,1,0,0,0,0,0,0,0,0,0,0,,,
1905,ok,0,0,0,0,1.189853836,1.447748194,0.418253109,2.243350047,0.108540423,0.074604415,0,3,0,0,0,0,0,0,0,0,0,0,,,0,3,0,0,0,0,0,0,0,0,0,0,,,0,3,0,0,0,0,0,0,0,0,0,0,,,0,2,0,0,0,0,0,0,0,0,0,0,,,0,2,0,0,0,0,0,0,0,0,0,0,,,0,1,0,0,0,0,0,0,0,0,0,0,,,
1931,ok,0,0,0,0,1.371417782,2.427570704,0.076631221,2.431777609,0.170444257,0.217721538,0,3,0,0,0,0,0,0,0,0,0,0,,,0,3,0,0,0,0,0,0,0,0,0,0,,,0,3,0,0,0,0,0,0,0,0,0,0,,,0,2,0,0,0,0,0,0,0,0,0,0,,,0,2,0,0,0,0,0,0,0,0,0,0,,,0,1,0,0,0,0,0,0,0,0,0,0,,,
1940,ok,0,0,0,0,2.244030537,1.161355221,0.113881015,0.88663238,0.543391593,0.038309907,0,3,0,0,0,0,0,0,0,0,0,0,,,0,3,0,0,0,0,0,0,0,0,0,0,,,0,3,0,0,0,0,0,0,0,0,0,0,,,0,2,0,0,0,0,0,0,0,0,0,0,,,0,2,0,0,0,0,0,0,0,0,0,0,,,0,1,0,0,0,0,0,0,0,0,0,0,,,
1973,ok,0,0,0,0,1.422785213,3.288400443,0.145280274,1.070430348,0.128058163,0.132659721,0,3,0,0,0,0,0,0,0,0,0,0,,,0,3,0,0,0,0,0,0,0,0,0,0,,,0,3,0,0,0,0,0,0,0,0,0,0,,,0,2,0,0,0,0,0,0,0,0,0,0,,,0,2,0,0,0,0,0,0,0,0,0,0,,,0,1,0,0,0,0,0,0,0,0,0,0,,,
1057,ok,-55,41,6,6,2.337820641,0.080042519,0.59840558,1.988372028,0.84421711,0.541776022,17,3,51,2,1,1,1,1,1,2.620571489,1.044654974,0.069496115,0.108262712,0,20,3,60,1,1,1,1,0,0,1.153539227,4.28E-09,1.41E-10,0.628389831,17,20,3,60,1,1,1,1,0,0,1.149336192,3.06E-09,5.19E-11,0.56779661,33,-80,2,-160,21,1,1,1,0,20,1.104459947,2.81E-14,6.91E-16,2.438559322,56,-38,2,-76,13,1,1,1,1,12,1.177950001,0.773422689,0.010487087,0.608474576,37,10,1,10,3,1,1,1,0,2,1.10445999,2.79E-09,9.46E-11,2.211864407,50,